agency_item_id,item_code,description,unit,contracts_in_window,urban_contracts_in_window,median_unit_price,p25,p75,total_observations
co_cdot_613-10000,613-10000,Wiring,L S,85,35,38000.00,19380.00,78650.00,94
co_cdot_613-01200,613-01200,2 Inch Electrical Conduit (Plastic),LF,68,24,28.88,22.98,40.20,70
co_cdot_613-07004,613-07004,Type Four Pull Box,EACH,57,27,3038.00,2700.00,3550.00,58
co_cdot_613-00206,613-00206,2 Inch Electrical Conduit (Bored),LF,56,25,29.50,24.96,46.53,56
co_cdot_613-00306,613-00306,3 Inch Electrical Conduit (Bored),LF,50,24,34.80,27.42,60.00,52
co_cdot_613-07002,613-07002,Type Two Pull Box,EACH,50,21,1952.34,1600.15,2365.00,52
co_cdot_613-01300,613-01300,3 Inch Electrical Conduit (Plastic),LF,40,19,29.74,24.88,41.11,40
co_cdot_613-00200,613-00200,2 Inch Electrical Conduit,LF,38,18,31.37,25.00,41.65,38
co_cdot_613-40010,613-40010,Light Standard Foundation,EACH,38,13,5100.00,4257.25,7475.00,39
co_cdot_613-07005,613-07005,Type Five Pull Box,EACH,34,15,3997.00,3552.20,4959.50,35
co_cdot_613-07003,613-07003,Type Three Pull Box,EACH,26,13,2062.82,1875.61,2315.00,26
co_cdot_613-40000,613-40000,Concrete Foundation Pad,EACH,26,12,3410.16,1728.31,4485.00,30
co_cdot_613-07001,613-07001,Type One Pull Box,EACH,22,9,1595.40,1403.73,1800.00,22
co_cdot_613-13008,613-13008,"Luminaire (LED) (8,000 Lumens)",EACH,18,10,1507.24,1108.50,1808.57,18
co_cdot_613-01100,613-01100,1 Inch Electrical Conduit (Plastic),LF,16,4,28.75,23.00,50.75,18
co_cdot_613-00300,613-00300,3 Inch Electrical Conduit,LF,14,8,27.80,25.25,32.87,14
co_cdot_613-13000,613-13000,Luminaire (LED) (Special),EACH,14,9,1295.32,1065.76,1583.75,17
co_cdot_613-07000,613-07000,Pull Box (Special),EACH,13,4,2361.12,1600.00,5000.00,13
co_cdot_613-07023,613-07023,"Pull Box (24""x36""x24"")",EACH,10,1,3476.37,2821.38,7572.25,10
co_cdot_613-13006,613-13006,"Luminaire (LED) (6,000 Lumens)",EACH,9,2,2287.82,1316.25,3300.00,9
co_cdot_613-40012,613-40012,Light Standard Foundation Special,EACH,9,4,4975.00,3290.00,8255.53,9
co_cdot_613-13014,613-13014,"Luminaire (LED) (14,000 Lumens)",EACH,8,5,1137.00,1007.45,1232.50,8
co_cdot_613-00100,613-00100,1 Inch Electrical Conduit,LF,7,4,31.66,24.50,52.51,7
co_cdot_613-03492,613-03492,Electrical Conduit (Plastic)(Multiduct)(Bored),LF,7,4,48.04,35.36,102.77,9
co_cdot_613-07010,613-07010,Pull Box (Surface Mounted),EACH,7,0,2411.50,1865.00,3871.18,7
co_cdot_613-07040,613-07040,"Pull Box (30""x48""x24"")",EACH,7,3,3755.00,2887.50,4082.84,7
co_cdot_613-07195,613-07195,Proof Conduit,LF,7,1,3.25,2.19,5.50,7
co_cdot_613-07199,613-07199,Pull Box (Install Only),EACH,7,1,1691.00,1312.50,3417.60,7
co_cdot_613-13010,613-13010,"Luminaire(LED)(10,000 Lumens)",EACH,7,0,1050.00,966.50,1210.00,7
co_cdot_613-13012,613-13012,"Luminaire (LED) (12,000 Lumens)",EACH,7,3,1200.00,1112.17,1236.14,7
co_cdot_613-00102,613-00102,1 Inch Electrical Conduit (Galvanized Rigid Conduit) (Special),LF,6,0,57.53,41.91,83.73,6
co_cdot_613-03491,613-03491,Electrical Conduit (Plastic)(Multiduct),LF,6,3,64.11,30.75,86.10,14
co_cdot_613-07011,613-07011,"Pull Box (11""x18""x12"")",EACH,6,1,1697.47,1390.00,2000.33,6
co_cdot_613-32300,613-32300,Light Standard Steel (30 Foot),EACH,6,0,5472.34,4634.28,6005.71,6
co_cdot_613-34400,613-34400,Light Standard Metal (40 Foot),EACH,6,3,4996.49,4623.24,5075.00,6
co_cdot_613-03500,613-03500,Electrical Conduit (Plastic) (Multiduct) (Special),LF,5,1,70.00,36.04,81.31,5
co_cdot_613-13016,613-13016,"Luminaire (LED) (16,000 Lumens)",EACH,5,2,1025.00,938.56,1100.00,5
co_cdot_613-16000,613-16000,Luminaire (Special),EACH,5,5,2342.60,2282.66,3044.04,8
co_cdot_613-32400,613-32400,Light Standard Steel (40 Foot),EACH,5,3,5783.00,4768.08,7000.00,5
co_cdot_613-00207,613-00207,2 Inch Electrical Conduit (Bridge) (Special),LF,4,1,31.74,27.86,99.00,4
co_cdot_613-07034,613-07034,"Pull Box (24""x36""x18"")",EACH,4,3,2905.00,2610.00,3025.00,4
co_cdot_613-10015,613-10015,Breakaway Wiring System,EACH,4,1,933.91,859.01,1071.10,4
co_cdot_613-30350,613-30350,Light Standard Aluminum (35 Foot),EACH,4,1,5865.00,4975.00,7519.61,4
co_cdot_613-32250,613-32250,Light Standard Steel (25 Foot),EACH,4,2,7099.50,3976.92,12500.00,4
co_cdot_613-34300,613-34300,Light Standard Metal (30 Foot),EACH,4,1,4414.90,4221.88,4603.60,4
co_cdot_613-00125,613-00125,1-1/4 Inch Electrical Conduit,LF,3,0,86.00,62.40,118.00,3
co_cdot_613-00150,613-00150,1-1/2 Inch Electrical Conduit,LF,3,0,61.70,50.84,72.63,3
co_cdot_613-00408,613-00408,4 Inch Electrical Conduit (Bored),LF,3,1,39.00,32.50,46.00,3
co_cdot_613-01202,613-01202,2 Inch Electrical Conduit (Plastic) (Install Only),LF,3,1,25.00,22.50,37.75,4
co_cdot_613-07060,613-07060,"Pull Box (18""x30""x18"") Deep",EACH,3,1,2110.00,2005.00,2401.24,3
co_cdot_613-32350,613-32350,Light Standard Steel (35 Foot),EACH,3,2,4255.00,4249.88,4927.50,3
co_cdot_613-34350,613-34350,Light Standard Metal (35 Foot),EACH,3,2,6342.00,5371.00,6761.00,3
co_cdot_613-00075,613-00075,3/4 Inch Electrical Conduit,LF,2,2,69.06,41.72,96.41,2
co_cdot_613-00210,613-00210,2 Inch Electrical Conduit (Special),LF,2,0,28.33,22.89,33.77,2
co_cdot_613-00400,613-00400,4 Inch Electrical Conduit,LF,2,1,28.50,28.25,28.75,2
co_cdot_613-00600,613-00600,6 Inch Electrical Conduit,LF,2,1,89.20,85.60,92.81,2
co_cdot_613-00607,613-00607,6 Inch Electrical Conduit (Bridge)(Special),LF,2,0,103.72,99.36,108.07,2
co_cdot_613-01075,613-01075,3/4 Inch Electrical Conduit (Plastic),LF,2,2,14.37,14.37,14.37,2
co_cdot_613-01150,613-01150,1-1/2 Inch Electrical Conduit (Plastic),LF,2,2,21.00,20.45,21.55,2
co_cdot_613-04120,613-04120,1 Inch Electrical Conduit (Liquidtight Flexible Metal),LF,2,0,42.88,39.44,46.31,2
co_cdot_613-13002,613-13002,"Luminaire (LED) (2,000 Lumens)",EACH,2,0,901.40,885.70,917.10,2
co_cdot_613-13004,613-13004,"Luminaire (LED) (4,000 Lumens)",EACH,2,1,1315.76,1077.93,1553.58,2
co_cdot_613-13007,613-13007,"Luminaire (LED) (3,000 Lumens)",EACH,2,2,1718.72,1362.14,2075.31,2
co_cdot_613-13011,613-13011,"Luminaire (LED) (11,000 Lumens)",EACH,2,2,1970.01,1938.41,2001.61,2
co_cdot_613-13018,613-13018,"Luminaire (LED) (18,000 Lumens)",EACH,2,0,1708.53,1702.80,1714.26,2
co_cdot_613-13020,613-13020,"Luminaire (LED) (20,000 Lumens)",EACH,2,2,1719.18,1509.59,1928.77,3
co_cdot_613-13025,613-13025,"Luminaire (LED) (25,000 Lumens)",EACH,2,0,1560.00,1380.00,1740.00,2
co_cdot_613-13030,613-13030,"Luminaire (LED)(30,000 Lumens)",EACH,2,1,1844.04,1472.02,2216.06,2
co_cdot_613-13065,613-13065,Luminaire (LED) (5400 Lumens),EACH,2,0,1460.29,1242.64,1677.93,2
co_cdot_613-32252,613-32252,Light Standard Steel (25 Foot) (2-Arm),EACH,2,2,4025.64,3842.27,4209.01,2
co_cdot_613-32302,613-32302,Light Standard Steel (30 Foot) (2-Arm),EACH,2,0,9317.95,8397.47,10238.44,2
co_cdot_613-34140,613-34140,Light Standard Metal (14 Foot),EACH,2,2,3177.39,3000.85,3353.94,2
co_cdot_613-34150,613-34150,Light Standard Metal (15 Foot),EACH,2,1,2167.55,1526.33,2808.78,2
co_cdot_613-34250,613-34250,Light Standard Metal (25 Foot),EACH,2,0,4080.00,3970.00,4190.00,2
co_cdot_613-34303,613-34303,Light Standard Metal (30 Foot) (2 Arm) (Spec),EACH,2,0,6933.50,6800.25,7066.75,2
co_cdot_613-34352,613-34352,Light Standard Metal (35 Foot) (Special) (2 Arm),EACH,2,1,8818.82,6609.41,11028.23,2
co_cdot_613-40015,613-40015,Light Standard Anchor,EACH,2,1,3050.00,3025.00,3075.00,2
co_cdot_613-00050,613-00050,1/2 Inch Electrical Conduit,LF,1,1,46.41,46.41,46.41,1
co_cdot_613-00208,613-00208,2 Inch Electrical Conduit (Bored) (Install Only),LF,1,1,18.00,18.00,18.00,1
co_cdot_613-00407,613-00407,4 Inch Electrical Conduit (Bridge)(Special),LF,1,1,28.00,28.00,28.00,1
co_cdot_613-04000,613-04000,Conduit (Install Only),LF,1,1,5.00,5.00,5.00,1
co_cdot_613-04010,613-04010,Conduit,L S,1,0,7250.00,7250.00,7250.00,1
co_cdot_613-04125,613-04125,1-1/4 Inch Electrical Conduit (Liquidtight Flexible Metal),LF,1,1,138.13,138.13,138.13,1
co_cdot_613-07030,613-07030,"Pull Box (24""x16""x24"")",EACH,1,0,2300.00,2300.00,2300.00,1
co_cdot_613-07032,613-07032,"Pull Box (24""x24""x24"")",EACH,1,0,2800.00,2800.00,2800.00,1
co_cdot_613-07050,613-07050,"Pull Box (13""x24""x18"") Deep",EACH,1,0,1720.00,1720.00,1720.00,1
co_cdot_613-16010,613-16010,Light Standard and Luminaire (Decorative),EACH,1,0,9200.00,9200.00,9200.00,1
co_cdot_613-30005,613-30005,Light Standard and Luminaire (Pedestrian),EACH,1,0,5618.00,5618.00,5618.00,1
co_cdot_613-30120,613-30120,Light Standard Aluminum (12 Foot),EACH,1,0,3927.30,3927.30,3927.30,1
co_cdot_613-30352,613-30352,Light Standard Aluminum (35 Foot) (2-Arm),EACH,1,0,10200.00,10200.00,10200.00,1
co_cdot_613-30400,613-30400,Light Standard Aluminum (40 Foot),EACH,1,1,8609.31,8609.31,8609.31,1
co_cdot_613-30402,613-30402,Light Standard Aluminum (40 Foot) (2-Arm),EACH,1,1,7500.00,7500.00,7500.00,1
co_cdot_613-32116,613-32116,Light Standard Steel (10 Foot),EACH,1,0,2200.00,2200.00,2200.00,1
co_cdot_613-32118,613-32118,Light Standard Steel (10 Foot) (2-Arm),EACH,1,0,2500.00,2500.00,2500.00,1
co_cdot_613-32352,613-32352,Light Standard Steel (35 Foot) (2-Arm),EACH,1,0,4925.00,4925.00,4925.00,1
co_cdot_613-32405,613-32405,Light Standard Steel (40 Foot)(2 Arm),EACH,1,0,8969.01,8969.01,8969.01,1
co_cdot_613-33300,613-33300,Light Standard Timber (30 Foot),EACH,1,1,3175.00,3175.00,3175.00,1
co_cdot_613-34200,613-34200,Light Standard Metal (20 Foot),EACH,1,1,9500.00,9500.00,9500.00,1
co_cdot_613-34353,613-34353,Light Standard Metal (35 Foot) (2 Arm),EACH,1,0,7100.00,7100.00,7100.00,1
co_cdot_613-40005,613-40005,Concrete Foundation Pad (Install Only),EACH,1,1,744.00,744.00,744.00,1
co_cdot_613-50410,613-50410,Light Standard (Temporary),EACH,1,0,34078.00,34078.00,34078.00,1
