source_locator,expected_description_raw,corrected_description,correction_reason,reviewed_by,reviewed_on
"aup-january-2021-december-2021.pdf#page=12;row=36;item=6001.59",BENT EXCAVATION,BENT NO.10 EXCAVATION,source_page_visual_review,source_page_visual_review,2026-08-05
"aup-july-2021-june-2022.pdf#page=11;row=23;item=6001.59",BENT EXCAVATION,BENT NO.10 EXCAVATION,source_page_visual_review,source_page_visual_review,2026-08-05
"aup-january-2021-december-2021.pdf#page=18;row=4;item=7500.38","OSTNOLPY, APHREEAFDO RSYMMEBDO PLA, VWEEMTE RNETF MLAERCKTIIVNEG ,P TRYEPFEO 4RMED PAVEMENT MARKING, TYPE","ONLY, PREFORMED PAVEMENT MARKING, TYPE 4",interleaved_adjacent_row_text,source_page_visual_review,2026-08-05
"aup-july-2022-june-2023.pdf#page=18;row=21;item=7500.69","GYIREOLDO VLIENDE, PERMANENT PAVEMENT MARKING","YIELD LINE, PERMANENT PAVEMENT MARKING",interleaved_adjacent_row_text,source_page_visual_review,2026-08-05
"aup-july-2023-june-2024.pdf#page=20;row=7;item=7500.93","RGIRGOHOTV AERDROW, WET REFLECTIVE PREFORMED PAVEMENT MARKING, TYPE 4 GWRROOONVGE WD","RIGHT ARROW, WET REFLECTIVE PREFORMED PAVEMENT MARKING, TYPE 4",interleaved_adjacent_row_text,source_page_visual_review,2026-08-05
"aup-july-2023-june-2024.pdf#page=20;row=8;item=7501.02","GWRROOONVGE WD AY ARROW, PERMANENT PAVEMENT MARKING","WRONG WAY ARROW, PERMANENT PAVEMENT MARKING",interleaved_adjacent_row_text,source_page_visual_review,2026-08-05
"aup-january-2021-december-2021.pdf#page=18;row=33;item=7518.05","152"" ""Y YEELLLLOOWW W WEETT R REEFFLELECCTTIVIVEE P PRREEFFOORRMMEEDD P PAAVVEEMMEENNTT M MAARRKKININGG, T, TYYPPEE 4 ,4 G, ROOVED","5"" YELLOW WET REFLECTIVE PREFORMED PAVEMENT MARKING, TYPE 4, GROOVED",interleaved_adjacent_row_text,source_page_visual_review,2026-08-05
"aup-january-2023-december-2023.pdf#page=19;row=22;item=7518.05","5"" YELLOW WET REFLECTIVE PREFORMED PAVEMENT MARKING, TYPE 4,","5"" YELLOW WET REFLECTIVE PREFORMED PAVEMENT MARKING, TYPE 4, GROOVED",truncated_wrapped_text,source_page_visual_review,2026-08-05
"aup-july-2022-june-2023.pdf#page=19;row=19;item=7520.03","CMRAORKSISNWGA, TLKY,P PEE 4R, MGARNOEONVTE PDAVEMENT MARKING","CROSSWALK, PERMANENT PAVEMENT MARKING",interleaved_adjacent_row_text,source_page_visual_review,2026-08-05
"aup-july-2023-june-2024.pdf#page=21;row=10;item=7520.03","CMRAORKSISNWGA, TLKYP, PEE 4R, MGARNOEONVTE PDAVEMENT MARKING","CROSSWALK, PERMANENT PAVEMENT MARKING",interleaved_adjacent_row_text,source_page_visual_review,2026-08-05
"aup-july-2019-june-2020.pdf#page=28;row=31;item=7541.15","5"" WHITE PREFORMED WET REFLECTIVE CONTRAST PAVEMENT MARKING, TYPE 4, PGARIONOT VSETDRIPING","5"" WHITE PREFORMED WET REFLECTIVE CONTRAST PAVEMENT MARKING, TYPE 4, GROOVED",interleaved_adjacent_row_text,source_page_visual_review,2026-08-05
"aup-july-2020-june-2021.pdf#page=26;row=22;item=7541.15",GROOVED,"5"" WHITE PREFORMED WET REFLECTIVE CONTRAST PAVEMENT MARKING, TYPE 4, GROOVED",truncated_wrapped_text,source_page_visual_review,2026-08-05
"aup-july-2019-june-2020.pdf#page=28;row=32;item=7560.01",PGARIONOT VSETDRIPING,PAINT STRIPING,interleaved_adjacent_row_text,source_page_visual_review,2026-08-05
"aup-july-2022-june-2023.pdf#page=21;row=28;item=9111.00",WOPAETREARTED,WATER,interleaved_adjacent_row_text,source_page_visual_review,2026-08-05
"aup-july-2022-june-2023.pdf#page=18;row=20;item=7500.57","STOP AHEAD SYMBOL, WET REFLECTIVE PREFORMED PAVEMENT MARKING, TYPE 4, GYIREOLDO VLIENDE,","STOP AHEAD SYMBOL, WET REFLECTIVE PREFORMED PAVEMENT MARKING, TYPE 4, GROOVED",interleaved_adjacent_row_text,source_page_visual_review,2026-08-05
"aup-july-2022-june-2023.pdf#page=21;row=27;item=9110.28","RENTAL OF LONG REACH CRAWLER MOUNTED HYDRAULIC EXCAVATOR, FULLY WOPAETREARTED","RENTAL OF LONG REACH CRAWLER MOUNTED HYDRAULIC EXCAVATOR, FULLY OPERATED",interleaved_adjacent_row_text,source_page_visual_review,2026-08-05
"aup-january-2021-december-2021.pdf#page=22;row=27;item=A001.73","PPRROOVVIIDDEE AANNDD IINNSSTTAALLLL DSIUNAGLL PEO PROTR ETV E CV HCAHRAGRIGNIGN GST SATTAIOTINO NW WITHIT HPE WDAELSLT AMLO UNTING","PROVIDE AND INSTALL SINGLE PORT EV CHARGING STATION WITH WALL MOUNTING",source_page_visual_review,source_page_visual_review,2026-08-05
"aup-july-2020-june-2021.pdf#page=31;row=5;item=A001.73","PROVIDE AND INSTALL SINGLE PORT EV CHARGING STATION WITH WALL MOUNTING PROVIDE AND INSTALL DUAL PORT EV CHARGING STATION WITH PEDESTAL","PROVIDE AND INSTALL SINGLE PORT EV CHARGING STATION WITH WALL MOUNTING",source_page_visual_review,source_page_visual_review,2026-08-05
"aup-july-2020-june-2021.pdf#page=31;row=26;item=A004.70","MOUNTING) TRAFFIC SIGNAL, TYPE LS-1B, T16 FACE (W/BACKPLATE & B-4 ALTERNATE","TRAFFIC SIGNAL, TYPE LS-1A, T11 FACE (W/BACKPLATE & B-4 ALTERNATE MOUNTING)",source_page_visual_review,source_page_visual_review,2026-08-05
"aup-july-2020-june-2021.pdf#page=31;row=27;item=A004.71","MOUNTING) TRAFFIC SIGNAL, TYPE LS-1A, T15 FACE (W/BACKPLATE & B-4 ALTERNATE","TRAFFIC SIGNAL, TYPE LS-1B, T16 FACE (W/BACKPLATE & B-4 ALTERNATE MOUNTING)",source_page_visual_review,source_page_visual_review,2026-08-05
"aup-july-2019-june-2020.pdf#page=42;row=16;item=L010.45","RSPEOEDR)O #B1O CL.UGS. HETEROLEPIS (PRAIRIE DROPSEED) #1 CONTAINER","SPOROBOLUS HETEROLEPIS (PRAIRIE DROPSEED) #1 CONTAINER",interleaved_adjacent_row_text,source_page_visual_review,2026-08-05
"aup-july-2019-june-2020.pdf#page=43;row=33;item=L376.25","GQRUOERWCNUS ROBUR X ALBA 'CRIMSON SPIRE' (CRIMSON SPIRE OAK) 2"" CALIPER B&B OQRU ECROCNUTSA IANCEURT GISRSOIMWAN","QUERCUS ROBUR X ALBA 'CRIMSON SPIRE' (CRIMSON SPIRE OAK) 2"" CALIPER B&B OR CONTAINER GROWN",interleaved_adjacent_row_text,source_page_visual_review,2026-08-05
"aup-july-2019-june-2020.pdf#page=43;row=34;item=L376.40","OQRU ECROCNUTSA IANCEURT GISRSOIMWAN (SAWTOOTH OAK) 1/2"" CALIPER B&B OR CONTAINER GROWN","QUERCUS ACUTISSIMA (SAWTOOTH OAK) 1 1/2"" CALIPER B&B OR CONTAINER GROWN",interleaved_adjacent_row_text,source_page_visual_review,2026-08-05
"aup-july-2019-june-2020.pdf#page=44;row=6;item=L455.00","COTINUS COGGYGRIA 'ROYAL PURPLE' (ROYAL PURPLE SMOKEBUSH) 3 GALLON, RCHOUNST AAIRNOERM AGTRICOAW 'NGRO-LOW'","COTINUS COGGYGRIA 'ROYAL PURPLE' (ROYAL PURPLE SMOKEBUSH) 3 GALLON, CONTAINER GROWN",interleaved_adjacent_row_text,source_page_visual_review,2026-08-05
"aup-july-2019-june-2020.pdf#page=44;row=7;item=L559.17","RCHOUNST AAIRNOERM AGTRICOAW 'NGRO-LOW' (GRO-LOW SUMAC) 15""-18"" C.G.","RHUS AROMATICA 'GRO-LOW' (GRO-LOW SUMAC) 15""-18"" C.G.",interleaved_adjacent_row_text,source_page_visual_review,2026-08-05
"aup-july-2019-june-2020.pdf#page=44;row=11;item=L595.00","GARRTOEWMNISIA SCHMIDTIANA 'SILVER MOUND' (ARTEMISIA SILVER MOUND) 1 GALLON CVIOBNUTRANIUNMER GERNOTAWTNUM","ARTEMISIA SCHMIDTIANA 'SILVER MOUND' (ARTEMISIA SILVER MOUND) 1 GALLON CONTAINER GROWN",interleaved_adjacent_row_text,source_page_visual_review,2026-08-05
"aup-july-2019-june-2020.pdf#page=44;row=12;item=L619.58","CVIOBNUTRANIUNMER GERNOTAWTNUM D (ARROWWOOD VIBURNUM) #5 CONTAINER","VIBURNUM DENTATUM (ARROWWOOD VIBURNUM) #5 CONTAINER",interleaved_adjacent_row_text,source_page_visual_review,2026-08-05
"aup-july-2019-june-2020.pdf#page=44;row=13;item=L619.74","VIBURNUM LANTANA 'MOHICAN'(MOHICAN VIBURNUM) 5 GALLON, CONTAINER GACREORW SNACCHARUM","VIBURNUM LANTANA 'MOHICAN'(MOHICAN VIBURNUM) 5 GALLON, CONTAINER GROWN",interleaved_adjacent_row_text,source_page_visual_review,2026-08-05
"aup-july-2019-june-2020.pdf#page=44;row=14;item=L705.74","GACREORW SNACCHARUM ""GREEN MOUNTAIN"" (GREEN MOUNTAIN SUGAR MAPLE) 1 1/2"" CCAELLITPISE RO BC&CBIDENTALIS","ACER SACCHARUM ""GREEN MOUNTAIN"" (GREEN MOUNTAIN SUGAR MAPLE) 1 1/2"" CALIPER B&B",interleaved_adjacent_row_text,source_page_visual_review,2026-08-05
"aup-july-2020-june-2021.pdf#page=42;row=6;item=L705.74",CALIPER B&B,"ACER SACCHARUM ""GREEN MOUNTAIN"" (GREEN MOUNTAIN SUGAR MAPLE) 1 1/2"" CALIPER B&B",truncated_wrapped_text,source_page_visual_review,2026-08-05
"aup-july-2022-june-2023.pdf#page=30;row=10;item=L705.74","ACER SACCHARUM ""GREEN MOUNTAIN"" (GREEN MOUNTAIN SUGAR MAPLE) 1 1/2"" CCAELRICPIESR BA&NBADENSIS","ACER SACCHARUM ""GREEN MOUNTAIN"" (GREEN MOUNTAIN SUGAR MAPLE) 1 1/2"" CALIPER B&B",interleaved_adjacent_row_text,source_page_visual_review,2026-08-05
"aup-july-2019-june-2020.pdf#page=44;row=15;item=L717.18","CCAELLITPISE RO BC&CBIDENTALIS (PRAIRIE PRIDE HACKBERY) 2"" CALIPER B&B","CELTIS OCCIDENTALIS (PRAIRIE PRIDE HACKBERY) 2"" CALIPER B&B",interleaved_adjacent_row_text,source_page_visual_review,2026-08-05
"aup-july-2022-june-2023.pdf#page=30;row=11;item=L720.06","CCAELRICPIESR BA&NBADENSIS C (REDBUD) 6' B&B","CERCIS CANADENSIS (REDBUD) 6' B&B",interleaved_adjacent_row_text,source_page_visual_review,2026-08-05
"aup-july-2019-june-2020.pdf#page=44;row=20;item=L765.18","GLEDITSIA TRIACANTHOS INERMIS 'SHADEMASTER' (SHADEMASTER HGOYMNENYOLCOLCAUDSUTS) D2""IO CIACLUISP E(KRE BN&TBUCKY","GLEDITSIA TRIACANTHOS INERMIS 'SHADEMASTER' (SHADEMASTER HONEYLOCUST) 2"" CALIPER B&B",interleaved_adjacent_row_text,source_page_visual_review,2026-08-05
"aup-july-2019-june-2020.pdf#page=44;row=21;item=L766.21","HGOYMNENYOLCOLCAUDSUTS) D2""IO CIACLUISP E(KRE BN&TBUCKY COFFEETREE) 2"" CALIPER B&B","GYMNOCLADUS DIOICUS (KENTUCKY COFFEETREE) 2"" CALIPER B&B",interleaved_adjacent_row_text,source_page_visual_review,2026-08-05
"aup-july-2019-june-2020.pdf#page=45;row=8;item=L970.10","PANICUM VIRGATUM 'HEAVY METAL' (HEAVY METAL SWITCHGRASS) 1 GALLON, PCAONNITCAUIMNE VRIR GGRAOTWUMN","PANICUM VIRGATUM 'HEAVY METAL' (HEAVY METAL SWITCHGRASS) 1 GALLON, CONTAINER GROWN",interleaved_adjacent_row_text,source_page_visual_review,2026-08-05
"aup-july-2019-june-2020.pdf#page=45;row=9;item=L970.50","PCAONNITCAUIMNE VRIR GGRAOTWUMN 'SHENANDOAH' (SHENANDOAH SWITCHGRASS) 1 GAL.","PANICUM VIRGATUM 'SHENANDOAH' (SHENANDOAH SWITCHGRASS) 1 GAL.",interleaved_adjacent_row_text,source_page_visual_review,2026-08-05
"aup-july-2019-june-2020.pdf#page=45;row=11;item=L980.00","PENNISETUM ALOPECUROIDES 'HAMELN' (DWARF FOUNTAIN GRASS) 2 GALLON, RCEOMNTOAVIEN EPRLA GNRTOSW, RNOCK,","PENNISETUM ALOPECUROIDES 'HAMELN' (DWARF FOUNTAIN GRASS) 2 GALLON, CONTAINER GROWN",interleaved_adjacent_row_text,source_page_visual_review,2026-08-05
"aup-july-2019-june-2020.pdf#page=45;row=12;item=L999.01","RCEOMNTOAVIEN EPRLA GNRTOSW, RNOCK, AND PLASTIC WEED CONTROL FABRIC","REMOVE PLANTS, ROCK, AND PLASTIC WEED CONTROL FABRIC",interleaved_adjacent_row_text,source_page_visual_review,2026-08-05
