conflict_id,agency_item_code,agency_item_id,conflict_type,catalog_description,catalog_unit,annual_description_variants,annual_unit_variants,affected_report_count,affected_source_ids,resolution_status,notes
ne_ndot_identity_conflict_1017.00,1017.00,ne_ndot_1017.00,unit,CONSTRUCTION STAKING AND SURVEYING,LUMP SUM,CONSTRUCTION STAKING AND SURVEYING,LS | MILE,4,ne_ndot_aup_calendar_2018 | ne_ndot_aup_calendar_2024 | ne_ndot_aup_july_june_2017_2018 | ne_ndot_aup_july_june_2023_2024,needs_review,"Do not merge incompatible meanings or units automatically. Review source period, catalog authority, and any effective-date evidence before enabling Nebraska."
ne_ndot_identity_conflict_1017.70,1017.70,ne_ndot_1017.70,unit,,,CONSTRUCTION STAKING,LS | MILE,17,ne_ndot_aup_calendar_2018 | ne_ndot_aup_calendar_2019 | ne_ndot_aup_calendar_2020 | ne_ndot_aup_calendar_2021 | ne_ndot_aup_calendar_2022 | ne_ndot_aup_calendar_2023 | ne_ndot_aup_calendar_2024 | ne_ndot_aup_calendar_2025 | ne_ndot_aup_july_june_2017_2018 | ne_ndot_aup_july_june_2018_2019 | ne_ndot_aup_july_june_2019_2020 | ne_ndot_aup_july_june_2020_2021 | ne_ndot_aup_july_june_2021_2022 | ne_ndot_aup_july_june_2022_2023 | ne_ndot_aup_july_june_2023_2024 | ne_ndot_aup_july_june_2024_2025 | ne_ndot_aup_july_june_2025_2026,needs_review,"Do not merge incompatible meanings or units automatically. Review source period, catalog authority, and any effective-date evidence before enabling Nebraska."
ne_ndot_identity_conflict_3016.22,3016.22,ne_ndot_3016.22,description,CONCRETE CLASS 47B-3500 SIDEWALK,SQ YD,CONCRETE CLASS 47B-3500 SIDEWALKS,SY,17,ne_ndot_aup_calendar_2018 | ne_ndot_aup_calendar_2019 | ne_ndot_aup_calendar_2020 | ne_ndot_aup_calendar_2021 | ne_ndot_aup_calendar_2022 | ne_ndot_aup_calendar_2023 | ne_ndot_aup_calendar_2024 | ne_ndot_aup_calendar_2025 | ne_ndot_aup_july_june_2017_2018 | ne_ndot_aup_july_june_2018_2019 | ne_ndot_aup_july_june_2019_2020 | ne_ndot_aup_july_june_2020_2021 | ne_ndot_aup_july_june_2021_2022 | ne_ndot_aup_july_june_2022_2023 | ne_ndot_aup_july_june_2023_2024 | ne_ndot_aup_july_june_2024_2025 | ne_ndot_aup_july_june_2025_2026,needs_review,"Do not merge incompatible meanings or units automatically. Review source period, catalog authority, and any effective-date evidence before enabling Nebraska."
ne_ndot_identity_conflict_3020.32,3020.32,ne_ndot_3020.32,description,CONCRETE 47B-HE-3500 DRIVEWAY,SQ YD,CONCRETE CLASS 47B-HE-3500 DRIVEWAY,SY,3,ne_ndot_aup_calendar_2018 | ne_ndot_aup_calendar_2025 | ne_ndot_aup_july_june_2025_2026,needs_review,"Do not merge incompatible meanings or units automatically. Review source period, catalog authority, and any effective-date evidence before enabling Nebraska."
ne_ndot_identity_conflict_3300.50,3300.50,ne_ndot_3300.50,unit,PORTLAND CEMENT CONCRETE SMOOTHNESS TESTING,LUMP SUM,PORTLAND CEMENT CONCRETE SMOOTHNESS TESTING,LS | MILE,17,ne_ndot_aup_calendar_2018 | ne_ndot_aup_calendar_2019 | ne_ndot_aup_calendar_2020 | ne_ndot_aup_calendar_2021 | ne_ndot_aup_calendar_2022 | ne_ndot_aup_calendar_2023 | ne_ndot_aup_calendar_2024 | ne_ndot_aup_calendar_2025 | ne_ndot_aup_july_june_2017_2018 | ne_ndot_aup_july_june_2018_2019 | ne_ndot_aup_july_june_2019_2020 | ne_ndot_aup_july_june_2020_2021 | ne_ndot_aup_july_june_2021_2022 | ne_ndot_aup_july_june_2022_2023 | ne_ndot_aup_july_june_2023_2024 | ne_ndot_aup_july_june_2024_2025 | ne_ndot_aup_july_june_2025_2026,needs_review,"Do not merge incompatible meanings or units automatically. Review source period, catalog authority, and any effective-date evidence before enabling Nebraska."
ne_ndot_identity_conflict_4015.75,4015.75,ne_ndot_4015.75,unit,MANHOLE,VERT FT,MANHOLE,VFT,4,ne_ndot_aup_calendar_2018 | ne_ndot_aup_calendar_2020 | ne_ndot_aup_july_june_2018_2019 | ne_ndot_aup_july_june_2020_2021,needs_review,"Do not merge incompatible meanings or units automatically. Review source period, catalog authority, and any effective-date evidence before enabling Nebraska."
ne_ndot_identity_conflict_4015.76,4015.76,ne_ndot_4015.76,unit,MANHOLE,VERT FT,MANHOLE,VFT,2,ne_ndot_aup_calendar_2018 | ne_ndot_aup_july_june_2018_2019,needs_review,"Do not merge incompatible meanings or units automatically. Review source period, catalog authority, and any effective-date evidence before enabling Nebraska."
ne_ndot_identity_conflict_4054.68,4054.68,ne_ndot_4054.68,unit,TEMPORARY SHORING,LUMP SUM,TEMPORARY SHORING,LS | SF,17,ne_ndot_aup_calendar_2018 | ne_ndot_aup_calendar_2019 | ne_ndot_aup_calendar_2020 | ne_ndot_aup_calendar_2021 | ne_ndot_aup_calendar_2022 | ne_ndot_aup_calendar_2023 | ne_ndot_aup_calendar_2024 | ne_ndot_aup_calendar_2025 | ne_ndot_aup_july_june_2017_2018 | ne_ndot_aup_july_june_2018_2019 | ne_ndot_aup_july_june_2019_2020 | ne_ndot_aup_july_june_2020_2021 | ne_ndot_aup_july_june_2021_2022 | ne_ndot_aup_july_june_2022_2023 | ne_ndot_aup_july_june_2023_2024 | ne_ndot_aup_july_june_2024_2025 | ne_ndot_aup_july_june_2025_2026,needs_review,"Do not merge incompatible meanings or units automatically. Review source period, catalog authority, and any effective-date evidence before enabling Nebraska."
ne_ndot_identity_conflict_4054.69,4054.69,ne_ndot_4054.69,unit,TEMPORARY SHORING,LUMP SUM,TEMPORARY SHORING,SF,3,ne_ndot_aup_calendar_2018 | ne_ndot_aup_calendar_2019 | ne_ndot_aup_july_june_2018_2019,needs_review,"Do not merge incompatible meanings or units automatically. Review source period, catalog authority, and any effective-date evidence before enabling Nebraska."
ne_ndot_identity_conflict_4054.70,4054.70,ne_ndot_4054.70,unit,TEMPORARY SHORING,LUMP SUM,TEMPORARY SHORING,SF,3,ne_ndot_aup_calendar_2018 | ne_ndot_aup_calendar_2019 | ne_ndot_aup_july_june_2018_2019,needs_review,"Do not merge incompatible meanings or units automatically. Review source period, catalog authority, and any effective-date evidence before enabling Nebraska."
ne_ndot_identity_conflict_4054.71,4054.71,ne_ndot_4054.71,unit,TEMPORARY SHORING,LUMP SUM,TEMPORARY SHORING,SF,3,ne_ndot_aup_calendar_2018 | ne_ndot_aup_calendar_2019 | ne_ndot_aup_july_june_2018_2019,needs_review,"Do not merge incompatible meanings or units automatically. Review source period, catalog authority, and any effective-date evidence before enabling Nebraska."
ne_ndot_identity_conflict_4054.72,4054.72,ne_ndot_4054.72,unit,TEMPORARY SHORING,LUMP SUM,TEMPORARY SHORING,SF,3,ne_ndot_aup_calendar_2018 | ne_ndot_aup_calendar_2019 | ne_ndot_aup_july_june_2018_2019,needs_review,"Do not merge incompatible meanings or units automatically. Review source period, catalog authority, and any effective-date evidence before enabling Nebraska."
ne_ndot_identity_conflict_4054.73,4054.73,ne_ndot_4054.73,unit,TEMPORARY SHORING,LUMP SUM,TEMPORARY SHORING,SF,2,ne_ndot_aup_calendar_2018 | ne_ndot_aup_july_june_2018_2019,needs_review,"Do not merge incompatible meanings or units automatically. Review source period, catalog authority, and any effective-date evidence before enabling Nebraska."
ne_ndot_identity_conflict_4054.74,4054.74,ne_ndot_4054.74,unit,TEMPORARY SHORING,LUMP SUM,TEMPORARY SHORING,SF,2,ne_ndot_aup_calendar_2018 | ne_ndot_aup_july_june_2018_2019,needs_review,"Do not merge incompatible meanings or units automatically. Review source period, catalog authority, and any effective-date evidence before enabling Nebraska."
ne_ndot_identity_conflict_4054.75,4054.75,ne_ndot_4054.75,unit,TEMPORARY SHORING,LUMP SUM,TEMPORARY SHORING,SF,2,ne_ndot_aup_calendar_2018 | ne_ndot_aup_july_june_2018_2019,needs_review,"Do not merge incompatible meanings or units automatically. Review source period, catalog authority, and any effective-date evidence before enabling Nebraska."
ne_ndot_identity_conflict_4095.06,4095.06,ne_ndot_4095.06,unit,,,WELDED WIRE MSE WALL AT STA,LS | SF,3,ne_ndot_aup_calendar_2025 | ne_ndot_aup_july_june_2017_2018 | ne_ndot_aup_july_june_2024_2025,needs_review,"Do not merge incompatible meanings or units automatically. Review source period, catalog authority, and any effective-date evidence before enabling Nebraska."
ne_ndot_identity_conflict_4095.50,4095.50,ne_ndot_4095.50,unit,SHORING FOR MECHANICALLY STABILIZED EARTH STRUCTURES,LUMP SUM,SHORING FOR MECHANICALLY STABILIZED EARTH STRUCTURES,SF,2,ne_ndot_aup_calendar_2019 | ne_ndot_aup_july_june_2019_2020,needs_review,"Do not merge incompatible meanings or units automatically. Review source period, catalog authority, and any effective-date evidence before enabling Nebraska."
ne_ndot_identity_conflict_4320.80,4320.80,ne_ndot_4320.80,unit,,,"48"" ROUND EQUIVALENT METAL FLARED-END SECTION",EACH | LF,9,ne_ndot_aup_calendar_2020 | ne_ndot_aup_calendar_2021 | ne_ndot_aup_calendar_2022 | ne_ndot_aup_calendar_2024 | ne_ndot_aup_calendar_2025 | ne_ndot_aup_july_june_2020_2021 | ne_ndot_aup_july_june_2021_2022 | ne_ndot_aup_july_june_2024_2025 | ne_ndot_aup_july_june_2025_2026,needs_review,"Do not merge incompatible meanings or units automatically. Review source period, catalog authority, and any effective-date evidence before enabling Nebraska."
ne_ndot_identity_conflict_6000.10,6000.10,ne_ndot_6000.10,unit,ABUTMENT NO.1 EXCAVATION,LUMP SUM,ABUTMENT NO.1 EXCAVATION,CY | LS,17,ne_ndot_aup_calendar_2018 | ne_ndot_aup_calendar_2019 | ne_ndot_aup_calendar_2020 | ne_ndot_aup_calendar_2021 | ne_ndot_aup_calendar_2022 | ne_ndot_aup_calendar_2023 | ne_ndot_aup_calendar_2024 | ne_ndot_aup_calendar_2025 | ne_ndot_aup_july_june_2017_2018 | ne_ndot_aup_july_june_2018_2019 | ne_ndot_aup_july_june_2019_2020 | ne_ndot_aup_july_june_2020_2021 | ne_ndot_aup_july_june_2021_2022 | ne_ndot_aup_july_june_2022_2023 | ne_ndot_aup_july_june_2023_2024 | ne_ndot_aup_july_june_2024_2025 | ne_ndot_aup_july_june_2025_2026,needs_review,"Do not merge incompatible meanings or units automatically. Review source period, catalog authority, and any effective-date evidence before enabling Nebraska."
ne_ndot_identity_conflict_6000.11,6000.11,ne_ndot_6000.11,unit,ABUTMENT NO.2 EXCAVATION,LUMP SUM,ABUTMENT NO.2 EXCAVATION,CY | LS,17,ne_ndot_aup_calendar_2018 | ne_ndot_aup_calendar_2019 | ne_ndot_aup_calendar_2020 | ne_ndot_aup_calendar_2021 | ne_ndot_aup_calendar_2022 | ne_ndot_aup_calendar_2023 | ne_ndot_aup_calendar_2024 | ne_ndot_aup_calendar_2025 | ne_ndot_aup_july_june_2017_2018 | ne_ndot_aup_july_june_2018_2019 | ne_ndot_aup_july_june_2019_2020 | ne_ndot_aup_july_june_2020_2021 | ne_ndot_aup_july_june_2021_2022 | ne_ndot_aup_july_june_2022_2023 | ne_ndot_aup_july_june_2023_2024 | ne_ndot_aup_july_june_2024_2025 | ne_ndot_aup_july_june_2025_2026,needs_review,"Do not merge incompatible meanings or units automatically. Review source period, catalog authority, and any effective-date evidence before enabling Nebraska."
ne_ndot_identity_conflict_6000.20,6000.20,ne_ndot_6000.20,unit,PIER NO.1 EXCAVATION,LUMP SUM,PIER NO.1 EXCAVATION,CY | LS,15,ne_ndot_aup_calendar_2018 | ne_ndot_aup_calendar_2019 | ne_ndot_aup_calendar_2020 | ne_ndot_aup_calendar_2021 | ne_ndot_aup_calendar_2023 | ne_ndot_aup_calendar_2024 | ne_ndot_aup_calendar_2025 | ne_ndot_aup_july_june_2017_2018 | ne_ndot_aup_july_june_2018_2019 | ne_ndot_aup_july_june_2019_2020 | ne_ndot_aup_july_june_2020_2021 | ne_ndot_aup_july_june_2021_2022 | ne_ndot_aup_july_june_2023_2024 | ne_ndot_aup_july_june_2024_2025 | ne_ndot_aup_july_june_2025_2026,needs_review,"Do not merge incompatible meanings or units automatically. Review source period, catalog authority, and any effective-date evidence before enabling Nebraska."
ne_ndot_identity_conflict_6000.21,6000.21,ne_ndot_6000.21,unit,PIER NO.2 EXCAVATION,LUMP SUM,PIER NO.2 EXCAVATION,CY | LS,14,ne_ndot_aup_calendar_2018 | ne_ndot_aup_calendar_2019 | ne_ndot_aup_calendar_2020 | ne_ndot_aup_calendar_2021 | ne_ndot_aup_calendar_2024 | ne_ndot_aup_calendar_2025 | ne_ndot_aup_july_june_2017_2018 | ne_ndot_aup_july_june_2018_2019 | ne_ndot_aup_july_june_2019_2020 | ne_ndot_aup_july_june_2020_2021 | ne_ndot_aup_july_june_2021_2022 | ne_ndot_aup_july_june_2023_2024 | ne_ndot_aup_july_june_2024_2025 | ne_ndot_aup_july_june_2025_2026,needs_review,"Do not merge incompatible meanings or units automatically. Review source period, catalog authority, and any effective-date evidence before enabling Nebraska."
ne_ndot_identity_conflict_6000.22,6000.22,ne_ndot_6000.22,unit,PIER NO.3 EXCAVATION,LUMP SUM,PIER NO.3 EXCAVATION,CY | LS,10,ne_ndot_aup_calendar_2018 | ne_ndot_aup_calendar_2019 | ne_ndot_aup_calendar_2020 | ne_ndot_aup_calendar_2025 | ne_ndot_aup_july_june_2017_2018 | ne_ndot_aup_july_june_2018_2019 | ne_ndot_aup_july_june_2019_2020 | ne_ndot_aup_july_june_2020_2021 | ne_ndot_aup_july_june_2024_2025 | ne_ndot_aup_july_june_2025_2026,needs_review,"Do not merge incompatible meanings or units automatically. Review source period, catalog authority, and any effective-date evidence before enabling Nebraska."
ne_ndot_identity_conflict_6000.23,6000.23,ne_ndot_6000.23,unit,PIER NO.4 EXCAVATION,LUMP SUM,PIER NO.4 EXCAVATION,CY,10,ne_ndot_aup_calendar_2018 | ne_ndot_aup_calendar_2019 | ne_ndot_aup_calendar_2020 | ne_ndot_aup_calendar_2021 | ne_ndot_aup_calendar_2025 | ne_ndot_aup_july_june_2018_2019 | ne_ndot_aup_july_june_2019_2020 | ne_ndot_aup_july_june_2020_2021 | ne_ndot_aup_july_june_2024_2025 | ne_ndot_aup_july_june_2025_2026,needs_review,"Do not merge incompatible meanings or units automatically. Review source period, catalog authority, and any effective-date evidence before enabling Nebraska."
ne_ndot_identity_conflict_6000.24,6000.24,ne_ndot_6000.24,unit,PIER NO.5 EXCAVATION,LUMP SUM,PIER NO.5 EXCAVATION,CY,10,ne_ndot_aup_calendar_2019 | ne_ndot_aup_calendar_2020 | ne_ndot_aup_calendar_2021 | ne_ndot_aup_calendar_2025 | ne_ndot_aup_july_june_2018_2019 | ne_ndot_aup_july_june_2019_2020 | ne_ndot_aup_july_june_2020_2021 | ne_ndot_aup_july_june_2021_2022 | ne_ndot_aup_july_june_2024_2025 | ne_ndot_aup_july_june_2025_2026,needs_review,"Do not merge incompatible meanings or units automatically. Review source period, catalog authority, and any effective-date evidence before enabling Nebraska."
ne_ndot_identity_conflict_6000.25,6000.25,ne_ndot_6000.25,unit,PIER NO.6 EXCAVATION,LUMP SUM,PIER NO.6 EXCAVATION,CY,8,ne_ndot_aup_calendar_2019 | ne_ndot_aup_calendar_2020 | ne_ndot_aup_calendar_2025 | ne_ndot_aup_july_june_2018_2019 | ne_ndot_aup_july_june_2019_2020 | ne_ndot_aup_july_june_2020_2021 | ne_ndot_aup_july_june_2024_2025 | ne_ndot_aup_july_june_2025_2026,needs_review,"Do not merge incompatible meanings or units automatically. Review source period, catalog authority, and any effective-date evidence before enabling Nebraska."
ne_ndot_identity_conflict_6000.26,6000.26,ne_ndot_6000.26,unit,PIER NO.7 EXCAVATION,LUMP SUM,PIER NO.7 EXCAVATION,CY,5,ne_ndot_aup_calendar_2019 | ne_ndot_aup_calendar_2025 | ne_ndot_aup_july_june_2019_2020 | ne_ndot_aup_july_june_2024_2025 | ne_ndot_aup_july_june_2025_2026,needs_review,"Do not merge incompatible meanings or units automatically. Review source period, catalog authority, and any effective-date evidence before enabling Nebraska."
ne_ndot_identity_conflict_6000.27,6000.27,ne_ndot_6000.27,unit,PIER NO.8 EXCAVATION,LUMP SUM,PIER NO.8 EXCAVATION,CY,4,ne_ndot_aup_calendar_2019 | ne_ndot_aup_calendar_2025 | ne_ndot_aup_july_june_2019_2020 | ne_ndot_aup_july_june_2024_2025,needs_review,"Do not merge incompatible meanings or units automatically. Review source period, catalog authority, and any effective-date evidence before enabling Nebraska."
ne_ndot_identity_conflict_6000.28,6000.28,ne_ndot_6000.28,unit,PIER NO.9 EXCAVATION,LUMP SUM,PIER NO.9 EXCAVATION,CY,2,ne_ndot_aup_calendar_2019 | ne_ndot_aup_july_june_2019_2020,needs_review,"Do not merge incompatible meanings or units automatically. Review source period, catalog authority, and any effective-date evidence before enabling Nebraska."
ne_ndot_identity_conflict_6000.60,6000.60,ne_ndot_6000.60,unit,PIER NO.1 EXCAVATION,LUMP SUM,PIER NO.1 EXCAVATION,CY | LS,10,ne_ndot_aup_calendar_2018 | ne_ndot_aup_calendar_2022 | ne_ndot_aup_calendar_2023 | ne_ndot_aup_calendar_2024 | ne_ndot_aup_calendar_2025 | ne_ndot_aup_july_june_2017_2018 | ne_ndot_aup_july_june_2018_2019 | ne_ndot_aup_july_june_2022_2023 | ne_ndot_aup_july_june_2023_2024 | ne_ndot_aup_july_june_2025_2026,needs_review,"Do not merge incompatible meanings or units automatically. Review source period, catalog authority, and any effective-date evidence before enabling Nebraska."
ne_ndot_identity_conflict_6000.61,6000.61,ne_ndot_6000.61,unit,PIER NO.2 EXCAVATION,LUMP SUM,PIER NO.2 EXCAVATION,CY | LS,10,ne_ndot_aup_calendar_2018 | ne_ndot_aup_calendar_2022 | ne_ndot_aup_calendar_2023 | ne_ndot_aup_calendar_2024 | ne_ndot_aup_calendar_2025 | ne_ndot_aup_july_june_2017_2018 | ne_ndot_aup_july_june_2018_2019 | ne_ndot_aup_july_june_2022_2023 | ne_ndot_aup_july_june_2024_2025 | ne_ndot_aup_july_june_2025_2026,needs_review,"Do not merge incompatible meanings or units automatically. Review source period, catalog authority, and any effective-date evidence before enabling Nebraska."
ne_ndot_identity_conflict_6000.62,6000.62,ne_ndot_6000.62,unit,PIER NO.3 EXCAVATION,LUMP SUM,PIER NO.3 EXCAVATION,CY,4,ne_ndot_aup_calendar_2024 | ne_ndot_aup_calendar_2025 | ne_ndot_aup_july_june_2024_2025 | ne_ndot_aup_july_june_2025_2026,needs_review,"Do not merge incompatible meanings or units automatically. Review source period, catalog authority, and any effective-date evidence before enabling Nebraska."
ne_ndot_identity_conflict_6000.63,6000.63,ne_ndot_6000.63,unit,PIER NO.4 EXCAVATION,LUMP SUM,PIER NO.4 EXCAVATION,CY,2,ne_ndot_aup_calendar_2024 | ne_ndot_aup_july_june_2024_2025,needs_review,"Do not merge incompatible meanings or units automatically. Review source period, catalog authority, and any effective-date evidence before enabling Nebraska."
ne_ndot_identity_conflict_6000.64,6000.64,ne_ndot_6000.64,unit,PIER NO.5 EXCAVATION,LUMP SUM,PIER NO.5 EXCAVATION,CY,2,ne_ndot_aup_calendar_2024 | ne_ndot_aup_july_june_2024_2025,needs_review,"Do not merge incompatible meanings or units automatically. Review source period, catalog authority, and any effective-date evidence before enabling Nebraska."
ne_ndot_identity_conflict_6000.65,6000.65,ne_ndot_6000.65,unit,PIER NO.6 EXCAVATION,LUMP SUM,PIER NO.6 EXCAVATION,CY,2,ne_ndot_aup_calendar_2024 | ne_ndot_aup_july_june_2024_2025,needs_review,"Do not merge incompatible meanings or units automatically. Review source period, catalog authority, and any effective-date evidence before enabling Nebraska."
ne_ndot_identity_conflict_6001.00,6001.00,ne_ndot_6001.00,unit,BENT NO.1 EXCAVATION,LUMP SUM,BENT NO.1 EXCAVATION,CY | LS,17,ne_ndot_aup_calendar_2018 | ne_ndot_aup_calendar_2019 | ne_ndot_aup_calendar_2020 | ne_ndot_aup_calendar_2021 | ne_ndot_aup_calendar_2022 | ne_ndot_aup_calendar_2023 | ne_ndot_aup_calendar_2024 | ne_ndot_aup_calendar_2025 | ne_ndot_aup_july_june_2017_2018 | ne_ndot_aup_july_june_2018_2019 | ne_ndot_aup_july_june_2019_2020 | ne_ndot_aup_july_june_2020_2021 | ne_ndot_aup_july_june_2021_2022 | ne_ndot_aup_july_june_2022_2023 | ne_ndot_aup_july_june_2023_2024 | ne_ndot_aup_july_june_2024_2025 | ne_ndot_aup_july_june_2025_2026,needs_review,"Do not merge incompatible meanings or units automatically. Review source period, catalog authority, and any effective-date evidence before enabling Nebraska."
ne_ndot_identity_conflict_6001.01,6001.01,ne_ndot_6001.01,unit,BENT NO.2 EXCAVATION,LUMP SUM,BENT NO.2 EXCAVATION,CY | LS,17,ne_ndot_aup_calendar_2018 | ne_ndot_aup_calendar_2019 | ne_ndot_aup_calendar_2020 | ne_ndot_aup_calendar_2021 | ne_ndot_aup_calendar_2022 | ne_ndot_aup_calendar_2023 | ne_ndot_aup_calendar_2024 | ne_ndot_aup_calendar_2025 | ne_ndot_aup_july_june_2017_2018 | ne_ndot_aup_july_june_2018_2019 | ne_ndot_aup_july_june_2019_2020 | ne_ndot_aup_july_june_2020_2021 | ne_ndot_aup_july_june_2021_2022 | ne_ndot_aup_july_june_2022_2023 | ne_ndot_aup_july_june_2023_2024 | ne_ndot_aup_july_june_2024_2025 | ne_ndot_aup_july_june_2025_2026,needs_review,"Do not merge incompatible meanings or units automatically. Review source period, catalog authority, and any effective-date evidence before enabling Nebraska."
ne_ndot_identity_conflict_6001.02,6001.02,ne_ndot_6001.02,unit,BENT NO.3 EXCAVATION,LUMP SUM,BENT NO.3 EXCAVATION,CY,9,ne_ndot_aup_calendar_2020 | ne_ndot_aup_calendar_2021 | ne_ndot_aup_calendar_2023 | ne_ndot_aup_calendar_2024 | ne_ndot_aup_july_june_2019_2020 | ne_ndot_aup_july_june_2020_2021 | ne_ndot_aup_july_june_2021_2022 | ne_ndot_aup_july_june_2023_2024 | ne_ndot_aup_july_june_2024_2025,needs_review,"Do not merge incompatible meanings or units automatically. Review source period, catalog authority, and any effective-date evidence before enabling Nebraska."
ne_ndot_identity_conflict_6001.03,6001.03,ne_ndot_6001.03,unit,BENT NO.4 EXCAVATION,LUMP SUM,BENT NO.4 EXCAVATION,CY,2,ne_ndot_aup_calendar_2020 | ne_ndot_aup_july_june_2019_2020,needs_review,"Do not merge incompatible meanings or units automatically. Review source period, catalog authority, and any effective-date evidence before enabling Nebraska."
ne_ndot_identity_conflict_6001.04,6001.04,ne_ndot_6001.04,unit,BENT NO.5 EXCAVATION,LUMP SUM,BENT NO.5 EXCAVATION,CY,2,ne_ndot_aup_calendar_2024 | ne_ndot_aup_july_june_2024_2025,needs_review,"Do not merge incompatible meanings or units automatically. Review source period, catalog authority, and any effective-date evidence before enabling Nebraska."
ne_ndot_identity_conflict_6001.50,6001.50,ne_ndot_6001.50,unit,BENT NO.1 EXCAVATION,LUMP SUM,BENT NO.1 EXCAVATION,CY | LS,8,ne_ndot_aup_calendar_2018 | ne_ndot_aup_calendar_2019 | ne_ndot_aup_calendar_2024 | ne_ndot_aup_july_june_2017_2018 | ne_ndot_aup_july_june_2018_2019 | ne_ndot_aup_july_june_2019_2020 | ne_ndot_aup_july_june_2023_2024 | ne_ndot_aup_july_june_2024_2025,needs_review,"Do not merge incompatible meanings or units automatically. Review source period, catalog authority, and any effective-date evidence before enabling Nebraska."
ne_ndot_identity_conflict_6001.51,6001.51,ne_ndot_6001.51,unit,BENT NO.2 EXCAVATION,LUMP SUM,BENT NO.2 EXCAVATION,CY | LS,15,ne_ndot_aup_calendar_2018 | ne_ndot_aup_calendar_2019 | ne_ndot_aup_calendar_2020 | ne_ndot_aup_calendar_2021 | ne_ndot_aup_calendar_2023 | ne_ndot_aup_calendar_2024 | ne_ndot_aup_calendar_2025 | ne_ndot_aup_july_june_2017_2018 | ne_ndot_aup_july_june_2018_2019 | ne_ndot_aup_july_june_2019_2020 | ne_ndot_aup_july_june_2020_2021 | ne_ndot_aup_july_june_2021_2022 | ne_ndot_aup_july_june_2023_2024 | ne_ndot_aup_july_june_2024_2025 | ne_ndot_aup_july_june_2025_2026,needs_review,"Do not merge incompatible meanings or units automatically. Review source period, catalog authority, and any effective-date evidence before enabling Nebraska."
ne_ndot_identity_conflict_6001.52,6001.52,ne_ndot_6001.52,unit,BENT NO.3 EXCAVATION,LUMP SUM,BENT NO.3 EXCAVATION,CY,6,ne_ndot_aup_calendar_2019 | ne_ndot_aup_calendar_2020 | ne_ndot_aup_calendar_2024 | ne_ndot_aup_july_june_2019_2020 | ne_ndot_aup_july_june_2020_2021 | ne_ndot_aup_july_june_2023_2024,needs_review,"Do not merge incompatible meanings or units automatically. Review source period, catalog authority, and any effective-date evidence before enabling Nebraska."
ne_ndot_identity_conflict_6001.53,6001.53,ne_ndot_6001.53,unit,BENT NO.4 EXCAVATION,LUMP SUM,BENT NO.4 EXCAVATION,CY,8,ne_ndot_aup_calendar_2019 | ne_ndot_aup_calendar_2020 | ne_ndot_aup_calendar_2021 | ne_ndot_aup_calendar_2024 | ne_ndot_aup_july_june_2019_2020 | ne_ndot_aup_july_june_2020_2021 | ne_ndot_aup_july_june_2021_2022 | ne_ndot_aup_july_june_2024_2025,needs_review,"Do not merge incompatible meanings or units automatically. Review source period, catalog authority, and any effective-date evidence before enabling Nebraska."
ne_ndot_identity_conflict_6001.54,6001.54,ne_ndot_6001.54,unit,BENT NO.5 EXCAVATION,LUMP SUM,BENT NO.5 EXCAVATION,CY,2,ne_ndot_aup_calendar_2020 | ne_ndot_aup_july_june_2020_2021,needs_review,"Do not merge incompatible meanings or units automatically. Review source period, catalog authority, and any effective-date evidence before enabling Nebraska."
ne_ndot_identity_conflict_6001.55,6001.55,ne_ndot_6001.55,unit,BENT NO.6 EXCAVATION,LUMP SUM,BENT NO.6 EXCAVATION,CY,4,ne_ndot_aup_calendar_2020 | ne_ndot_aup_calendar_2021 | ne_ndot_aup_july_june_2020_2021 | ne_ndot_aup_july_june_2021_2022,needs_review,"Do not merge incompatible meanings or units automatically. Review source period, catalog authority, and any effective-date evidence before enabling Nebraska."
ne_ndot_identity_conflict_6001.56,6001.56,ne_ndot_6001.56,unit,BENT NO.7 EXCAVATION,LUMP SUM,BENT NO.7 EXCAVATION,CY,2,ne_ndot_aup_calendar_2021 | ne_ndot_aup_july_june_2021_2022,needs_review,"Do not merge incompatible meanings or units automatically. Review source period, catalog authority, and any effective-date evidence before enabling Nebraska."
ne_ndot_identity_conflict_6001.57,6001.57,ne_ndot_6001.57,unit,BENT NO.8 EXCAVATION,LUMP SUM,BENT NO.8 EXCAVATION,CY,4,ne_ndot_aup_calendar_2020 | ne_ndot_aup_calendar_2021 | ne_ndot_aup_july_june_2020_2021 | ne_ndot_aup_july_june_2021_2022,needs_review,"Do not merge incompatible meanings or units automatically. Review source period, catalog authority, and any effective-date evidence before enabling Nebraska."
ne_ndot_identity_conflict_6001.58,6001.58,ne_ndot_6001.58,unit,BENT NO.9 EXCAVATION,LUMP SUM,BENT NO.9 EXCAVATION,CY,2,ne_ndot_aup_calendar_2021 | ne_ndot_aup_july_june_2021_2022,needs_review,"Do not merge incompatible meanings or units automatically. Review source period, catalog authority, and any effective-date evidence before enabling Nebraska."
ne_ndot_identity_conflict_6001.59,6001.59,ne_ndot_6001.59,unit,BENT NO.10 EXCAVATION,LUMP SUM,BENT NO.10 EXCAVATION,CY,2,ne_ndot_aup_calendar_2021 | ne_ndot_aup_july_june_2021_2022,needs_review,"Do not merge incompatible meanings or units automatically. Review source period, catalog authority, and any effective-date evidence before enabling Nebraska."
ne_ndot_identity_conflict_6011.11,6011.11,ne_ndot_6011.11,unit,PRECAST/PRESTRESSED CONCRETE SUPERSTRUCTURE AT STATION,LUMP SUM,PRECAST/PRESTRESSED CONCRETE SUPERSTRUCTURE AT STATION,CY | LS,17,ne_ndot_aup_calendar_2018 | ne_ndot_aup_calendar_2019 | ne_ndot_aup_calendar_2020 | ne_ndot_aup_calendar_2021 | ne_ndot_aup_calendar_2022 | ne_ndot_aup_calendar_2023 | ne_ndot_aup_calendar_2024 | ne_ndot_aup_calendar_2025 | ne_ndot_aup_july_june_2017_2018 | ne_ndot_aup_july_june_2018_2019 | ne_ndot_aup_july_june_2019_2020 | ne_ndot_aup_july_june_2020_2021 | ne_ndot_aup_july_june_2021_2022 | ne_ndot_aup_july_june_2022_2023 | ne_ndot_aup_july_june_2023_2024 | ne_ndot_aup_july_june_2024_2025 | ne_ndot_aup_july_june_2025_2026,needs_review,"Do not merge incompatible meanings or units automatically. Review source period, catalog authority, and any effective-date evidence before enabling Nebraska."
ne_ndot_identity_conflict_6052.51,6052.51,ne_ndot_6052.51,unit,,,ACCESS BRIDGE,LS | SF,6,ne_ndot_aup_calendar_2018 | ne_ndot_aup_calendar_2019 | ne_ndot_aup_calendar_2020 | ne_ndot_aup_july_june_2017_2018 | ne_ndot_aup_july_june_2018_2019 | ne_ndot_aup_july_june_2019_2020,needs_review,"Do not merge incompatible meanings or units automatically. Review source period, catalog authority, and any effective-date evidence before enabling Nebraska."
ne_ndot_identity_conflict_6052.52,6052.52,ne_ndot_6052.52,unit,ACCESS BRIDGE,LUMP SUM,ACCESS BRIDGE,SF,15,ne_ndot_aup_calendar_2018 | ne_ndot_aup_calendar_2019 | ne_ndot_aup_calendar_2020 | ne_ndot_aup_calendar_2021 | ne_ndot_aup_calendar_2022 | ne_ndot_aup_calendar_2023 | ne_ndot_aup_calendar_2024 | ne_ndot_aup_calendar_2025 | ne_ndot_aup_july_june_2018_2019 | ne_ndot_aup_july_june_2020_2021 | ne_ndot_aup_july_june_2021_2022 | ne_ndot_aup_july_june_2022_2023 | ne_ndot_aup_july_june_2023_2024 | ne_ndot_aup_july_june_2024_2025 | ne_ndot_aup_july_june_2025_2026,needs_review,"Do not merge incompatible meanings or units automatically. Review source period, catalog authority, and any effective-date evidence before enabling Nebraska."
ne_ndot_identity_conflict_6070.50,6070.50,ne_ndot_6070.50,unit,PEDESTRIAN BRIDGE,LUMP SUM,PEDESTRIAN BRIDGE,SF,4,ne_ndot_aup_calendar_2020 | ne_ndot_aup_calendar_2022 | ne_ndot_aup_july_june_2019_2020 | ne_ndot_aup_july_june_2021_2022,needs_review,"Do not merge incompatible meanings or units automatically. Review source period, catalog authority, and any effective-date evidence before enabling Nebraska."
ne_ndot_identity_conflict_6071.10,6071.10,ne_ndot_6071.10,unit,STEEL SUPERSTRUCTURE AT STATION,LUMP SUM,STEEL SUPERSTRUCTURE AT STATION,LB,2,ne_ndot_aup_calendar_2019 | ne_ndot_aup_july_june_2018_2019,needs_review,"Do not merge incompatible meanings or units automatically. Review source period, catalog authority, and any effective-date evidence before enabling Nebraska."
ne_ndot_identity_conflict_6071.11,6071.11,ne_ndot_6071.11,unit,STEEL SUPERSTRUCTURE AT STATION,LUMP SUM,STEEL SUPERSTRUCTURE AT STATION,LB | LS,12,ne_ndot_aup_calendar_2018 | ne_ndot_aup_calendar_2019 | ne_ndot_aup_calendar_2021 | ne_ndot_aup_calendar_2023 | ne_ndot_aup_calendar_2025 | ne_ndot_aup_july_june_2017_2018 | ne_ndot_aup_july_june_2018_2019 | ne_ndot_aup_july_june_2019_2020 | ne_ndot_aup_july_june_2021_2022 | ne_ndot_aup_july_june_2022_2023 | ne_ndot_aup_july_june_2023_2024 | ne_ndot_aup_july_june_2025_2026,needs_review,"Do not merge incompatible meanings or units automatically. Review source period, catalog authority, and any effective-date evidence before enabling Nebraska."
ne_ndot_identity_conflict_6071.12,6071.12,ne_ndot_6071.12,unit,STEEL SUPERSTRUCTURE AT STATION,LUMP SUM,STEEL SUPERSTRUCTURE AT STATION,LB,4,ne_ndot_aup_calendar_2018 | ne_ndot_aup_calendar_2019 | ne_ndot_aup_july_june_2018_2019 | ne_ndot_aup_july_june_2019_2020,needs_review,"Do not merge incompatible meanings or units automatically. Review source period, catalog authority, and any effective-date evidence before enabling Nebraska."
ne_ndot_identity_conflict_6131.91,6131.91,ne_ndot_6131.91,description,,,EPOXY COATED REINFORCING STEEL FOR PRECAST APPROACH SECTION | EPOXY COATED REINFORCING STEEL FOR PRECAST APPROACH SECTION PANELS,LB,3,ne_ndot_aup_calendar_2019 | ne_ndot_aup_july_june_2017_2018 | ne_ndot_aup_july_june_2018_2019,needs_review,"Do not merge incompatible meanings or units automatically. Review source period, catalog authority, and any effective-date evidence before enabling Nebraska."
ne_ndot_identity_conflict_6133.13,6133.13,ne_ndot_6133.13,unit,ANTI-GRAFFITI COATING,LUMP SUM,ANTI-GRAFFITI COATING,SY,8,ne_ndot_aup_calendar_2018 | ne_ndot_aup_calendar_2019 | ne_ndot_aup_calendar_2020 | ne_ndot_aup_calendar_2023 | ne_ndot_aup_july_june_2018_2019 | ne_ndot_aup_july_june_2019_2020 | ne_ndot_aup_july_june_2022_2023 | ne_ndot_aup_july_june_2025_2026,needs_review,"Do not merge incompatible meanings or units automatically. Review source period, catalog authority, and any effective-date evidence before enabling Nebraska."
ne_ndot_identity_conflict_6430.00,6430.00,ne_ndot_6430.00,unit,PAINTING STRUCTURE AT,LUMP SUM,PAINTING STRUCTURE AT,SF,7,ne_ndot_aup_calendar_2018 | ne_ndot_aup_calendar_2023 | ne_ndot_aup_calendar_2024 | ne_ndot_aup_calendar_2025 | ne_ndot_aup_july_june_2018_2019 | ne_ndot_aup_july_june_2022_2023 | ne_ndot_aup_july_june_2024_2025,needs_review,"Do not merge incompatible meanings or units automatically. Review source period, catalog authority, and any effective-date evidence before enabling Nebraska."
ne_ndot_identity_conflict_6433.00,6433.00,ne_ndot_6433.00,unit,PAINTING PILES AND MISCELLANEOUS STEEL,LUMP SUM,PAINTING PILES AND MISCELLANEOUS STEEL,LS | SF,16,ne_ndot_aup_calendar_2018 | ne_ndot_aup_calendar_2019 | ne_ndot_aup_calendar_2020 | ne_ndot_aup_calendar_2021 | ne_ndot_aup_calendar_2022 | ne_ndot_aup_calendar_2023 | ne_ndot_aup_calendar_2024 | ne_ndot_aup_calendar_2025 | ne_ndot_aup_july_june_2017_2018 | ne_ndot_aup_july_june_2018_2019 | ne_ndot_aup_july_june_2019_2020 | ne_ndot_aup_july_june_2020_2021 | ne_ndot_aup_july_june_2021_2022 | ne_ndot_aup_july_june_2022_2023 | ne_ndot_aup_july_june_2023_2024 | ne_ndot_aup_july_june_2024_2025,needs_review,"Do not merge incompatible meanings or units automatically. Review source period, catalog authority, and any effective-date evidence before enabling Nebraska."
ne_ndot_identity_conflict_6510.55,6510.55,ne_ndot_6510.55,unit,TEMPORARY BRIDGE SHORING,LUMP SUM,TEMPORARY BRIDGE SHORING,LS | SY,17,ne_ndot_aup_calendar_2018 | ne_ndot_aup_calendar_2019 | ne_ndot_aup_calendar_2020 | ne_ndot_aup_calendar_2021 | ne_ndot_aup_calendar_2022 | ne_ndot_aup_calendar_2023 | ne_ndot_aup_calendar_2024 | ne_ndot_aup_calendar_2025 | ne_ndot_aup_july_june_2017_2018 | ne_ndot_aup_july_june_2018_2019 | ne_ndot_aup_july_june_2019_2020 | ne_ndot_aup_july_june_2020_2021 | ne_ndot_aup_july_june_2021_2022 | ne_ndot_aup_july_june_2022_2023 | ne_ndot_aup_july_june_2023_2024 | ne_ndot_aup_july_june_2024_2025 | ne_ndot_aup_july_june_2025_2026,needs_review,"Do not merge incompatible meanings or units automatically. Review source period, catalog authority, and any effective-date evidence before enabling Nebraska."
ne_ndot_identity_conflict_6510.60,6510.60,ne_ndot_6510.60,unit,BRIDGE SHORING,LUMP SUM,BRIDGE SHORING,LS | SY,17,ne_ndot_aup_calendar_2018 | ne_ndot_aup_calendar_2019 | ne_ndot_aup_calendar_2020 | ne_ndot_aup_calendar_2021 | ne_ndot_aup_calendar_2022 | ne_ndot_aup_calendar_2023 | ne_ndot_aup_calendar_2024 | ne_ndot_aup_calendar_2025 | ne_ndot_aup_july_june_2017_2018 | ne_ndot_aup_july_june_2018_2019 | ne_ndot_aup_july_june_2019_2020 | ne_ndot_aup_july_june_2020_2021 | ne_ndot_aup_july_june_2021_2022 | ne_ndot_aup_july_june_2022_2023 | ne_ndot_aup_july_june_2023_2024 | ne_ndot_aup_july_june_2024_2025 | ne_ndot_aup_july_june_2025_2026,needs_review,"Do not merge incompatible meanings or units automatically. Review source period, catalog authority, and any effective-date evidence before enabling Nebraska."
ne_ndot_identity_conflict_6602.31,6602.31,ne_ndot_6602.31,unit,CONCRETE COATING,LUMP SUM,CONCRETE COATING,SY,7,ne_ndot_aup_calendar_2018 | ne_ndot_aup_calendar_2019 | ne_ndot_aup_calendar_2020 | ne_ndot_aup_calendar_2023 | ne_ndot_aup_july_june_2018_2019 | ne_ndot_aup_july_june_2020_2021 | ne_ndot_aup_july_june_2023_2024,needs_review,"Do not merge incompatible meanings or units automatically. Review source period, catalog authority, and any effective-date evidence before enabling Nebraska."
ne_ndot_identity_conflict_6602.32,6602.32,ne_ndot_6602.32,unit,CONCRETE COATING,LUMP SUM,CONCRETE COATING,SY,2,ne_ndot_aup_calendar_2019 | ne_ndot_aup_july_june_2018_2019,needs_review,"Do not merge incompatible meanings or units automatically. Review source period, catalog authority, and any effective-date evidence before enabling Nebraska."
ne_ndot_identity_conflict_6602.33,6602.33,ne_ndot_6602.33,unit,CONCRETE COATING,LUMP SUM,CONCRETE COATING,SY,2,ne_ndot_aup_calendar_2019 | ne_ndot_aup_july_june_2018_2019,needs_review,"Do not merge incompatible meanings or units automatically. Review source period, catalog authority, and any effective-date evidence before enabling Nebraska."
ne_ndot_identity_conflict_6602.34,6602.34,ne_ndot_6602.34,unit,CONCRETE COATING,LUMP SUM,CONCRETE COATING,SY,2,ne_ndot_aup_calendar_2019 | ne_ndot_aup_july_june_2018_2019,needs_review,"Do not merge incompatible meanings or units automatically. Review source period, catalog authority, and any effective-date evidence before enabling Nebraska."
ne_ndot_identity_conflict_6602.35,6602.35,ne_ndot_6602.35,unit,SPECIAL SURFACE COATING,LUMP SUM,SPECIAL SURFACE COATING,SY,4,ne_ndot_aup_calendar_2018 | ne_ndot_aup_calendar_2020 | ne_ndot_aup_july_june_2019_2020 | ne_ndot_aup_july_june_2025_2026,needs_review,"Do not merge incompatible meanings or units automatically. Review source period, catalog authority, and any effective-date evidence before enabling Nebraska."
ne_ndot_identity_conflict_7020.60,7020.60,ne_ndot_7020.60,description,SPECIAL BRIDGE APPROACH SECTION,EACH,"SPECIAL BRIDGE APPROACH SECTION | SPECIAL BRIDGE APPROACH SECTION, TL-2",EACH,11,ne_ndot_aup_calendar_2018 | ne_ndot_aup_calendar_2019 | ne_ndot_aup_calendar_2020 | ne_ndot_aup_calendar_2023 | ne_ndot_aup_calendar_2024 | ne_ndot_aup_july_june_2017_2018 | ne_ndot_aup_july_june_2018_2019 | ne_ndot_aup_july_june_2019_2020 | ne_ndot_aup_july_june_2020_2021 | ne_ndot_aup_july_june_2023_2024 | ne_ndot_aup_july_june_2025_2026,needs_review,"Do not merge incompatible meanings or units automatically. Review source period, catalog authority, and any effective-date evidence before enabling Nebraska."
ne_ndot_identity_conflict_7488.06,7488.06,ne_ndot_7488.06,description,,,"5"" WHITE WET REFLECTIVE THERMOPLASTIC PAVEMENT MARKING, GROOVED | 5"" WHITE WET REFLECTIVE THERMOPLASTIC, GROOVED",LF,7,ne_ndot_aup_calendar_2019 | ne_ndot_aup_calendar_2020 | ne_ndot_aup_calendar_2021 | ne_ndot_aup_july_june_2017_2018 | ne_ndot_aup_july_june_2019_2020 | ne_ndot_aup_july_june_2020_2021 | ne_ndot_aup_july_june_2021_2022,needs_review,"Do not merge incompatible meanings or units automatically. Review source period, catalog authority, and any effective-date evidence before enabling Nebraska."
ne_ndot_identity_conflict_7488.07,7488.07,ne_ndot_7488.07,description,,,"5"" YELLOW WET REFLECTIVE THERMOPLASTIC PAVEMENT MARKING, | 5"" YELLOW WET REFLECTIVE THERMOPLASTIC PAVEMENT MARKING, GROOVED | 5"" YELLOW WET REFLECTIVE THERMOPLASTIC, GROOVED",LF,7,ne_ndot_aup_calendar_2019 | ne_ndot_aup_calendar_2020 | ne_ndot_aup_calendar_2021 | ne_ndot_aup_july_june_2017_2018 | ne_ndot_aup_july_june_2019_2020 | ne_ndot_aup_july_june_2020_2021 | ne_ndot_aup_july_june_2021_2022,needs_review,"Do not merge incompatible meanings or units automatically. Review source period, catalog authority, and any effective-date evidence before enabling Nebraska."
ne_ndot_identity_conflict_7488.11,7488.11,ne_ndot_7488.11,description,,,"6"" YELLOW WET REFLECTIVE THERMOPLASTIC PAVEMENT MARKING, | 6"" YELLOW WET REFLECTIVE THERMOPLASTIC PAVEMENT MARKING, GROOVED",LF,14,ne_ndot_aup_calendar_2019 | ne_ndot_aup_calendar_2020 | ne_ndot_aup_calendar_2021 | ne_ndot_aup_calendar_2022 | ne_ndot_aup_calendar_2023 | ne_ndot_aup_calendar_2024 | ne_ndot_aup_calendar_2025 | ne_ndot_aup_july_june_2019_2020 | ne_ndot_aup_july_june_2020_2021 | ne_ndot_aup_july_june_2021_2022 | ne_ndot_aup_july_june_2022_2023 | ne_ndot_aup_july_june_2023_2024 | ne_ndot_aup_july_june_2024_2025 | ne_ndot_aup_july_june_2025_2026,needs_review,"Do not merge incompatible meanings or units automatically. Review source period, catalog authority, and any effective-date evidence before enabling Nebraska."
ne_ndot_identity_conflict_7500.38,7500.38,ne_ndot_7500.38,description,"ONLY, PREFORMED PAVEMENT MARKING, TYPE 4",EACH,"ONLY, PREFORMED PAVEMENT MARKING, TYPE 4 | OSTNOLPY, APHREEAFDO RSYMMEBDO PLA, VWEEMTE RNETF MLAERCKTIIVNEG ,P TRYEPFEO 4RMED",EACH,9,ne_ndot_aup_calendar_2018 | ne_ndot_aup_calendar_2019 | ne_ndot_aup_calendar_2020 | ne_ndot_aup_calendar_2021 | ne_ndot_aup_calendar_2022 | ne_ndot_aup_july_june_2018_2019 | ne_ndot_aup_july_june_2019_2020 | ne_ndot_aup_july_june_2021_2022 | ne_ndot_aup_july_june_2022_2023,needs_review,"Do not merge incompatible meanings or units automatically. Review source period, catalog authority, and any effective-date evidence before enabling Nebraska."
ne_ndot_identity_conflict_7500.57,7500.57,ne_ndot_7500.57,description,,,"4, GROOVED | STOP AHEAD SYMBOL, WET REFLECTIVE PREFORMED PAVEMENT MARKING, | STOP AHEAD SYMBOL, WET REFLECTIVE PREFORMED PAVEMENT MARKING, TYPE 4, | STOP AHEAD SYMBOL, WET REFLECTIVE PREFORMED PAVEMENT MARKING, TYPE 4, GROOVED",EACH,6,ne_ndot_aup_calendar_2018 | ne_ndot_aup_calendar_2021 | ne_ndot_aup_calendar_2022 | ne_ndot_aup_july_june_2018_2019 | ne_ndot_aup_july_june_2021_2022 | ne_ndot_aup_july_june_2022_2023,needs_review,"Do not merge incompatible meanings or units automatically. Review source period, catalog authority, and any effective-date evidence before enabling Nebraska."
ne_ndot_identity_conflict_7500.69,7500.69,ne_ndot_7500.69,description,,,"PERMANENT PAVEMENT MARKING | YIELD LINE, PERMANENT PAVEMENT MARKING",EACH,12,ne_ndot_aup_calendar_2019 | ne_ndot_aup_calendar_2020 | ne_ndot_aup_calendar_2021 | ne_ndot_aup_calendar_2022 | ne_ndot_aup_calendar_2024 | ne_ndot_aup_calendar_2025 | ne_ndot_aup_july_june_2018_2019 | ne_ndot_aup_july_june_2019_2020 | ne_ndot_aup_july_june_2021_2022 | ne_ndot_aup_july_june_2022_2023 | ne_ndot_aup_july_june_2023_2024 | ne_ndot_aup_july_june_2025_2026,needs_review,"Do not merge incompatible meanings or units automatically. Review source period, catalog authority, and any effective-date evidence before enabling Nebraska."
ne_ndot_identity_conflict_7500.93,7500.93,ne_ndot_7500.93,description,,,"RIGHT ARROW, WET REFLECTIVE PREFORMED PAVEMENT MARKING, TYPE 4 | WET REFLECTIVE PREFORMED PAVEMENT MARKING, TYPE 4",EACH,2,ne_ndot_aup_calendar_2023 | ne_ndot_aup_july_june_2023_2024,needs_review,"Do not merge incompatible meanings or units automatically. Review source period, catalog authority, and any effective-date evidence before enabling Nebraska."
ne_ndot_identity_conflict_7501.02,7501.02,ne_ndot_7501.02,description,,,"AY ARROW, PERMANENT PAVEMENT MARKING | WRONG WAY ARROW, PERMANENT PAVEMENT MARKING",EACH,2,ne_ndot_aup_calendar_2024 | ne_ndot_aup_july_june_2023_2024,needs_review,"Do not merge incompatible meanings or units automatically. Review source period, catalog authority, and any effective-date evidence before enabling Nebraska."
ne_ndot_identity_conflict_7515.42,7515.42,ne_ndot_7515.42,description,"12"" WHITE WET REFLECTIVE THERMOPLASTIC PAVEMENT MARKING, GROOVED",LIN FT,"12"" WHITE WET REFLECTIVE THERMOPLASTIC PAVEMENT MARKING, | 12"" WHITE WET REFLECTIVE THERMOPLASTIC PAVEMENT MARKING, GROOVED",LF,17,ne_ndot_aup_calendar_2018 | ne_ndot_aup_calendar_2019 | ne_ndot_aup_calendar_2020 | ne_ndot_aup_calendar_2021 | ne_ndot_aup_calendar_2022 | ne_ndot_aup_calendar_2023 | ne_ndot_aup_calendar_2024 | ne_ndot_aup_calendar_2025 | ne_ndot_aup_july_june_2017_2018 | ne_ndot_aup_july_june_2018_2019 | ne_ndot_aup_july_june_2019_2020 | ne_ndot_aup_july_june_2020_2021 | ne_ndot_aup_july_june_2021_2022 | ne_ndot_aup_july_june_2022_2023 | ne_ndot_aup_july_june_2023_2024 | ne_ndot_aup_july_june_2024_2025 | ne_ndot_aup_july_june_2025_2026,needs_review,"Do not merge incompatible meanings or units automatically. Review source period, catalog authority, and any effective-date evidence before enabling Nebraska."
ne_ndot_identity_conflict_7516.36,7516.36,ne_ndot_7516.36,description,"5"" YELLOW WET REFLECTIVE THERMOPLASTIC PAVEMENT MARKING, GROOVED",LIN FT,"5"" YELLOW WET REFLECTIVE THERMOPLASTIC PAVEMENT MARKING, | 5"" YELLOW WET REFLECTIVE THERMOPLASTIC PAVEMENT MARKING, GROOVED",LF,7,ne_ndot_aup_calendar_2018 | ne_ndot_aup_calendar_2019 | ne_ndot_aup_calendar_2022 | ne_ndot_aup_july_june_2017_2018 | ne_ndot_aup_july_june_2018_2019 | ne_ndot_aup_july_june_2019_2020 | ne_ndot_aup_july_june_2022_2023,needs_review,"Do not merge incompatible meanings or units automatically. Review source period, catalog authority, and any effective-date evidence before enabling Nebraska."
ne_ndot_identity_conflict_7516.42,7516.42,ne_ndot_7516.42,description,"12"" YELLOW WET REFLECTIVE THERMOPLASTIC PAVEMENT MARKING, GROOVED",LIN FT,"12"" YELLOW WET REFLECTIVE THERMOPLASTIC PAVEMENT MARKING, | 12"" YELLOW WET REFLECTIVE THERMOPLASTIC PAVEMENT MARKING, GROOVED",LF,15,ne_ndot_aup_calendar_2018 | ne_ndot_aup_calendar_2019 | ne_ndot_aup_calendar_2020 | ne_ndot_aup_calendar_2021 | ne_ndot_aup_calendar_2022 | ne_ndot_aup_calendar_2023 | ne_ndot_aup_calendar_2024 | ne_ndot_aup_july_june_2018_2019 | ne_ndot_aup_july_june_2019_2020 | ne_ndot_aup_july_june_2020_2021 | ne_ndot_aup_july_june_2021_2022 | ne_ndot_aup_july_june_2022_2023 | ne_ndot_aup_july_june_2023_2024 | ne_ndot_aup_july_june_2024_2025 | ne_ndot_aup_july_june_2025_2026,needs_review,"Do not merge incompatible meanings or units automatically. Review source period, catalog authority, and any effective-date evidence before enabling Nebraska."
ne_ndot_identity_conflict_7517.04,7517.04,ne_ndot_7517.04,description,"4"" WHITE WET REFLECTIVE PREFORMED PAVEMENT MARKING, TYPE 4, GROOVED",LIN FT,"4"" WHITE WET REFLECTIVE PREFORMED PAVEMENT MARKING, TYPE 4, | 4"" WHITE WET REFLECTIVE PREFORMED PAVEMENT MARKING, TYPE 4, GROOVED",LF,10,ne_ndot_aup_calendar_2018 | ne_ndot_aup_calendar_2019 | ne_ndot_aup_calendar_2020 | ne_ndot_aup_calendar_2021 | ne_ndot_aup_calendar_2022 | ne_ndot_aup_july_june_2017_2018 | ne_ndot_aup_july_june_2018_2019 | ne_ndot_aup_july_june_2019_2020 | ne_ndot_aup_july_june_2020_2021 | ne_ndot_aup_july_june_2021_2022,needs_review,"Do not merge incompatible meanings or units automatically. Review source period, catalog authority, and any effective-date evidence before enabling Nebraska."
ne_ndot_identity_conflict_7517.05,7517.05,ne_ndot_7517.05,description,"5"" WHITE WET REFLECTIVE PREFORMED PAVEMENT MARKING, TYPE 4, GROOVED",LIN FT,"5"" WHITE WET REFLECTIVE PREFORMED PAVEMENT MARKING, TYPE 4, | 5"" WHITE WET REFLECTIVE PREFORMED PAVEMENT MARKING, TYPE 4, GROOVED",LF,16,ne_ndot_aup_calendar_2018 | ne_ndot_aup_calendar_2019 | ne_ndot_aup_calendar_2020 | ne_ndot_aup_calendar_2021 | ne_ndot_aup_calendar_2022 | ne_ndot_aup_calendar_2023 | ne_ndot_aup_calendar_2024 | ne_ndot_aup_calendar_2025 | ne_ndot_aup_july_june_2017_2018 | ne_ndot_aup_july_june_2018_2019 | ne_ndot_aup_july_june_2019_2020 | ne_ndot_aup_july_june_2020_2021 | ne_ndot_aup_july_june_2021_2022 | ne_ndot_aup_july_june_2022_2023 | ne_ndot_aup_july_june_2023_2024 | ne_ndot_aup_july_june_2025_2026,needs_review,"Do not merge incompatible meanings or units automatically. Review source period, catalog authority, and any effective-date evidence before enabling Nebraska."
ne_ndot_identity_conflict_7517.06,7517.06,ne_ndot_7517.06,description,"6"" WHITE WET REFLECTIVE PREFORMED PAVEMENT MARKING, TYPE 4, GROOVED",LIN FT,"6"" WHITE WET REFLECTIVE PREFORMED PAVEMENT MARKING, TYPE 4 | 6"" WHITE WET REFLECTIVE PREFORMED PAVEMENT MARKING, TYPE 4 GROOVED | 6"" WHITE WET REFLECTIVE PREFORMED PAVEMENT MARKING, TYPE 4,",LF,14,ne_ndot_aup_calendar_2018 | ne_ndot_aup_calendar_2020 | ne_ndot_aup_calendar_2021 | ne_ndot_aup_calendar_2022 | ne_ndot_aup_calendar_2023 | ne_ndot_aup_calendar_2024 | ne_ndot_aup_calendar_2025 | ne_ndot_aup_july_june_2018_2019 | ne_ndot_aup_july_june_2019_2020 | ne_ndot_aup_july_june_2021_2022 | ne_ndot_aup_july_june_2022_2023 | ne_ndot_aup_july_june_2023_2024 | ne_ndot_aup_july_june_2024_2025 | ne_ndot_aup_july_june_2025_2026,needs_review,"Do not merge incompatible meanings or units automatically. Review source period, catalog authority, and any effective-date evidence before enabling Nebraska."
ne_ndot_identity_conflict_7517.11,7517.11,ne_ndot_7517.11,description,,,"10"" WHITE WET REFLECTIVE PREFORMED PAVEMENT MARKING, TYPE 4 | 10"" WHITE WET REFLECTIVE PREFORMED PAVEMENT MARKING, TYPE 4 GROOVED",LF,7,ne_ndot_aup_calendar_2018 | ne_ndot_aup_calendar_2019 | ne_ndot_aup_calendar_2020 | ne_ndot_aup_calendar_2021 | ne_ndot_aup_july_june_2018_2019 | ne_ndot_aup_july_june_2019_2020 | ne_ndot_aup_july_june_2020_2021,needs_review,"Do not merge incompatible meanings or units automatically. Review source period, catalog authority, and any effective-date evidence before enabling Nebraska."
ne_ndot_identity_conflict_7517.12,7517.12,ne_ndot_7517.12,description,"12"" WHITE WET REFLECTIVE PREFORMED PAVEMENT MARKING, TYPE 4, GROOVED",LIN FT,"12"" WHITE WET REFLECTIVE PREFORMED PAVEMENT MARKING, TYPE 4, | 12"" WHITE WET REFLECTIVE PREFORMED PAVEMENT MARKING, TYPE 4, GROOVED",LF,14,ne_ndot_aup_calendar_2018 | ne_ndot_aup_calendar_2019 | ne_ndot_aup_calendar_2020 | ne_ndot_aup_calendar_2022 | ne_ndot_aup_calendar_2023 | ne_ndot_aup_calendar_2024 | ne_ndot_aup_july_june_2017_2018 | ne_ndot_aup_july_june_2018_2019 | ne_ndot_aup_july_june_2019_2020 | ne_ndot_aup_july_june_2020_2021 | ne_ndot_aup_july_june_2021_2022 | ne_ndot_aup_july_june_2022_2023 | ne_ndot_aup_july_june_2023_2024 | ne_ndot_aup_july_june_2024_2025,needs_review,"Do not merge incompatible meanings or units automatically. Review source period, catalog authority, and any effective-date evidence before enabling Nebraska."
ne_ndot_identity_conflict_7517.18,7517.18,ne_ndot_7517.18,description,,,"18"" WHITE WET REFLECTIVE PREFORMED PAVEMENT MARKING, TYPE 4, | 18"" WHITE WET REFLECTIVE PREFORMED PAVEMENT MARKING, TYPE 4, GROOVED",LF,7,ne_ndot_aup_calendar_2018 | ne_ndot_aup_calendar_2019 | ne_ndot_aup_calendar_2020 | ne_ndot_aup_calendar_2022 | ne_ndot_aup_july_june_2019_2020 | ne_ndot_aup_july_june_2020_2021 | ne_ndot_aup_july_june_2022_2023,needs_review,"Do not merge incompatible meanings or units automatically. Review source period, catalog authority, and any effective-date evidence before enabling Nebraska."
ne_ndot_identity_conflict_7517.20,7517.20,ne_ndot_7517.20,description,,,"16"" WHITE WET REFLECTIVE PREFORMED PAVEMENT MARKING, TYPE 4, | 16"" WHITE WET REFLECTIVE PREFORMED PAVEMENT MARKING, TYPE 4, GROOVED",LF,9,ne_ndot_aup_calendar_2018 | ne_ndot_aup_calendar_2019 | ne_ndot_aup_calendar_2020 | ne_ndot_aup_calendar_2021 | ne_ndot_aup_calendar_2025 | ne_ndot_aup_july_june_2018_2019 | ne_ndot_aup_july_june_2019_2020 | ne_ndot_aup_july_june_2020_2021 | ne_ndot_aup_july_june_2025_2026,needs_review,"Do not merge incompatible meanings or units automatically. Review source period, catalog authority, and any effective-date evidence before enabling Nebraska."
ne_ndot_identity_conflict_7517.24,7517.24,ne_ndot_7517.24,description,"24"" WHITE WET REFLECTIVE PREFORMED PAVEMENT MARKING, TYPE 4, GROOVED",LIN FT,"24"" WHITE WET REFLECTIVE PREFORMED PAVEMENT MARKING, TYPE 4, | 24"" WHITE WET REFLECTIVE PREFORMED PAVEMENT MARKING, TYPE 4, GROOVED",LF,11,ne_ndot_aup_calendar_2018 | ne_ndot_aup_calendar_2019 | ne_ndot_aup_calendar_2020 | ne_ndot_aup_calendar_2021 | ne_ndot_aup_calendar_2022 | ne_ndot_aup_july_june_2017_2018 | ne_ndot_aup_july_june_2018_2019 | ne_ndot_aup_july_june_2019_2020 | ne_ndot_aup_july_june_2020_2021 | ne_ndot_aup_july_june_2021_2022 | ne_ndot_aup_july_june_2022_2023,needs_review,"Do not merge incompatible meanings or units automatically. Review source period, catalog authority, and any effective-date evidence before enabling Nebraska."
ne_ndot_identity_conflict_7518.04,7518.04,ne_ndot_7518.04,description,"4"" YELLOW WET REFLECTIVE PREFORMED PAVEMENT MARKING, TYPE 4, GROOVED",LIN FT,"4"" YELLOW WET REFLECTIVE PREFORMED PAVEMENT MARKING, TYPE 4, | 4"" YELLOW WET REFLECTIVE PREFORMED PAVEMENT MARKING, TYPE 4, GROOVED",LF,10,ne_ndot_aup_calendar_2018 | ne_ndot_aup_calendar_2019 | ne_ndot_aup_calendar_2020 | ne_ndot_aup_calendar_2021 | ne_ndot_aup_calendar_2022 | ne_ndot_aup_july_june_2017_2018 | ne_ndot_aup_july_june_2018_2019 | ne_ndot_aup_july_june_2019_2020 | ne_ndot_aup_july_june_2020_2021 | ne_ndot_aup_july_june_2021_2022,needs_review,"Do not merge incompatible meanings or units automatically. Review source period, catalog authority, and any effective-date evidence before enabling Nebraska."
ne_ndot_identity_conflict_7518.05,7518.05,ne_ndot_7518.05,description,"5"" YELLOW WET REFLECTIVE PREFORMED PAVEMENT MARKING, TYPE 4, GROOVED",LIN FT,"152"" ""Y YEELLLLOOWW W WEETT R REEFFLELECCTTIVIVEE P PRREEFFOORRMMEEDD P PAAVVEEMMEENNTT M MAARRKKININGG, T, TYYPPEE 4 ,4 G, ROOVED | 5"" YELLOW WET REFLECTIVE PREFORMED PAVEMENT MARKING, TYPE 4, | 5"" YELLOW WET REFLECTIVE PREFORMED PAVEMENT MARKING, TYPE 4, GROOVED",LF,13,ne_ndot_aup_calendar_2018 | ne_ndot_aup_calendar_2019 | ne_ndot_aup_calendar_2020 | ne_ndot_aup_calendar_2021 | ne_ndot_aup_calendar_2022 | ne_ndot_aup_calendar_2023 | ne_ndot_aup_calendar_2024 | ne_ndot_aup_july_june_2017_2018 | ne_ndot_aup_july_june_2018_2019 | ne_ndot_aup_july_june_2019_2020 | ne_ndot_aup_july_june_2020_2021 | ne_ndot_aup_july_june_2022_2023 | ne_ndot_aup_july_june_2023_2024,needs_review,"Do not merge incompatible meanings or units automatically. Review source period, catalog authority, and any effective-date evidence before enabling Nebraska."
ne_ndot_identity_conflict_7518.12,7518.12,ne_ndot_7518.12,description,"12"" YELLOW WET REFLECTIVE PREFORMED PAVEMENT MARKING, TYPE 4, GROOVED",LIN FT,"12"" YELLOW WET REFLECTIVE PREFORMED PAVEMENT MARKING, TYPE 4, | 12"" YELLOW WET REFLECTIVE PREFORMED PAVEMENT MARKING, TYPE 4, GROOVED | GROOVED",LF,17,ne_ndot_aup_calendar_2018 | ne_ndot_aup_calendar_2019 | ne_ndot_aup_calendar_2020 | ne_ndot_aup_calendar_2021 | ne_ndot_aup_calendar_2022 | ne_ndot_aup_calendar_2023 | ne_ndot_aup_calendar_2024 | ne_ndot_aup_calendar_2025 | ne_ndot_aup_july_june_2017_2018 | ne_ndot_aup_july_june_2018_2019 | ne_ndot_aup_july_june_2019_2020 | ne_ndot_aup_july_june_2020_2021 | ne_ndot_aup_july_june_2021_2022 | ne_ndot_aup_july_june_2022_2023 | ne_ndot_aup_july_june_2023_2024 | ne_ndot_aup_july_june_2024_2025 | ne_ndot_aup_july_june_2025_2026,needs_review,"Do not merge incompatible meanings or units automatically. Review source period, catalog authority, and any effective-date evidence before enabling Nebraska."
ne_ndot_identity_conflict_7518.18,7518.18,ne_ndot_7518.18,description,,,"18"" WHITE WET REFLECTIVE PREFORMED PAVEMENT MARKING, TYPE 3, | 18"" WHITE WET REFLECTIVE PREFORMED PAVEMENT MARKING, TYPE 3, GROOVED | WET REFLECTIVE PREFORMED PAVEMENT MARKING, TYPE 3, GROOVED",LF,5,ne_ndot_aup_calendar_2020 | ne_ndot_aup_calendar_2024 | ne_ndot_aup_july_june_2017_2018 | ne_ndot_aup_july_june_2019_2020 | ne_ndot_aup_july_june_2023_2024,needs_review,"Do not merge incompatible meanings or units automatically. Review source period, catalog authority, and any effective-date evidence before enabling Nebraska."
ne_ndot_identity_conflict_7518.24,7518.24,ne_ndot_7518.24,description,,,"24"" WHITE WET REFLECTIVE PREFORMED PAVEMENT MARKING, TYPE 3, | 24"" WHITE WET REFLECTIVE PREFORMED PAVEMENT MARKING, TYPE 3, GROOVED",LF,5,ne_ndot_aup_calendar_2020 | ne_ndot_aup_calendar_2024 | ne_ndot_aup_july_june_2017_2018 | ne_ndot_aup_july_june_2019_2020 | ne_ndot_aup_july_june_2023_2024,needs_review,"Do not merge incompatible meanings or units automatically. Review source period, catalog authority, and any effective-date evidence before enabling Nebraska."
ne_ndot_identity_conflict_7519.00,7519.00,ne_ndot_7519.00,description,"ARROW, WET REFLECTIVE PREFORMED PAVEMENT MARKING, TYPE 4, GROOVED",EACH,"ARROW, WET REFLECTIVE PREFORMED PAVEMENT MARKING, TYPE 4, | ARROW, WET REFLECTIVE PREFORMED PAVEMENT MARKING, TYPE 4, GROOVED | REFLECTIVE PREFORMED PAVEMENT MARKING, TYPE 4, GROOVED",EACH,4,ne_ndot_aup_calendar_2020 | ne_ndot_aup_calendar_2022 | ne_ndot_aup_july_june_2019_2020 | ne_ndot_aup_july_june_2022_2023,needs_review,"Do not merge incompatible meanings or units automatically. Review source period, catalog authority, and any effective-date evidence before enabling Nebraska."
ne_ndot_identity_conflict_7519.05,7519.05,ne_ndot_7519.05,description,"RAILROAD CROSSING SYMBOL, WET REFLECTIVE PREFORMED PAVEMENT MARKING, TYPE 4, GROOVED",EACH,"RAILROAD CROSSING SYMBOL, WET REFLECTIVE PREFORMED PAVEMENT | RAILROAD CROSSING SYMBOL, WET REFLECTIVE PREFORMED PAVEMENT MARKING, TYPE 4, GROOVED",EACH,4,ne_ndot_aup_calendar_2022 | ne_ndot_aup_calendar_2023 | ne_ndot_aup_july_june_2022_2023 | ne_ndot_aup_july_june_2023_2024,needs_review,"Do not merge incompatible meanings or units automatically. Review source period, catalog authority, and any effective-date evidence before enabling Nebraska."
ne_ndot_identity_conflict_7520.03,7520.03,ne_ndot_7520.03,description,,,"CROSSWALK, PERMANENT PAVEMENT MARKING | MARKING",LF,10,ne_ndot_aup_calendar_2018 | ne_ndot_aup_calendar_2022 | ne_ndot_aup_calendar_2023 | ne_ndot_aup_calendar_2024 | ne_ndot_aup_calendar_2025 | ne_ndot_aup_july_june_2017_2018 | ne_ndot_aup_july_june_2022_2023 | ne_ndot_aup_july_june_2023_2024 | ne_ndot_aup_july_june_2024_2025 | ne_ndot_aup_july_june_2025_2026,needs_review,"Do not merge incompatible meanings or units automatically. Review source period, catalog authority, and any effective-date evidence before enabling Nebraska."
ne_ndot_identity_conflict_7520.15,7520.15,ne_ndot_7520.15,description,,,"LANE REDUCTION ARROW, PREFORMED PAVEMENT MARKING, TYPE 4 | LANE REDUCTION ARROW, PREFORMED PAVEMENT MARKING, TYPE 4 GROOVED",EACH,4,ne_ndot_aup_calendar_2020 | ne_ndot_aup_calendar_2022 | ne_ndot_aup_july_june_2019_2020 | ne_ndot_aup_july_june_2022_2023,needs_review,"Do not merge incompatible meanings or units automatically. Review source period, catalog authority, and any effective-date evidence before enabling Nebraska."
ne_ndot_identity_conflict_7541.15,7541.15,ne_ndot_7541.15,description,"5"" WHITE PREFORMED WET REFLECTIVE CONTRAST PAVEMENT MARKING, TYPE 4, GROOVED",LIN FT," | 5"" WHITE PREFORMED WET REFLECTIVE CONTRAST PAVEMENT MARKING, | 5"" WHITE PREFORMED WET REFLECTIVE CONTRAST PAVEMENT MARKING, TYPE 4,",LF,6,ne_ndot_aup_calendar_2018 | ne_ndot_aup_calendar_2019 | ne_ndot_aup_calendar_2020 | ne_ndot_aup_july_june_2018_2019 | ne_ndot_aup_july_june_2019_2020 | ne_ndot_aup_july_june_2020_2021,needs_review,"Do not merge incompatible meanings or units automatically. Review source period, catalog authority, and any effective-date evidence before enabling Nebraska."
ne_ndot_identity_conflict_7560.01,7560.01,ne_ndot_7560.01,description,PAINT STRIPING,MILE, | PAINT STRIPING,MILE,17,ne_ndot_aup_calendar_2018 | ne_ndot_aup_calendar_2019 | ne_ndot_aup_calendar_2020 | ne_ndot_aup_calendar_2021 | ne_ndot_aup_calendar_2022 | ne_ndot_aup_calendar_2023 | ne_ndot_aup_calendar_2024 | ne_ndot_aup_calendar_2025 | ne_ndot_aup_july_june_2017_2018 | ne_ndot_aup_july_june_2018_2019 | ne_ndot_aup_july_june_2019_2020 | ne_ndot_aup_july_june_2020_2021 | ne_ndot_aup_july_june_2021_2022 | ne_ndot_aup_july_june_2022_2023 | ne_ndot_aup_july_june_2023_2024 | ne_ndot_aup_july_june_2024_2025 | ne_ndot_aup_july_june_2025_2026,needs_review,"Do not merge incompatible meanings or units automatically. Review source period, catalog authority, and any effective-date evidence before enabling Nebraska."
ne_ndot_identity_conflict_8022.14,8022.14,ne_ndot_8022.14,description,HYDRATED LIME FOR ASPHALT MIXTURES FOR STATE MAINTENANCE PATCHING,TON,HYDRATED LIME FOR ASPHALT MIXTURES FOR STATE MAINTENANCE | HYDRATED LIME FOR ASPHALT MIXTURES FOR STATE MAINTENANCE PATCHING,TON,6,ne_ndot_aup_calendar_2020 | ne_ndot_aup_calendar_2021 | ne_ndot_aup_calendar_2022 | ne_ndot_aup_july_june_2019_2020 | ne_ndot_aup_july_june_2021_2022 | ne_ndot_aup_july_june_2022_2023,needs_review,"Do not merge incompatible meanings or units automatically. Review source period, catalog authority, and any effective-date evidence before enabling Nebraska."
ne_ndot_identity_conflict_9009.00,9009.00,ne_ndot_9009.00,description,PLACEMENT OF ASPHALTIC CONCRETE FOR DRIVEWAYS AND,SQ YD,PLACEMENT OF ASPHALTIC CONCRETE FOR DRIVEWAYS AND INTERSECTIONS,SY,17,ne_ndot_aup_calendar_2018 | ne_ndot_aup_calendar_2019 | ne_ndot_aup_calendar_2020 | ne_ndot_aup_calendar_2021 | ne_ndot_aup_calendar_2022 | ne_ndot_aup_calendar_2023 | ne_ndot_aup_calendar_2024 | ne_ndot_aup_calendar_2025 | ne_ndot_aup_july_june_2017_2018 | ne_ndot_aup_july_june_2018_2019 | ne_ndot_aup_july_june_2019_2020 | ne_ndot_aup_july_june_2020_2021 | ne_ndot_aup_july_june_2021_2022 | ne_ndot_aup_july_june_2022_2023 | ne_ndot_aup_july_june_2023_2024 | ne_ndot_aup_july_june_2024_2025 | ne_ndot_aup_july_june_2025_2026,needs_review,"Do not merge incompatible meanings or units automatically. Review source period, catalog authority, and any effective-date evidence before enabling Nebraska."
ne_ndot_identity_conflict_9020.86,9020.86,ne_ndot_9020.86,description,,,PERFORMANCE GRADED BINDER (58H-34) FOR STATE MAINTENANCE | PERFORMANCE GRADED BINDER (58H-34) FOR STATE MAINTENANCE PATCHING,TON,17,ne_ndot_aup_calendar_2018 | ne_ndot_aup_calendar_2019 | ne_ndot_aup_calendar_2020 | ne_ndot_aup_calendar_2021 | ne_ndot_aup_calendar_2022 | ne_ndot_aup_calendar_2023 | ne_ndot_aup_calendar_2024 | ne_ndot_aup_calendar_2025 | ne_ndot_aup_july_june_2017_2018 | ne_ndot_aup_july_june_2018_2019 | ne_ndot_aup_july_june_2019_2020 | ne_ndot_aup_july_june_2020_2021 | ne_ndot_aup_july_june_2021_2022 | ne_ndot_aup_july_june_2022_2023 | ne_ndot_aup_july_june_2023_2024 | ne_ndot_aup_july_june_2024_2025 | ne_ndot_aup_july_june_2025_2026,needs_review,"Do not merge incompatible meanings or units automatically. Review source period, catalog authority, and any effective-date evidence before enabling Nebraska."
ne_ndot_identity_conflict_9020.87,9020.87,ne_ndot_9020.87,description,,,PERFORMANCE GRADED BINDER (58V-34) FOR STATE MAINTENANCE | PERFORMANCE GRADED BINDER (58V-34) FOR STATE MAINTENANCE PATCHING,TON,17,ne_ndot_aup_calendar_2018 | ne_ndot_aup_calendar_2019 | ne_ndot_aup_calendar_2020 | ne_ndot_aup_calendar_2021 | ne_ndot_aup_calendar_2022 | ne_ndot_aup_calendar_2023 | ne_ndot_aup_calendar_2024 | ne_ndot_aup_calendar_2025 | ne_ndot_aup_july_june_2017_2018 | ne_ndot_aup_july_june_2018_2019 | ne_ndot_aup_july_june_2019_2020 | ne_ndot_aup_july_june_2020_2021 | ne_ndot_aup_july_june_2021_2022 | ne_ndot_aup_july_june_2022_2023 | ne_ndot_aup_july_june_2023_2024 | ne_ndot_aup_july_june_2024_2025 | ne_ndot_aup_july_june_2025_2026,needs_review,"Do not merge incompatible meanings or units automatically. Review source period, catalog authority, and any effective-date evidence before enabling Nebraska."
ne_ndot_identity_conflict_9020.88,9020.88,ne_ndot_9020.88,description,,,PERFORMANCE GRADED BINDER (58S-34) FOR STATE MAINTENANCE | PERFORMANCE GRADED BINDER (58S-34) FOR STATE MAINTENANCE PATCHING,TON,17,ne_ndot_aup_calendar_2018 | ne_ndot_aup_calendar_2019 | ne_ndot_aup_calendar_2020 | ne_ndot_aup_calendar_2021 | ne_ndot_aup_calendar_2022 | ne_ndot_aup_calendar_2023 | ne_ndot_aup_calendar_2024 | ne_ndot_aup_calendar_2025 | ne_ndot_aup_july_june_2017_2018 | ne_ndot_aup_july_june_2018_2019 | ne_ndot_aup_july_june_2019_2020 | ne_ndot_aup_july_june_2020_2021 | ne_ndot_aup_july_june_2021_2022 | ne_ndot_aup_july_june_2022_2023 | ne_ndot_aup_july_june_2023_2024 | ne_ndot_aup_july_june_2024_2025 | ne_ndot_aup_july_june_2025_2026,needs_review,"Do not merge incompatible meanings or units automatically. Review source period, catalog authority, and any effective-date evidence before enabling Nebraska."
ne_ndot_identity_conflict_9110.27,9110.27,ne_ndot_9110.27,description,"RENTAL OF CRAWLER MOUNTED HYDRAULIC EXCAVATOR, FULLY OPERATED",HOUR,"RENTAL OF CRAWLER MOUNTED HYDRAULIC EXCAVATOR, FULLY OPERATE | RENTAL OF CRAWLER MOUNTED HYDRAULIC EXCAVATOR, FULLY OPERATED",HOUR,17,ne_ndot_aup_calendar_2018 | ne_ndot_aup_calendar_2019 | ne_ndot_aup_calendar_2020 | ne_ndot_aup_calendar_2021 | ne_ndot_aup_calendar_2022 | ne_ndot_aup_calendar_2023 | ne_ndot_aup_calendar_2024 | ne_ndot_aup_calendar_2025 | ne_ndot_aup_july_june_2017_2018 | ne_ndot_aup_july_june_2018_2019 | ne_ndot_aup_july_june_2019_2020 | ne_ndot_aup_july_june_2020_2021 | ne_ndot_aup_july_june_2021_2022 | ne_ndot_aup_july_june_2022_2023 | ne_ndot_aup_july_june_2023_2024 | ne_ndot_aup_july_june_2024_2025 | ne_ndot_aup_july_june_2025_2026,needs_review,"Do not merge incompatible meanings or units automatically. Review source period, catalog authority, and any effective-date evidence before enabling Nebraska."
ne_ndot_identity_conflict_9110.28,9110.28,ne_ndot_9110.28,description,,,"RENTAL OF LONG REACH CRAWLER MOUNTED HYDRAULIC EXCAVATOR, | RENTAL OF LONG REACH CRAWLER MOUNTED HYDRAULIC EXCAVATOR, FULLY",HOUR,3,ne_ndot_aup_calendar_2018 | ne_ndot_aup_calendar_2023 | ne_ndot_aup_july_june_2022_2023,needs_review,"Do not merge incompatible meanings or units automatically. Review source period, catalog authority, and any effective-date evidence before enabling Nebraska."
ne_ndot_identity_conflict_9111.00,9111.00,ne_ndot_9111.00,description,WATER,M GAL, | WATER,MGAL,17,ne_ndot_aup_calendar_2018 | ne_ndot_aup_calendar_2019 | ne_ndot_aup_calendar_2020 | ne_ndot_aup_calendar_2021 | ne_ndot_aup_calendar_2022 | ne_ndot_aup_calendar_2023 | ne_ndot_aup_calendar_2024 | ne_ndot_aup_calendar_2025 | ne_ndot_aup_july_june_2017_2018 | ne_ndot_aup_july_june_2018_2019 | ne_ndot_aup_july_june_2019_2020 | ne_ndot_aup_july_june_2020_2021 | ne_ndot_aup_july_june_2021_2022 | ne_ndot_aup_july_june_2022_2023 | ne_ndot_aup_july_june_2023_2024 | ne_ndot_aup_july_june_2024_2025 | ne_ndot_aup_july_june_2025_2026,needs_review,"Do not merge incompatible meanings or units automatically. Review source period, catalog authority, and any effective-date evidence before enabling Nebraska."
ne_ndot_identity_conflict_9300.50,9300.50,ne_ndot_9300.50,unit,ASPHALT PAVEMENT SMOOTHNESS TESTING,LUMP SUM,ASPHALT PAVEMENT SMOOTHNESS TESTING,LS | MILE,17,ne_ndot_aup_calendar_2018 | ne_ndot_aup_calendar_2019 | ne_ndot_aup_calendar_2020 | ne_ndot_aup_calendar_2021 | ne_ndot_aup_calendar_2022 | ne_ndot_aup_calendar_2023 | ne_ndot_aup_calendar_2024 | ne_ndot_aup_calendar_2025 | ne_ndot_aup_july_june_2017_2018 | ne_ndot_aup_july_june_2018_2019 | ne_ndot_aup_july_june_2019_2020 | ne_ndot_aup_july_june_2020_2021 | ne_ndot_aup_july_june_2021_2022 | ne_ndot_aup_july_june_2022_2023 | ne_ndot_aup_july_june_2023_2024 | ne_ndot_aup_july_june_2024_2025 | ne_ndot_aup_july_june_2025_2026,needs_review,"Do not merge incompatible meanings or units automatically. Review source period, catalog authority, and any effective-date evidence before enabling Nebraska."
ne_ndot_identity_conflict_9300.52,9300.52,ne_ndot_9300.52,unit,ASPHALT PAVEMENT SMOOTHNESS TESTING I/D,LUMP SUM,ASPHALT PAVEMENT SMOOTHNESS TESTING I/D,LS | MILE,17,ne_ndot_aup_calendar_2018 | ne_ndot_aup_calendar_2019 | ne_ndot_aup_calendar_2020 | ne_ndot_aup_calendar_2021 | ne_ndot_aup_calendar_2022 | ne_ndot_aup_calendar_2023 | ne_ndot_aup_calendar_2024 | ne_ndot_aup_calendar_2025 | ne_ndot_aup_july_june_2017_2018 | ne_ndot_aup_july_june_2018_2019 | ne_ndot_aup_july_june_2019_2020 | ne_ndot_aup_july_june_2020_2021 | ne_ndot_aup_july_june_2021_2022 | ne_ndot_aup_july_june_2022_2023 | ne_ndot_aup_july_june_2023_2024 | ne_ndot_aup_july_june_2024_2025 | ne_ndot_aup_july_june_2025_2026,needs_review,"Do not merge incompatible meanings or units automatically. Review source period, catalog authority, and any effective-date evidence before enabling Nebraska."
