specification_reference,normalized_section,section_found_in_2017_specifications,taxonomy_status,notes
112.00,112,true,supported,Reference matches a 2017 Standard Specifications section.
114.00,114,true,supported,Reference matches a 2017 Standard Specifications section.
202.00,202,true,supported,Reference matches a 2017 Standard Specifications section.
203.00,203,true,supported,Reference matches a 2017 Standard Specifications section.
205.00,205,true,supported,Reference matches a 2017 Standard Specifications section.
206.00,206,true,supported,Reference matches a 2017 Standard Specifications section.
207.00,207,true,supported,Reference matches a 2017 Standard Specifications section.
208.00,208,true,supported,Reference matches a 2017 Standard Specifications section.
209.00,209,true,supported,Reference matches a 2017 Standard Specifications section.
302.00,302,true,supported,Reference matches a 2017 Standard Specifications section.
303.00,303,true,supported,Reference matches a 2017 Standard Specifications section.
304.00,304,true,supported,Reference matches a 2017 Standard Specifications section.
305.00,305,true,supported,Reference matches a 2017 Standard Specifications section.
306.00,306,true,supported,Reference matches a 2017 Standard Specifications section.
307.00,307,true,supported,Reference matches a 2017 Standard Specifications section.
308.00,308,true,supported,Reference matches a 2017 Standard Specifications section.
309.00,309,true,supported,Reference matches a 2017 Standard Specifications section.
310.00,310,true,supported,Reference matches a 2017 Standard Specifications section.
311.00,311,true,supported,Reference matches a 2017 Standard Specifications section.
312.00,312,true,supported,Reference matches a 2017 Standard Specifications section.
405.00,405,true,supported,Reference matches a 2017 Standard Specifications section.
417.00,417,true,supported,Reference matches a 2017 Standard Specifications section.
418.00,418,true,supported,Reference matches a 2017 Standard Specifications section.
419.00,419,true,supported,Reference matches a 2017 Standard Specifications section.
420.00,420,true,supported,Reference matches a 2017 Standard Specifications section.
420.02,420,true,supported,Reference matches a 2017 Standard Specifications section.
421.00,421,true,supported,Reference matches a 2017 Standard Specifications section.
422.00,422,true,supported,Reference matches a 2017 Standard Specifications section.
423.00,423,true,supported,Reference matches a 2017 Standard Specifications section.
425.00,425,false,unclassified_pending_review,No matching 2017 section heading found; keep item in the unclassified fallback until reviewed.
503.00,503,true,supported,Reference matches a 2017 Standard Specifications section.
504.00,504,true,supported,Reference matches a 2017 Standard Specifications section.
505.00,505,true,supported,Reference matches a 2017 Standard Specifications section.
506.00,506,true,supported,Reference matches a 2017 Standard Specifications section.
507.00,507,true,supported,Reference matches a 2017 Standard Specifications section.
508.00,508,true,supported,Reference matches a 2017 Standard Specifications section.
509.00,509,true,supported,Reference matches a 2017 Standard Specifications section.
510.00,510,true,supported,Reference matches a 2017 Standard Specifications section.
511.00,511,true,supported,Reference matches a 2017 Standard Specifications section.
512.00,512,true,supported,Reference matches a 2017 Standard Specifications section.
513.00,513,true,supported,Reference matches a 2017 Standard Specifications section.
514.00,514,true,supported,Reference matches a 2017 Standard Specifications section.
515.00,515,true,supported,Reference matches a 2017 Standard Specifications section.
516.00,516,true,supported,Reference matches a 2017 Standard Specifications section.
518.00,518,true,supported,Reference matches a 2017 Standard Specifications section.
519.00,519,true,supported,Reference matches a 2017 Standard Specifications section.
520.00,520,true,supported,Reference matches a 2017 Standard Specifications section.
603.00,603,true,supported,Reference matches a 2017 Standard Specifications section.
604.00,604,true,supported,Reference matches a 2017 Standard Specifications section.
605.00,605,true,supported,Reference matches a 2017 Standard Specifications section.
606.00,606,true,supported,Reference matches a 2017 Standard Specifications section.
606.05,606,true,supported,Reference matches a 2017 Standard Specifications section.
607.00,607,true,supported,Reference matches a 2017 Standard Specifications section.
608.00,608,true,supported,Reference matches a 2017 Standard Specifications section.
609.00,609,true,supported,Reference matches a 2017 Standard Specifications section.
611.00,611,true,supported,Reference matches a 2017 Standard Specifications section.
612.00,612,true,supported,Reference matches a 2017 Standard Specifications section.
702.00,702,true,supported,Reference matches a 2017 Standard Specifications section.
703.00,703,true,supported,Reference matches a 2017 Standard Specifications section.
704.00,704,true,supported,Reference matches a 2017 Standard Specifications section.
705.00,705,true,supported,Reference matches a 2017 Standard Specifications section.
706.00,706,true,supported,Reference matches a 2017 Standard Specifications section.
707.00,707,true,supported,Reference matches a 2017 Standard Specifications section.
708.00,708,true,supported,Reference matches a 2017 Standard Specifications section.
709.00,709,true,supported,Reference matches a 2017 Standard Specifications section.
710.00,710,true,supported,Reference matches a 2017 Standard Specifications section.
711.00,711,true,supported,Reference matches a 2017 Standard Specifications section.
712.00,712,true,supported,Reference matches a 2017 Standard Specifications section.
713.00,713,true,supported,Reference matches a 2017 Standard Specifications section.
714.00,714,true,supported,Reference matches a 2017 Standard Specifications section.
715.00,715,true,supported,Reference matches a 2017 Standard Specifications section.
716.00,716,true,supported,Reference matches a 2017 Standard Specifications section.
718.00,718,true,supported,Reference matches a 2017 Standard Specifications section.
719.00,719,true,supported,Reference matches a 2017 Standard Specifications section.
720.00,720,true,supported,Reference matches a 2017 Standard Specifications section.
721.00,721,true,supported,Reference matches a 2017 Standard Specifications section.
721.05,721,true,supported,Reference matches a 2017 Standard Specifications section.
722.00,722,true,supported,Reference matches a 2017 Standard Specifications section.
723.00,723,true,supported,Reference matches a 2017 Standard Specifications section.
724.00,724,true,supported,Reference matches a 2017 Standard Specifications section.
725.00,725,true,supported,Reference matches a 2017 Standard Specifications section.
726.00,726,true,supported,Reference matches a 2017 Standard Specifications section.
727.00,727,true,supported,Reference matches a 2017 Standard Specifications section.
728.00,728,true,supported,Reference matches a 2017 Standard Specifications section.
729.00,729,true,supported,Reference matches a 2017 Standard Specifications section.
730.00,730,true,supported,Reference matches a 2017 Standard Specifications section.
731.00,731,true,supported,Reference matches a 2017 Standard Specifications section.
734.00,734,true,supported,Reference matches a 2017 Standard Specifications section.
810.00,810,true,supported,Reference matches a 2017 Standard Specifications section.
901.00,901,true,supported,Reference matches a 2017 Standard Specifications section.
902.00,902,true,supported,Reference matches a 2017 Standard Specifications section.
903.00,903,true,supported,Reference matches a 2017 Standard Specifications section.
903.03,903,true,supported,Reference matches a 2017 Standard Specifications section.
905.00,905,true,supported,Reference matches a 2017 Standard Specifications section.
906.00,906,true,supported,Reference matches a 2017 Standard Specifications section.
907.00,907,true,supported,Reference matches a 2017 Standard Specifications section.
908.00,908,true,supported,Reference matches a 2017 Standard Specifications section.
909.00,909,true,supported,Reference matches a 2017 Standard Specifications section.
910.00,910,true,supported,Reference matches a 2017 Standard Specifications section.
911.00,911,true,supported,Reference matches a 2017 Standard Specifications section.
912.00,912,true,supported,Reference matches a 2017 Standard Specifications section.
913.00,913,true,supported,Reference matches a 2017 Standard Specifications section.
914.00,914,true,supported,Reference matches a 2017 Standard Specifications section.
915.00,915,true,supported,Reference matches a 2017 Standard Specifications section.
916.00,916,true,supported,Reference matches a 2017 Standard Specifications section.
917.00,917,true,supported,Reference matches a 2017 Standard Specifications section.
918.00,918,true,supported,Reference matches a 2017 Standard Specifications section.
919.00,919,true,supported,Reference matches a 2017 Standard Specifications section.
920.00,920,true,supported,Reference matches a 2017 Standard Specifications section.
921.00,921,true,supported,Reference matches a 2017 Standard Specifications section.
