letting_id,source_id,state,agency_id,letting_date,letting_label
sd_sddot_2019_01_16,sd_sddot_bid_tabs_2019_01_16,SD,sd_sddot,2019-01-16,"January 16, 2019"
sd_sddot_2019_01_23,sd_sddot_bid_tabs_2019_01_23,SD,sd_sddot,2019-01-23,"January 23, 2019"
sd_sddot_2019_02_06,sd_sddot_bid_tabs_2019_02_06,SD,sd_sddot,2019-02-06,"February 6, 2019"
sd_sddot_2019_02_20,sd_sddot_bid_tabs_2019_02_20,SD,sd_sddot,2019-02-20,"February 20,2019"
sd_sddot_2019_03_06,sd_sddot_bid_tabs_2019_03_06,SD,sd_sddot,2019-03-06,"March 6, 2019"
sd_sddot_2019_03_20,sd_sddot_bid_tabs_2019_03_20,SD,sd_sddot,2019-03-20,"March 20, 2019"
sd_sddot_2019_03_27,sd_sddot_bid_tabs_2019_03_27,SD,sd_sddot,2019-03-27,"March 27, 2019"
sd_sddot_2019_04_03,sd_sddot_bid_tabs_2019_04_03,SD,sd_sddot,2019-04-03,"April 3, 2019"
sd_sddot_2019_04_10,sd_sddot_bid_tabs_2019_04_10,SD,sd_sddot,2019-04-10,"April 10, 2019"
sd_sddot_2019_04_17,sd_sddot_bid_tabs_2019_04_17,SD,sd_sddot,2019-04-17,"April 17, 2019"
sd_sddot_2019_05_01,sd_sddot_bid_tabs_2019_05_01,SD,sd_sddot,2019-05-01,"May 1, 2019"
sd_sddot_2019_05_15,sd_sddot_bid_tabs_2019_05_15,SD,sd_sddot,2019-05-15,"May 15, 2019"
sd_sddot_2019_06_05,sd_sddot_bid_tabs_2019_06_05,SD,sd_sddot,2019-06-05,"June 5, 2019"
sd_sddot_2019_06_19,sd_sddot_bid_tabs_2019_06_19,SD,sd_sddot,2019-06-19,"June 19, 2019"
sd_sddot_2019_07_17,sd_sddot_bid_tabs_2019_07_17,SD,sd_sddot,2019-07-17,"July 17, 2019"
sd_sddot_2019_08_21,sd_sddot_bid_tabs_2019_08_21,SD,sd_sddot,2019-08-21,"August 21, 2019"
sd_sddot_2019_09_04,sd_sddot_bid_tabs_2019_09_04,SD,sd_sddot,2019-09-04,"September 4, 2019"
sd_sddot_2019_09_18,sd_sddot_bid_tabs_2019_09_18,SD,sd_sddot,2019-09-18,"September 18, 2019"
sd_sddot_2019_10_02,sd_sddot_bid_tabs_2019_10_02,SD,sd_sddot,2019-10-02,"October 2, 2019"
sd_sddot_2019_10_16,sd_sddot_bid_tabs_2019_10_16,SD,sd_sddot,2019-10-16,"October 16, 2019"
sd_sddot_2019_11_06,sd_sddot_bid_tabs_2019_11_06,SD,sd_sddot,2019-11-06,"November 6, 2019"
sd_sddot_2019_11_20,sd_sddot_bid_tabs_2019_11_20,SD,sd_sddot,2019-11-20,"November 20, 2019"
sd_sddot_2019_12_04,sd_sddot_bid_tabs_2019_12_04,SD,sd_sddot,2019-12-04,"December 4, 2019"
sd_sddot_2019_12_11,sd_sddot_bid_tabs_2019_12_11,SD,sd_sddot,2019-12-11,"December 11, 2019"
sd_sddot_2020_01_22,sd_sddot_bid_tabs_2020_01_22,SD,sd_sddot,2020-01-22,"January 22, 2020"
sd_sddot_2020_02_05,sd_sddot_bid_tabs_2020_02_05,SD,sd_sddot,2020-02-05,"February 5, 2020"
sd_sddot_2020_02_19,sd_sddot_bid_tabs_2020_02_19,SD,sd_sddot,2020-02-19,"February 19, 2020"
sd_sddot_2020_03_04,sd_sddot_bid_tabs_2020_03_04,SD,sd_sddot,2020-03-04,"March 4, 2020"
sd_sddot_2020_03_25,sd_sddot_bid_tabs_2020_03_25,SD,sd_sddot,2020-03-25,"March 25, 2020"
sd_sddot_2020_04_01,sd_sddot_bid_tabs_2020_04_01,SD,sd_sddot,2020-04-01,"April 1, 2020"
sd_sddot_2020_04_15,sd_sddot_bid_tabs_2020_04_15,SD,sd_sddot,2020-04-15,"April 15, 2020"
sd_sddot_2020_05_06,sd_sddot_bid_tabs_2020_05_06,SD,sd_sddot,2020-05-06,"May 6, 2020"
sd_sddot_2020_05_13,sd_sddot_bid_tabs_2020_05_13,SD,sd_sddot,2020-05-13,"May 13, 2020"
sd_sddot_2020_05_20,sd_sddot_bid_tabs_2020_05_20,SD,sd_sddot,2020-05-20,"May 20, 2020"
sd_sddot_2020_06_03,sd_sddot_bid_tabs_2020_06_03,SD,sd_sddot,2020-06-03,"June 3, 2020"
sd_sddot_2020_06_17,sd_sddot_bid_tabs_2020_06_17,SD,sd_sddot,2020-06-17,"June 17, 2020"
sd_sddot_2020_07_15,sd_sddot_bid_tabs_2020_07_15,SD,sd_sddot,2020-07-15,"July 15, 2020"
sd_sddot_2020_08_05,sd_sddot_bid_tabs_2020_08_05,SD,sd_sddot,2020-08-05,"August 5, 2020"
sd_sddot_2020_08_19,sd_sddot_bid_tabs_2020_08_19,SD,sd_sddot,2020-08-19,"August 19, 2020"
sd_sddot_2020_09_02,sd_sddot_bid_tabs_2020_09_02,SD,sd_sddot,2020-09-02,"September 2, 2020"
sd_sddot_2020_09_16,sd_sddot_bid_tabs_2020_09_16,SD,sd_sddot,2020-09-16,"September 16, 2020"
sd_sddot_2020_10_07,sd_sddot_bid_tabs_2020_10_07,SD,sd_sddot,2020-10-07,"October 7, 2020"
sd_sddot_2020_10_21,sd_sddot_bid_tabs_2020_10_21,SD,sd_sddot,2020-10-21,"October 21, 2020"
sd_sddot_2020_11_04,sd_sddot_bid_tabs_2020_11_04,SD,sd_sddot,2020-11-04,"November 4, 2020"
sd_sddot_2020_11_18,sd_sddot_bid_tabs_2020_11_18,SD,sd_sddot,2020-11-18,"November 18, 2020"
sd_sddot_2020_12_02,sd_sddot_bid_tabs_2020_12_02,SD,sd_sddot,2020-12-02,"December 2, 2020"
sd_sddot_2020_12_09,sd_sddot_bid_tabs_2020_12_09,SD,sd_sddot,2020-12-09,"December 9, 2020"
sd_sddot_2021_01_20,sd_sddot_bid_tabs_2021_01_20,SD,sd_sddot,2021-01-20,"January 20, 2021"
sd_sddot_2021_02_03,sd_sddot_bid_tabs_2021_02_03,SD,sd_sddot,2021-02-03,"February 3, 2021"
sd_sddot_2021_02_17,sd_sddot_bid_tabs_2021_02_17,SD,sd_sddot,2021-02-17,"February 17, 2021"
sd_sddot_2021_03_03,sd_sddot_bid_tabs_2021_03_03,SD,sd_sddot,2021-03-03,"March 3, 2021"
sd_sddot_2021_03_17,sd_sddot_bid_tabs_2021_03_17,SD,sd_sddot,2021-03-17,"March 17, 2021"
sd_sddot_2021_04_14,sd_sddot_bid_tabs_2021_04_14,SD,sd_sddot,2021-04-14,"April 14, 2021"
sd_sddot_2021_04_21,sd_sddot_bid_tabs_2021_04_21,SD,sd_sddot,2021-04-21,"April 21, 2021"
sd_sddot_2021_05_05,sd_sddot_bid_tabs_2021_05_05,SD,sd_sddot,2021-05-05,"May 5, 2021"
sd_sddot_2021_05_19,sd_sddot_bid_tabs_2021_05_19,SD,sd_sddot,2021-05-19,"May 19, 2021"
sd_sddot_2021_06_02,sd_sddot_bid_tabs_2021_06_02,SD,sd_sddot,2021-06-02,"June 2, 2021"
sd_sddot_2021_06_16,sd_sddot_bid_tabs_2021_06_16,SD,sd_sddot,2021-06-16,"June 16, 2021"
sd_sddot_2021_07_21,sd_sddot_bid_tabs_2021_07_21,SD,sd_sddot,2021-07-21,"July 21, 2021"
sd_sddot_2021_08_18,sd_sddot_bid_tabs_2021_08_18,SD,sd_sddot,2021-08-18,"August 18, 2021"
sd_sddot_2021_09_01,sd_sddot_bid_tabs_2021_09_01,SD,sd_sddot,2021-09-01,"September 1, 2021"
sd_sddot_2021_09_15,sd_sddot_bid_tabs_2021_09_15,SD,sd_sddot,2021-09-15,"September 15, 2021"
sd_sddot_2021_10_06,sd_sddot_bid_tabs_2021_10_06,SD,sd_sddot,2021-10-06,"October 6, 2021"
sd_sddot_2021_10_20,sd_sddot_bid_tabs_2021_10_20,SD,sd_sddot,2021-10-20,"October 20, 2021"
sd_sddot_2021_11_03,sd_sddot_bid_tabs_2021_11_03,SD,sd_sddot,2021-11-03,"November 3, 2021"
sd_sddot_2021_11_17,sd_sddot_bid_tabs_2021_11_17,SD,sd_sddot,2021-11-17,"November 17, 2021"
sd_sddot_2021_12_01,sd_sddot_bid_tabs_2021_12_01,SD,sd_sddot,2021-12-01,"December 1, 2021"
sd_sddot_2021_12_15,sd_sddot_bid_tabs_2021_12_15,SD,sd_sddot,2021-12-15,"December 15, 2021"
sd_sddot_2022_01_19,sd_sddot_bid_tabs_2022_01_19,SD,sd_sddot,2022-01-19,"January 19, 2022"
sd_sddot_2022_02_02,sd_sddot_bid_tabs_2022_02_02,SD,sd_sddot,2022-02-02,"February 2, 2022"
sd_sddot_2022_02_16,sd_sddot_bid_tabs_2022_02_16,SD,sd_sddot,2022-02-16,"February 16, 2022"
sd_sddot_2022_03_02,sd_sddot_bid_tabs_2022_03_02,SD,sd_sddot,2022-03-02,"March 2, 2022"
sd_sddot_2022_03_16,sd_sddot_bid_tabs_2022_03_16,SD,sd_sddot,2022-03-16,"March 16, 2022"
sd_sddot_2022_04_06,sd_sddot_bid_tabs_2022_04_06,SD,sd_sddot,2022-04-06,"April 6, 2022"
sd_sddot_2022_04_20,sd_sddot_bid_tabs_2022_04_20,SD,sd_sddot,2022-04-20,"April 20, 2022"
sd_sddot_2022_05_04,sd_sddot_bid_tabs_2022_05_04,SD,sd_sddot,2022-05-04,"May 4, 2022"
sd_sddot_2022_05_11,sd_sddot_bid_tabs_2022_05_11,SD,sd_sddot,2022-05-11,"May 11, 2022"
sd_sddot_2022_05_18,sd_sddot_bid_tabs_2022_05_18,SD,sd_sddot,2022-05-18,"May 18, 2022"
sd_sddot_2022_06_01,sd_sddot_bid_tabs_2022_06_01,SD,sd_sddot,2022-06-01,"June 1, 2022"
sd_sddot_2022_06_15,sd_sddot_bid_tabs_2022_06_15,SD,sd_sddot,2022-06-15,"June 15, 2022"
sd_sddot_2022_07_20,sd_sddot_bid_tabs_2022_07_20,SD,sd_sddot,2022-07-20,"July 20, 2022"
sd_sddot_2022_08_17,sd_sddot_bid_tabs_2022_08_17,SD,sd_sddot,2022-08-17,"August 17, 2022"
sd_sddot_2022_09_07,sd_sddot_bid_tabs_2022_09_07,SD,sd_sddot,2022-09-07,"September 7, 2022"
sd_sddot_2022_09_21,sd_sddot_bid_tabs_2022_09_21,SD,sd_sddot,2022-09-21,"September 21, 2022"
sd_sddot_2022_10_05,sd_sddot_bid_tabs_2022_10_05,SD,sd_sddot,2022-10-05,"October 5, 2022"
sd_sddot_2022_10_19,sd_sddot_bid_tabs_2022_10_19,SD,sd_sddot,2022-10-19,"October 19, 2022"
sd_sddot_2022_10_21,sd_sddot_bid_tabs_2022_10_21,SD,sd_sddot,2022-10-21,"October 21, 2022"
sd_sddot_2022_11_02,sd_sddot_bid_tabs_2022_11_02,SD,sd_sddot,2022-11-02,"November 2, 2022"
sd_sddot_2022_11_16,sd_sddot_bid_tabs_2022_11_16,SD,sd_sddot,2022-11-16,"November 16, 2022"
sd_sddot_2022_12_07,sd_sddot_bid_tabs_2022_12_07,SD,sd_sddot,2022-12-07,"December 7, 2022"
sd_sddot_2022_12_14,sd_sddot_bid_tabs_2022_12_14,SD,sd_sddot,2022-12-14,"December 14, 2022"
sd_sddot_2023_01_11,sd_sddot_bid_tabs_2023_01_11,SD,sd_sddot,2023-01-11,"January 11, 2023"
sd_sddot_2023_02_01,sd_sddot_bid_tabs_2023_02_01,SD,sd_sddot,2023-02-01,"Februray 1, 2023"
sd_sddot_2023_02_15,sd_sddot_bid_tabs_2023_02_15,SD,sd_sddot,2023-02-15,"February, 15 2023"
sd_sddot_2023_03_01,sd_sddot_bid_tabs_2023_03_01,SD,sd_sddot,2023-03-01,"March 1, 2023"
sd_sddot_2023_03_22,sd_sddot_bid_tabs_2023_03_22,SD,sd_sddot,2023-03-22,"March 22, 2023"
sd_sddot_2023_04_05,sd_sddot_bid_tabs_2023_04_05,SD,sd_sddot,2023-04-05,"April 5, 2023"
sd_sddot_2023_04_19,sd_sddot_bid_tabs_2023_04_19,SD,sd_sddot,2023-04-19,"April 19, 2023"
sd_sddot_2023_05_03,sd_sddot_bid_tabs_2023_05_03,SD,sd_sddot,2023-05-03,"May 3, 2023"
sd_sddot_2023_05_17,sd_sddot_bid_tabs_2023_05_17,SD,sd_sddot,2023-05-17,"May 17, 2023"
sd_sddot_2023_06_07,sd_sddot_bid_tabs_2023_06_07,SD,sd_sddot,2023-06-07,"June 7, 2023"
sd_sddot_2023_06_21,sd_sddot_bid_tabs_2023_06_21,SD,sd_sddot,2023-06-21,"June 21, 2023"
sd_sddot_2023_07_19,sd_sddot_bid_tabs_2023_07_19,SD,sd_sddot,2023-07-19,"July 19, 2023"
sd_sddot_2023_08_10,sd_sddot_bid_tabs_2023_08_10,SD,sd_sddot,2023-08-10,"August 10, 2023"
sd_sddot_2023_08_16,sd_sddot_bid_tabs_2023_08_16,SD,sd_sddot,2023-08-16,"August 16, 2023"
sd_sddot_2023_09_06,sd_sddot_bid_tabs_2023_09_06,SD,sd_sddot,2023-09-06,"September 6, 2023"
sd_sddot_2023_09_20,sd_sddot_bid_tabs_2023_09_20,SD,sd_sddot,2023-09-20,"September 20, 2023"
sd_sddot_2023_10_04,sd_sddot_bid_tabs_2023_10_04,SD,sd_sddot,2023-10-04,"October 4, 2023"
sd_sddot_2023_10_18,sd_sddot_bid_tabs_2023_10_18,SD,sd_sddot,2023-10-18,"October 18, 2023"
sd_sddot_2023_11_01,sd_sddot_bid_tabs_2023_11_01,SD,sd_sddot,2023-11-01,"November 1, 2023"
sd_sddot_2023_11_08,sd_sddot_bid_tabs_2023_11_08,SD,sd_sddot,2023-11-08,"November 8, 2023"
sd_sddot_2023_11_15,sd_sddot_bid_tabs_2023_11_15,SD,sd_sddot,2023-11-15,"November 15, 2023"
sd_sddot_2023_12_06,sd_sddot_bid_tabs_2023_12_06,SD,sd_sddot,2023-12-06,"December 6, 2023"
sd_sddot_2023_12_13,sd_sddot_bid_tabs_2023_12_13,SD,sd_sddot,2023-12-13,"December 13, 2023"
sd_sddot_2024_01_17,sd_sddot_bid_tabs_2024_01_17,SD,sd_sddot,2024-01-17,"January 17, 2024"
sd_sddot_2024_02_07,sd_sddot_bid_tabs_2024_02_07,SD,sd_sddot,2024-02-07,"February 7, 2024"
sd_sddot_2024_02_27,sd_sddot_bid_tabs_2024_02_27,SD,sd_sddot,2024-02-27,"Februrary 27, 2024"
sd_sddot_2024_03_06,sd_sddot_bid_tabs_2024_03_06,SD,sd_sddot,2024-03-06,"March 6, 2024"
sd_sddot_2024_03_20,sd_sddot_bid_tabs_2024_03_20,SD,sd_sddot,2024-03-20,"March 20, 2024"
sd_sddot_2024_04_04,sd_sddot_bid_tabs_2024_04_04,SD,sd_sddot,2024-04-04,"April 4, 2024"
sd_sddot_2024_04_17,sd_sddot_bid_tabs_2024_04_17,SD,sd_sddot,2024-04-17,"April 17, 2024"
sd_sddot_2024_05_01,sd_sddot_bid_tabs_2024_05_01,SD,sd_sddot,2024-05-01,"May 1, 2024"
sd_sddot_2024_05_15,sd_sddot_bid_tabs_2024_05_15,SD,sd_sddot,2024-05-15,"May 15, 2024"
sd_sddot_2024_06_05,sd_sddot_bid_tabs_2024_06_05,SD,sd_sddot,2024-06-05,"June 5, 2024"
sd_sddot_2024_06_26,sd_sddot_bid_tabs_2024_06_26,SD,sd_sddot,2024-06-26,"June 26, 2024"
sd_sddot_2024_07_17,sd_sddot_bid_tabs_2024_07_17,SD,sd_sddot,2024-07-17,"July 17, 2024"
sd_sddot_2024_08_07,sd_sddot_bid_tabs_2024_08_07,SD,sd_sddot,2024-08-07,"August 7, 2024"
sd_sddot_2024_08_21,sd_sddot_bid_tabs_2024_08_21,SD,sd_sddot,2024-08-21,"August 21, 2024"
sd_sddot_2024_09_04,sd_sddot_bid_tabs_2024_09_04,SD,sd_sddot,2024-09-04,"September 4, 2024"
sd_sddot_2024_09_18,sd_sddot_bid_tabs_2024_09_18,SD,sd_sddot,2024-09-18,"September 18, 2024"
sd_sddot_2024_10_02,sd_sddot_bid_tabs_2024_10_02,SD,sd_sddot,2024-10-02,"October 2, 2024"
sd_sddot_2024_10_16,sd_sddot_bid_tabs_2024_10_16,SD,sd_sddot,2024-10-16,"October 16, 2024"
sd_sddot_2024_11_06,sd_sddot_bid_tabs_2024_11_06,SD,sd_sddot,2024-11-06,"November 6, 2024"
sd_sddot_2024_11_20,sd_sddot_bid_tabs_2024_11_20,SD,sd_sddot,2024-11-20,"November 20, 2024"
sd_sddot_2024_12_04,sd_sddot_bid_tabs_2024_12_04,SD,sd_sddot,2024-12-04,"December 4, 2024"
sd_sddot_2024_12_11,sd_sddot_bid_tabs_2024_12_11,SD,sd_sddot,2024-12-11,"December 11, 2024"
sd_sddot_2025_01_22,sd_sddot_bid_tabs_2025_01_22,SD,sd_sddot,2025-01-22,"January 22, 2025"
sd_sddot_2025_02_05,sd_sddot_bid_tabs_2025_02_05,SD,sd_sddot,2025-02-05,"February 5, 2025"
sd_sddot_2025_02_12,sd_sddot_bid_tabs_2025_02_12,SD,sd_sddot,2025-02-12,"February 12, 2025"
sd_sddot_2025_02_19,sd_sddot_bid_tabs_2025_02_19,SD,sd_sddot,2025-02-19,"February 19, 2025"
sd_sddot_2025_03_05,sd_sddot_bid_tabs_2025_03_05,SD,sd_sddot,2025-03-05,"March 5, 2025"
sd_sddot_2025_03_12,sd_sddot_bid_tabs_2025_03_12,SD,sd_sddot,2025-03-12,"March 12, 2025"
sd_sddot_2025_03_19,sd_sddot_bid_tabs_2025_03_19,SD,sd_sddot,2025-03-19,"March 19, 2025"
sd_sddot_2025_03_26,sd_sddot_bid_tabs_2025_03_26,SD,sd_sddot,2025-03-26,"March 26, 2025"
sd_sddot_2025_04_02,sd_sddot_bid_tabs_2025_04_02,SD,sd_sddot,2025-04-02,"April 2, 2025"
sd_sddot_2025_04_16,sd_sddot_bid_tabs_2025_04_16,SD,sd_sddot,2025-04-16,"April 16, 2025"
sd_sddot_2025_05_07,sd_sddot_bid_tabs_2025_05_07,SD,sd_sddot,2025-05-07,"May 7, 2025"
sd_sddot_2025_05_21,sd_sddot_bid_tabs_2025_05_21,SD,sd_sddot,2025-05-21,"May 21, 2025"
sd_sddot_2025_06_04,sd_sddot_bid_tabs_2025_06_04,SD,sd_sddot,2025-06-04,"June 4, 2025"
sd_sddot_2025_07_02,sd_sddot_bid_tabs_2025_07_02,SD,sd_sddot,2025-07-02,"July 2, 2025"
sd_sddot_2025_07_16,sd_sddot_bid_tabs_2025_07_16,SD,sd_sddot,2025-07-16,"July 16, 2025"
sd_sddot_2025_08_06,sd_sddot_bid_tabs_2025_08_06,SD,sd_sddot,2025-08-06,"August 6, 2025"
sd_sddot_2025_08_26,sd_sddot_bid_tabs_2025_08_26,SD,sd_sddot,2025-08-26,"August 26, 2025"
sd_sddot_2025_09_03,sd_sddot_bid_tabs_2025_09_03,SD,sd_sddot,2025-09-03,"September 3, 2025"
sd_sddot_2025_09_17,sd_sddot_bid_tabs_2025_09_17,SD,sd_sddot,2025-09-17,"September 17, 2025"
sd_sddot_2025_10_01,sd_sddot_bid_tabs_2025_10_01,SD,sd_sddot,2025-10-01,"October 1, 2025"
sd_sddot_2025_10_15,sd_sddot_bid_tabs_2025_10_15,SD,sd_sddot,2025-10-15,"October 15, 2025"
sd_sddot_2025_11_05,sd_sddot_bid_tabs_2025_11_05,SD,sd_sddot,2025-11-05,"November 5, 2025"
sd_sddot_2025_11_19,sd_sddot_bid_tabs_2025_11_19,SD,sd_sddot,2025-11-19,"November 19, 2025"
sd_sddot_2025_12_03,sd_sddot_bid_tabs_2025_12_03,SD,sd_sddot,2025-12-03,"December 3, 2025"
sd_sddot_2025_12_10,sd_sddot_bid_tabs_2025_12_10,SD,sd_sddot,2025-12-10,"December 10, 2025"
sd_sddot_2026_01_21,sd_sddot_bid_tabs_2026_01_21,SD,sd_sddot,2026-01-21,"January 21, 2026"
sd_sddot_2026_02_04,sd_sddot_bid_tabs_2026_02_04,SD,sd_sddot,2026-02-04,"February 4, 2026"
sd_sddot_2026_02_18,sd_sddot_bid_tabs_2026_02_18,SD,sd_sddot,2026-02-18,"February 18, 2026"
sd_sddot_2026_03_04,sd_sddot_bid_tabs_2026_03_04,SD,sd_sddot,2026-03-04,"March 4, 2026"
sd_sddot_2026_03_18,sd_sddot_bid_tabs_2026_03_18,SD,sd_sddot,2026-03-18,"March 18, 2026"
sd_sddot_2026_04_01,sd_sddot_bid_tabs_2026_04_01,SD,sd_sddot,2026-04-01,"April 1, 2026"
sd_sddot_2026_04_15,sd_sddot_bid_tabs_2026_04_15,SD,sd_sddot,2026-04-15,"April 15, 2026"
sd_sddot_2026_05_06,sd_sddot_bid_tabs_2026_05_06,SD,sd_sddot,2026-05-06,"May 6, 2026"
sd_sddot_2026_05_13,sd_sddot_bid_tabs_2026_05_13,SD,sd_sddot,2026-05-13,"May 13, 2026"
sd_sddot_2026_05_20,sd_sddot_bid_tabs_2026_05_20,SD,sd_sddot,2026-05-20,"May 20, 2026"
sd_sddot_2026_05_27,sd_sddot_bid_tabs_2026_05_27,SD,sd_sddot,2026-05-27,"May 27, 2026"
