source_document_id,source_id,document_role,source_url,source_file_name,sha256,media_type,published_on,retrieved_on,notes
sd_sddot_bid_tabs_2019_01_16_abstract,sd_sddot_bid_tabs_2019_01_16,bid_abstract,https://apps.sd.gov/HC65C2C/EBS/lettings/01162019abstract.pdf,01162019abstract.pdf,09940ae28050a46e24e1f5c5878a567a48213250569d45e8b377ce2a6ea58de2,application/pdf,2019-01-16,2026-07-27,
sd_sddot_bid_tabs_2019_01_16_final,sd_sddot_bid_tabs_2019_01_16,final_award_report,https://apps.sd.gov/HC65C2C/EBS/lettings/01162019final.pdf,01162019final.pdf,cc0b9d50bfc3a531d36f0ad062e88f1da5ed5b520cfac8854b7c28ed603cbc34,application/pdf,2019-01-16,2026-07-27,
sd_sddot_bid_tabs_2019_01_23_abstract,sd_sddot_bid_tabs_2019_01_23,bid_abstract,https://apps.sd.gov/HC65C2C/EBS/lettings/01232019abstract.pdf,01232019abstract.pdf,a85f4f9aee20bc1fcd3083c575289c0376e85cb47b4dc9f06572a5871b931da0,application/pdf,2019-01-23,2026-07-27,
sd_sddot_bid_tabs_2019_01_23_final,sd_sddot_bid_tabs_2019_01_23,final_award_report,https://apps.sd.gov/HC65C2C/EBS/lettings/01232019final.pdf,01232019final.pdf,ea63ded5c7d11546547a0112b6ef951642809292afe0fe5a798dc074b277ff3c,application/pdf,2019-01-23,2026-07-27,
sd_sddot_bid_tabs_2019_02_06_abstract,sd_sddot_bid_tabs_2019_02_06,bid_abstract,https://apps.sd.gov/HC65C2C/EBS/lettings/02062019abstract.pdf,02062019abstract.pdf,ddbfae120b5951fdf46e74b41f0ee87dfeb4265af7817e7e2f4102a6ab781768,application/pdf,2019-02-06,2026-07-27,
sd_sddot_bid_tabs_2019_02_06_final,sd_sddot_bid_tabs_2019_02_06,final_award_report,https://apps.sd.gov/HC65C2C/EBS/lettings/02062019final.pdf,02062019final.pdf,036bad92651390247024307ac3702440f1ab990152a522e77902fd405d4c1ef3,application/pdf,2019-02-06,2026-07-27,
sd_sddot_bid_tabs_2019_02_20_abstract,sd_sddot_bid_tabs_2019_02_20,bid_abstract,https://apps.sd.gov/HC65C2C/EBS/lettings/02202019abstract.pdf,02202019abstract.pdf,cdec501213c3cb3c035f7d71a5fd4616f8c7823e034112f4e0fd76dc87d4023e,application/pdf,2019-02-20,2026-07-27,
sd_sddot_bid_tabs_2019_02_20_final,sd_sddot_bid_tabs_2019_02_20,final_award_report,https://apps.sd.gov/HC65C2C/EBS/lettings/02202019final.pdf,02202019final.pdf,ecd3aeb559016ca61b1f9e2215e15b36351703acbee6d5e1da200ae9255491ec,application/pdf,2019-02-20,2026-07-27,
sd_sddot_bid_tabs_2019_03_06_abstract,sd_sddot_bid_tabs_2019_03_06,bid_abstract,https://apps.sd.gov/HC65C2C/EBS/lettings/03062019abstract.pdf,03062019abstract.pdf,16c8a5a1541b6f40f368a1cfea167d5b96e65dd8bc0a8daf8024e60e55863687,application/pdf,2019-03-06,2026-07-27,
sd_sddot_bid_tabs_2019_03_06_final,sd_sddot_bid_tabs_2019_03_06,final_award_report,https://apps.sd.gov/HC65C2C/EBS/lettings/03062019final.pdf,03062019final.pdf,1df1d696efb37a54d0319b7fa66dae5aecc160fee0337b057dc14d15f8c9d963,application/pdf,2019-03-06,2026-07-27,
sd_sddot_bid_tabs_2019_03_20_abstract,sd_sddot_bid_tabs_2019_03_20,bid_abstract,https://apps.sd.gov/HC65C2C/EBS/lettings/03202019abstract.pdf,03202019abstract.pdf,2b166c46cfc69c891f27d8254c417c00e991bf1bf217a2327776a0af8d730bd6,application/pdf,2019-03-20,2026-07-27,
sd_sddot_bid_tabs_2019_03_20_final,sd_sddot_bid_tabs_2019_03_20,final_award_report,https://apps.sd.gov/HC65C2C/EBS/lettings/03202019final.pdf,03202019final.pdf,412c627700744b962ac77a84a173d7d40efc3f3083a478bb0b26e1489dba0d18,application/pdf,2019-03-20,2026-07-27,
sd_sddot_bid_tabs_2019_03_27_abstract,sd_sddot_bid_tabs_2019_03_27,bid_abstract,https://apps.sd.gov/HC65C2C/EBS/lettings/03272019abstract.pdf,03272019abstract.pdf,499611f365de2482f9077f753d4b789fe5697060aa53c85754b5b8db16c9f609,application/pdf,2019-03-27,2026-07-27,
sd_sddot_bid_tabs_2019_03_27_final,sd_sddot_bid_tabs_2019_03_27,final_award_report,https://apps.sd.gov/HC65C2C/EBS/lettings/03272019final.pdf,03272019final.pdf,f73a00bf12347f2789d1747b93178c3e1b20bed3ccc931fc6a6f65fead9d42cd,application/pdf,2019-03-27,2026-07-27,
sd_sddot_bid_tabs_2019_04_03_abstract,sd_sddot_bid_tabs_2019_04_03,bid_abstract,https://apps.sd.gov/HC65C2C/EBS/lettings/04032019abstract.pdf,04032019abstract.pdf,527994dbd709ff20a89e0f5bfa8954a4ee55a6d470073b4a6ae782b0fabee593,application/pdf,2019-04-03,2026-07-27,
sd_sddot_bid_tabs_2019_04_03_final,sd_sddot_bid_tabs_2019_04_03,final_award_report,https://apps.sd.gov/HC65C2C/EBS/lettings/04032019final.pdf,04032019final.pdf,dd4bb820105f608b8c7a8d69ee7db38bb01cdaa16c3ca1ecb561246849545e5d,application/pdf,2019-04-03,2026-07-27,
sd_sddot_bid_tabs_2019_04_10_abstract,sd_sddot_bid_tabs_2019_04_10,bid_abstract,https://apps.sd.gov/HC65C2C/EBS/lettings/04102019abstract.pdf,04102019abstract.pdf,abd1a9147724bd07bb2b5d9d450bd026ec4d6f17d0516913d5d3e768ab2685f0,application/pdf,2019-04-10,2026-07-27,
sd_sddot_bid_tabs_2019_04_10_final,sd_sddot_bid_tabs_2019_04_10,final_award_report,https://apps.sd.gov/HC65C2C/EBS/lettings/04102019final.pdf,04102019final.pdf,bc2ba7fa0c297291c9a12bc4ba6cf5be22d9569b1c3810554141aee319228e2e,application/pdf,2019-04-10,2026-07-27,
sd_sddot_bid_tabs_2019_04_17_abstract,sd_sddot_bid_tabs_2019_04_17,bid_abstract,https://apps.sd.gov/HC65C2C/EBS/lettings/04172019abstract.pdf,04172019abstract.pdf,ee46b8dcfa8fcd18cc390d4693e0ff750b582d738b587cefe16f54e3f283fcaa,application/pdf,2019-04-17,2026-07-27,
sd_sddot_bid_tabs_2019_04_17_final,sd_sddot_bid_tabs_2019_04_17,final_award_report,https://apps.sd.gov/HC65C2C/EBS/lettings/04172019final.pdf,04172019final.pdf,6f493ac045dcdf35db9df6274a550160be8f51b0005c74dc26247b5fdaf64002,application/pdf,2019-04-17,2026-07-27,
sd_sddot_bid_tabs_2019_05_01_abstract,sd_sddot_bid_tabs_2019_05_01,bid_abstract,https://apps.sd.gov/HC65C2C/EBS/lettings/05012019abstract.pdf,05012019abstract.pdf,c755c5c0d9dbe8bb83fd57ec24785983c2605a42645ae2dd9668a7751796c58b,application/pdf,2019-05-01,2026-07-27,
sd_sddot_bid_tabs_2019_05_01_final,sd_sddot_bid_tabs_2019_05_01,final_award_report,https://apps.sd.gov/HC65C2C/EBS/lettings/05012019final.pdf,05012019final.pdf,c7dc43e19b191055c1f1ae85e336ff0a63ff4c64212dccf785e46985c8598701,application/pdf,2019-05-01,2026-07-27,
sd_sddot_bid_tabs_2019_05_15_abstract,sd_sddot_bid_tabs_2019_05_15,bid_abstract,https://apps.sd.gov/HC65C2C/EBS/lettings/05152019abstract.pdf,05152019abstract.pdf,6eab546c6642e2494ec9106d573c1c0867dd55c62f1dfe4369e99465e5b26f3b,application/pdf,2019-05-15,2026-07-27,
sd_sddot_bid_tabs_2019_05_15_final,sd_sddot_bid_tabs_2019_05_15,final_award_report,https://apps.sd.gov/HC65C2C/EBS/lettings/05152019final.pdf,05152019final.pdf,fd622e5a9b78e0f567cb77a4394d44af9b1fe82390e868fa29128dfa60683119,application/pdf,2019-05-15,2026-07-27,
sd_sddot_bid_tabs_2019_06_05_abstract,sd_sddot_bid_tabs_2019_06_05,bid_abstract,https://apps.sd.gov/HC65C2C/EBS/lettings/06052019abstract.pdf,06052019abstract.pdf,5a992dd76a6b5af1940042905e2dd141f0f00d301fddd72e26b2f85fb8c039b3,application/pdf,2019-06-05,2026-07-27,
sd_sddot_bid_tabs_2019_06_05_final,sd_sddot_bid_tabs_2019_06_05,final_award_report,https://apps.sd.gov/HC65C2C/EBS/lettings/06052019final.pdf,06052019final.pdf,111e02f4e82805c339a0a4c99cd2673643c9246d216ca13893b962562550f90a,application/pdf,2019-06-05,2026-07-27,
sd_sddot_bid_tabs_2019_06_19_abstract,sd_sddot_bid_tabs_2019_06_19,bid_abstract,https://apps.sd.gov/HC65C2C/EBS/lettings/06192019abstract.pdf,06192019abstract.pdf,42290a4b7e6cb6f42cf27e3c27af9a947e51ae59f353bd1359840c2f66952ff7,application/pdf,2019-06-19,2026-07-27,
sd_sddot_bid_tabs_2019_06_19_final,sd_sddot_bid_tabs_2019_06_19,final_award_report,https://apps.sd.gov/HC65C2C/EBS/lettings/06192019final.pdf,06192019final.pdf,c66e1e73112692f1a4a9391bcf13533604aa292303f9a331a227d1a974d2f80a,application/pdf,2019-06-19,2026-07-27,
sd_sddot_bid_tabs_2019_07_17_abstract,sd_sddot_bid_tabs_2019_07_17,bid_abstract,https://apps.sd.gov/HC65C2C/EBS/lettings/07172019abstract.pdf,07172019abstract.pdf,d986186578417dd9f31bd385eeda12a7671a8de06b193df55fa025f210f29368,application/pdf,2019-07-17,2026-07-27,
sd_sddot_bid_tabs_2019_07_17_final,sd_sddot_bid_tabs_2019_07_17,final_award_report,https://apps.sd.gov/HC65C2C/EBS/lettings/07172019final.pdf,07172019final.pdf,d2357e836789e339eaf322a8eeb3219a3da856f4697d885552bc559ec2d544fc,application/pdf,2019-07-17,2026-07-27,
sd_sddot_bid_tabs_2019_08_21_abstract,sd_sddot_bid_tabs_2019_08_21,bid_abstract,https://apps.sd.gov/HC65C2C/EBS/lettings/08212019abstract.pdf,08212019abstract.pdf,56919eccab53b9156117dffef6220e86bd78164be01ed37280ef43a9e57a806a,application/pdf,2019-08-21,2026-07-27,
sd_sddot_bid_tabs_2019_08_21_final,sd_sddot_bid_tabs_2019_08_21,final_award_report,https://apps.sd.gov/HC65C2C/EBS/lettings/08212019final.pdf,08212019final.pdf,92bdb083f9425cb53d8be3b7d29bc520d64019216f41a2bc8e94bc0d37a3e458,application/pdf,2019-08-21,2026-07-27,
sd_sddot_bid_tabs_2019_09_04_abstract,sd_sddot_bid_tabs_2019_09_04,bid_abstract,https://apps.sd.gov/HC65C2C/EBS/lettings/09042019abstract.pdf,09042019abstract.pdf,effb1347703faffd9696cc0c4821eea0f6c2ff695cef085e51281f9cc795d773,application/pdf,2019-09-04,2026-07-27,
sd_sddot_bid_tabs_2019_09_04_final,sd_sddot_bid_tabs_2019_09_04,final_award_report,https://apps.sd.gov/HC65C2C/EBS/lettings/09042019final.pdf,09042019final.pdf,760521de745d1d55571fd3b21f56c4ac9695a2864fd79566dad160542b1bdc19,application/pdf,2019-09-04,2026-07-27,
sd_sddot_bid_tabs_2019_09_18_abstract,sd_sddot_bid_tabs_2019_09_18,bid_abstract,https://apps.sd.gov/HC65C2C/EBS/lettings/09182019abstract.pdf,09182019abstract.pdf,e6db16e2d0fc7e6263afc1aa989049c18a9600e10d3524cec4d1453076849823,application/pdf,2019-09-18,2026-07-27,
sd_sddot_bid_tabs_2019_09_18_final,sd_sddot_bid_tabs_2019_09_18,final_award_report,https://apps.sd.gov/HC65C2C/EBS/lettings/09182019final.pdf,09182019final.pdf,e58e14a7ed52c2450acdc494059321cff714edc95f69836b3dabb13a46c35892,application/pdf,2019-09-18,2026-07-27,
sd_sddot_bid_tabs_2019_10_02_abstract,sd_sddot_bid_tabs_2019_10_02,bid_abstract,https://apps.sd.gov/HC65C2C/EBS/lettings/10022019abstract.pdf,10022019abstract.pdf,54e812c30d188d2740b50be7673b78c5a83d7c2812e111974773791402031e8b,application/pdf,2019-10-02,2026-07-27,
sd_sddot_bid_tabs_2019_10_02_final,sd_sddot_bid_tabs_2019_10_02,final_award_report,https://apps.sd.gov/HC65C2C/EBS/lettings/10022019final.pdf,10022019final.pdf,56918b901a1e4d820a3c9f5cef1577a5b4bba4d38be6bd8a237b3404e5bbcf21,application/pdf,2019-10-02,2026-07-27,
sd_sddot_bid_tabs_2019_10_16_abstract,sd_sddot_bid_tabs_2019_10_16,bid_abstract,https://apps.sd.gov/HC65C2C/EBS/lettings/10162019abstract.pdf,10162019abstract.pdf,ae1559748105865b1a0b7a795f2969be405b8a2f62e4c5de4283b888ebced15c,application/pdf,2019-10-16,2026-07-27,
sd_sddot_bid_tabs_2019_10_16_final,sd_sddot_bid_tabs_2019_10_16,final_award_report,https://apps.sd.gov/HC65C2C/EBS/lettings/10162019final.pdf,10162019final.pdf,4c0c957b729d9aa88e741901bab8293f2038328e51454e73f3bf2071070f11e3,application/pdf,2019-10-16,2026-07-27,
sd_sddot_bid_tabs_2019_11_06_abstract,sd_sddot_bid_tabs_2019_11_06,bid_abstract,https://apps.sd.gov/HC65C2C/EBS/lettings/11062019abstract.pdf,11062019abstract.pdf,a33343a97b5ce7d8069a43eea8af392a59726bf1a428b14c2fd271249e3b180e,application/pdf,2019-11-06,2026-07-27,
sd_sddot_bid_tabs_2019_11_06_final,sd_sddot_bid_tabs_2019_11_06,final_award_report,https://apps.sd.gov/HC65C2C/EBS/lettings/11062019final.pdf,11062019final.pdf,f776ecceba3912048f2ce87a04de2746e2d9d148b1249e0b99ba5b44138b3fe5,application/pdf,2019-11-06,2026-07-27,
sd_sddot_bid_tabs_2019_11_20_abstract,sd_sddot_bid_tabs_2019_11_20,bid_abstract,https://apps.sd.gov/HC65C2C/EBS/lettings/11202019abstract.pdf,11202019abstract.pdf,a32701c10ab91b0d3d0488bf16635fc8661af684703e27780304b6a244e7ebd2,application/pdf,2019-11-20,2026-07-27,
sd_sddot_bid_tabs_2019_11_20_final,sd_sddot_bid_tabs_2019_11_20,final_award_report,https://apps.sd.gov/HC65C2C/EBS/lettings/11202019final.pdf,11202019final.pdf,ff1828d44ca46971783a285b24237ea93a3baa44500153e708f35ac14bc3dd8b,application/pdf,2019-11-20,2026-07-27,
sd_sddot_bid_tabs_2019_12_04_abstract,sd_sddot_bid_tabs_2019_12_04,bid_abstract,https://apps.sd.gov/HC65C2C/EBS/lettings/12042019abstract.pdf,12042019abstract.pdf,623c2f61d02320071ade6a348a1f80e9e63a47ff72589c7649e70bd4d05295d0,application/pdf,2019-12-04,2026-07-27,
sd_sddot_bid_tabs_2019_12_04_final,sd_sddot_bid_tabs_2019_12_04,final_award_report,https://apps.sd.gov/HC65C2C/EBS/lettings/12042019final.pdf,12042019final.pdf,f001e22eb80d0f9abb5b99cc566dec60a20642ed7466f75fc673466e8a08c129,application/pdf,2019-12-04,2026-07-27,
sd_sddot_bid_tabs_2019_12_11_abstract,sd_sddot_bid_tabs_2019_12_11,bid_abstract,https://apps.sd.gov/HC65C2C/EBS/lettings/12112019abstract.pdf,12112019abstract.pdf,b657ef48b560dbd4ca60c15ad041396899af48aa82b865c4d534d4641d47fd72,application/pdf,2019-12-11,2026-07-27,
sd_sddot_bid_tabs_2019_12_11_final,sd_sddot_bid_tabs_2019_12_11,final_award_report,https://apps.sd.gov/HC65C2C/EBS/lettings/12112019final.pdf,12112019final.pdf,08ff6fc5f4e679ea72f8785a75b7c4b2880f8ca7b55cca54fd3f45d673a5294d,application/pdf,2019-12-11,2026-07-27,
sd_sddot_bid_tabs_2020_01_22_abstract,sd_sddot_bid_tabs_2020_01_22,bid_abstract,https://apps.sd.gov/HC65C2C/EBS/lettings/01222020abstract.pdf,01222020abstract.pdf,9335d87356dedbc0f80a54d14794d5ac022541f2d843053e21f62a6ca18e4cdb,application/pdf,2020-01-22,2026-07-27,
sd_sddot_bid_tabs_2020_01_22_final,sd_sddot_bid_tabs_2020_01_22,final_award_report,https://apps.sd.gov/HC65C2C/EBS/lettings/01222020final.pdf,01222020final.pdf,a7dfd2cc3e95b27b72ee3ccb96e78dba9d3b207754fba25702efe8219ee76b9d,application/pdf,2020-01-22,2026-07-27,
sd_sddot_bid_tabs_2020_02_05_abstract,sd_sddot_bid_tabs_2020_02_05,bid_abstract,https://apps.sd.gov/HC65C2C/EBS/lettings/02052020abstract.pdf,02052020abstract.pdf,c0dbff2c20cc8acaa28aba272aa96d9ff182065d18835ddff832069b7aeef41d,application/pdf,2020-02-05,2026-07-27,
sd_sddot_bid_tabs_2020_02_05_final,sd_sddot_bid_tabs_2020_02_05,final_award_report,https://apps.sd.gov/HC65C2C/EBS/lettings/02052020final.pdf,02052020final.pdf,771305e417b05c181001e6d1c21393281542e014acab5531a956ccc52c283a2e,application/pdf,2020-02-05,2026-07-27,
sd_sddot_bid_tabs_2020_02_19_abstract,sd_sddot_bid_tabs_2020_02_19,bid_abstract,https://apps.sd.gov/HC65C2C/EBS/lettings/02192020abstract.pdf,02192020abstract.pdf,5cf6297bc2e9ae71bd0c4a6ecf64487cead6a3ba689ecbd83862e6b520524bd6,application/pdf,2020-02-19,2026-07-27,
sd_sddot_bid_tabs_2020_02_19_final,sd_sddot_bid_tabs_2020_02_19,final_award_report,https://apps.sd.gov/HC65C2C/EBS/lettings/02192020final.pdf,02192020final.pdf,25ad0d3fc50a659b57718bb9d65f6ca0ad1bb416ccb2598042e36164dc63180b,application/pdf,2020-02-19,2026-07-27,
sd_sddot_bid_tabs_2020_03_04_abstract,sd_sddot_bid_tabs_2020_03_04,bid_abstract,https://apps.sd.gov/HC65C2C/EBS/lettings/03042020abstract.pdf,03042020abstract.pdf,667e3ed2eb23fefc5083f5f6848d7ac2a919089a45f583ad7368b54cd87fa98e,application/pdf,2020-03-04,2026-07-27,
sd_sddot_bid_tabs_2020_03_04_final,sd_sddot_bid_tabs_2020_03_04,final_award_report,https://apps.sd.gov/HC65C2C/EBS/lettings/03042020final.pdf,03042020final.pdf,4c8fa23cb394d7929d8528042783cac32e874f1ad6171ac6f68ca6e9f9e18b19,application/pdf,2020-03-04,2026-07-27,
sd_sddot_bid_tabs_2020_03_25_abstract,sd_sddot_bid_tabs_2020_03_25,bid_abstract,https://apps.sd.gov/HC65C2C/EBS/lettings/03252020abstract.pdf,03252020abstract.pdf,bda4336821a1791ed22a036daeb422d32092fa31ebf07f9b810e5ceb743774ef,application/pdf,2020-03-25,2026-07-27,
sd_sddot_bid_tabs_2020_03_25_final,sd_sddot_bid_tabs_2020_03_25,final_award_report,https://apps.sd.gov/HC65C2C/EBS/lettings/03252020final.pdf,03252020final.pdf,c92537cc288ce652f155ae77ad689ba861cb1d0e9394bf1567769d0c08ddc952,application/pdf,2020-03-25,2026-07-27,
sd_sddot_bid_tabs_2020_04_01_abstract,sd_sddot_bid_tabs_2020_04_01,bid_abstract,https://apps.sd.gov/HC65C2C/EBS/lettings/04012020abstract.pdf,04012020abstract.pdf,30fd57ba9e9614f44225bae4d25ba5f0e6cd86e2740ea5a8085de4992523d068,application/pdf,2020-04-01,2026-07-27,
sd_sddot_bid_tabs_2020_04_01_final,sd_sddot_bid_tabs_2020_04_01,final_award_report,https://apps.sd.gov/HC65C2C/EBS/lettings/04012020final.pdf,04012020final.pdf,beffc2391f25ef647aab569cfed59e5833ae17b86320ff101acc6349ded65f82,application/pdf,2020-04-01,2026-07-27,
sd_sddot_bid_tabs_2020_04_15_abstract,sd_sddot_bid_tabs_2020_04_15,bid_abstract,https://apps.sd.gov/HC65C2C/EBS/lettings/04152020abstract.pdf,04152020abstract.pdf,6435ed32377a4b29653ca85d9176c053bcd3ae9b320dbad25bf4ab9bf23c7899,application/pdf,2020-04-15,2026-07-27,
sd_sddot_bid_tabs_2020_04_15_final,sd_sddot_bid_tabs_2020_04_15,final_award_report,https://apps.sd.gov/HC65C2C/EBS/lettings/04152020final.pdf,04152020final.pdf,eda0d84b66ca605d2e81e2e506b123ea734f903a399b6579f01ecb375e3e9afe,application/pdf,2020-04-15,2026-07-27,
sd_sddot_bid_tabs_2020_05_06_abstract,sd_sddot_bid_tabs_2020_05_06,bid_abstract,https://apps.sd.gov/HC65C2C/EBS/lettings/05062020abstract.pdf,05062020abstract.pdf,0d18e82f1295a286db249e18b15eade5d140ba0ea4efccf6c8d5395789dfbcf9,application/pdf,2020-05-06,2026-07-27,
sd_sddot_bid_tabs_2020_05_06_final,sd_sddot_bid_tabs_2020_05_06,final_award_report,https://apps.sd.gov/HC65C2C/EBS/lettings/05062020final.pdf,05062020final.pdf,3835cdd9a41a99fe7db4bad568329b035fe100d079e619663031aab6b620e755,application/pdf,2020-05-06,2026-07-27,
sd_sddot_bid_tabs_2020_05_13_abstract,sd_sddot_bid_tabs_2020_05_13,bid_abstract,https://apps.sd.gov/HC65C2C/EBS/lettings/05132020abstract.pdf,05132020abstract.pdf,df833c4136916b01ff813d6694a125fa6e6067fa55c19b6d4605580f9e271b7d,application/pdf,2020-05-13,2026-07-27,
sd_sddot_bid_tabs_2020_05_13_final,sd_sddot_bid_tabs_2020_05_13,final_award_report,https://apps.sd.gov/HC65C2C/EBS/lettings/05132020final.pdf,05132020final.pdf,c6dfa222b0d330bb6be4f0637a6598a8ff1fd8f5b4429427c0e2af78e1757540,application/pdf,2020-05-13,2026-07-27,
sd_sddot_bid_tabs_2020_05_20_abstract,sd_sddot_bid_tabs_2020_05_20,bid_abstract,https://apps.sd.gov/HC65C2C/EBS/lettings/05202020abstract.pdf,05202020abstract.pdf,2446c6f2fefb7b16c5f22111897ebf29e2309c66da993617c14ebb0e45574072,application/pdf,2020-05-20,2026-07-27,
sd_sddot_bid_tabs_2020_05_20_final,sd_sddot_bid_tabs_2020_05_20,final_award_report,https://apps.sd.gov/HC65C2C/EBS/lettings/05202020final.pdf,05202020final.pdf,2d2895f8a8df2c0763bc21fbd13ad0fede8cfa5af86e59301029b4641e33888d,application/pdf,2020-05-20,2026-07-27,
sd_sddot_bid_tabs_2020_06_03_abstract,sd_sddot_bid_tabs_2020_06_03,bid_abstract,https://apps.sd.gov/HC65C2C/EBS/lettings/06032020abstract.pdf,06032020abstract.pdf,e889707909a144b73751655e1f990f0bd95a3a7d5b85c89b30ab90c1736c09a7,application/pdf,2020-06-03,2026-07-27,
sd_sddot_bid_tabs_2020_06_03_final,sd_sddot_bid_tabs_2020_06_03,final_award_report,https://apps.sd.gov/HC65C2C/EBS/lettings/06032020final.pdf,06032020final.pdf,4b3b2a60652739c5b67d1d8caf0f8db5dc1520abb6521993739a1e6485269b33,application/pdf,2020-06-03,2026-07-27,
sd_sddot_bid_tabs_2020_06_17_abstract,sd_sddot_bid_tabs_2020_06_17,bid_abstract,https://apps.sd.gov/HC65C2C/EBS/lettings/06172020abstract.pdf,06172020abstract.pdf,4815fea271701d9fc05bc6aa09d14a4f124ee2d9c6888569bcd96a9a4c63c262,application/pdf,2020-06-17,2026-07-27,
sd_sddot_bid_tabs_2020_06_17_final,sd_sddot_bid_tabs_2020_06_17,final_award_report,https://apps.sd.gov/HC65C2C/EBS/lettings/06172020final.pdf,06172020final.pdf,ee9ea4495f6400a49d14a864c9375fe6da10cb1a090b2e0f56cb20ea89831e24,application/pdf,2020-06-17,2026-07-27,
sd_sddot_bid_tabs_2020_07_15_abstract,sd_sddot_bid_tabs_2020_07_15,bid_abstract,https://apps.sd.gov/HC65C2C/EBS/lettings/07152020abstract.pdf,07152020abstract.pdf,4965c39e8d0a07e99057325114d0c897dcb33e3c10f690ee321a213b54715485,application/pdf,2020-07-15,2026-07-27,
sd_sddot_bid_tabs_2020_07_15_final,sd_sddot_bid_tabs_2020_07_15,final_award_report,https://apps.sd.gov/HC65C2C/EBS/lettings/07152020final.pdf,07152020final.pdf,835bf53cd9736485bf6de7df432c1ce30b8fede2d21b9c5d2f573d96785d7708,application/pdf,2020-07-15,2026-07-27,
sd_sddot_bid_tabs_2020_08_05_abstract,sd_sddot_bid_tabs_2020_08_05,bid_abstract,https://apps.sd.gov/HC65C2C/EBS/lettings/08052020abstract.pdf,08052020abstract.pdf,33170ef703df980acfba208bbe64b366e163b80a3448f4bf8dfa74ef59bcd691,application/pdf,2020-08-05,2026-07-27,
sd_sddot_bid_tabs_2020_08_05_final,sd_sddot_bid_tabs_2020_08_05,final_award_report,https://apps.sd.gov/HC65C2C/EBS/lettings/08052020final.pdf,08052020final.pdf,84a4db9b0ec1986509b75abe9869adf2bd90c988d43f8b754dae5151fc287910,application/pdf,2020-08-05,2026-07-27,
sd_sddot_bid_tabs_2020_08_19_abstract,sd_sddot_bid_tabs_2020_08_19,bid_abstract,https://apps.sd.gov/HC65C2C/EBS/lettings/08192020abstract.pdf,08192020abstract.pdf,052ea322373378d63ef95fee5e357e12af218ff73e99d4598208d2cbb67f099c,application/pdf,2020-08-19,2026-07-27,
sd_sddot_bid_tabs_2020_08_19_final,sd_sddot_bid_tabs_2020_08_19,final_award_report,https://apps.sd.gov/HC65C2C/EBS/lettings/08192020final.pdf,08192020final.pdf,b0963249d8496a62ed9a2756d1e91f5a1892a4503e81afd9f9e80a97c21bb89a,application/pdf,2020-08-19,2026-07-27,
sd_sddot_bid_tabs_2020_09_02_abstract,sd_sddot_bid_tabs_2020_09_02,bid_abstract,https://apps.sd.gov/HC65C2C/EBS/lettings/09022020abstract.pdf,09022020abstract.pdf,924d17d40a7583accde31604fee2fdf9096b6213eeb0873ea636b0fc27b98c2d,application/pdf,2020-09-02,2026-07-27,
sd_sddot_bid_tabs_2020_09_02_final,sd_sddot_bid_tabs_2020_09_02,final_award_report,https://apps.sd.gov/HC65C2C/EBS/lettings/09022020final.pdf,09022020final.pdf,6cb494b333317acfe289965e403cc7b96e2451048ae6f0e6495b1818d614488f,application/pdf,2020-09-02,2026-07-27,
sd_sddot_bid_tabs_2020_09_16_abstract,sd_sddot_bid_tabs_2020_09_16,bid_abstract,https://apps.sd.gov/HC65C2C/EBS/lettings/09162020abstract.pdf,09162020abstract.pdf,ea59541bbe9965992cc9629d5d4da370d75d058f2aeabdbc8cfb5f87a96a3bb8,application/pdf,2020-09-16,2026-07-27,
sd_sddot_bid_tabs_2020_09_16_final,sd_sddot_bid_tabs_2020_09_16,final_award_report,https://apps.sd.gov/HC65C2C/EBS/lettings/09162020final.pdf,09162020final.pdf,8fa7fa125590ced0b2c81d5bff4140a4f6794a0835bc6bbeec6d0f6bafb43ec3,application/pdf,2020-09-16,2026-07-27,
sd_sddot_bid_tabs_2020_10_07_abstract,sd_sddot_bid_tabs_2020_10_07,bid_abstract,https://apps.sd.gov/HC65C2C/EBS/lettings/10072020abstract.pdf,10072020abstract.pdf,fb111a80ed47366cb98cfacacf4c0e380b295603ef31f2f5343732de561accba,application/pdf,2020-10-07,2026-07-27,
sd_sddot_bid_tabs_2020_10_07_final,sd_sddot_bid_tabs_2020_10_07,final_award_report,https://apps.sd.gov/HC65C2C/EBS/lettings/10072020final.pdf,10072020final.pdf,2006731c7b850d5395a9165581fe3123634d2497f3f03d63ad396c08c1292de5,application/pdf,2020-10-07,2026-07-27,
sd_sddot_bid_tabs_2020_10_21_abstract,sd_sddot_bid_tabs_2020_10_21,bid_abstract,https://apps.sd.gov/HC65C2C/EBS/lettings/10212020abstract.pdf,10212020abstract.pdf,c56a9df6c1cd330540d01efed5b265473e71272966fd3c07e133b7423a7eb08a,application/pdf,2020-10-21,2026-07-27,
sd_sddot_bid_tabs_2020_10_21_final,sd_sddot_bid_tabs_2020_10_21,final_award_report,https://apps.sd.gov/HC65C2C/EBS/lettings/10212020final.pdf,10212020final.pdf,d737aa8d59956a256373bd9e0171e5592a9db65f8ec2fc1fa21fbdcf608dc4b5,application/pdf,2020-10-21,2026-07-27,
sd_sddot_bid_tabs_2020_11_04_abstract,sd_sddot_bid_tabs_2020_11_04,bid_abstract,https://apps.sd.gov/HC65C2C/EBS/lettings/11042020abstract.pdf,11042020abstract.pdf,ea818d1654b594caa9879fd44c03eafc01f39076bdd4af17c3adb9ffe3dccb92,application/pdf,2020-11-04,2026-07-27,
sd_sddot_bid_tabs_2020_11_04_final,sd_sddot_bid_tabs_2020_11_04,final_award_report,https://apps.sd.gov/HC65C2C/EBS/lettings/11042020final.pdf,11042020final.pdf,a40cba535b6c90f6ced911b94c99a1aeb9312e849aeb0feade042eff0c5b92a2,application/pdf,2020-11-04,2026-07-27,
sd_sddot_bid_tabs_2020_11_18_abstract,sd_sddot_bid_tabs_2020_11_18,bid_abstract,https://apps.sd.gov/HC65C2C/EBS/lettings/11182020abstract.pdf,11182020abstract.pdf,ef328e74135993726981197998f46b48a4ed79641e3cb20bc5ea6b9f01ee0378,application/pdf,2020-11-18,2026-07-27,
sd_sddot_bid_tabs_2020_11_18_final,sd_sddot_bid_tabs_2020_11_18,final_award_report,https://apps.sd.gov/HC65C2C/EBS/lettings/11182020final.pdf,11182020final.pdf,c5bb8ae8cfa4605f9256728981a8fe1e8d95c01774596481f09b61ee83eb06bd,application/pdf,2020-11-18,2026-07-27,
sd_sddot_bid_tabs_2020_12_02_abstract,sd_sddot_bid_tabs_2020_12_02,bid_abstract,https://apps.sd.gov/HC65C2C/EBS/lettings/12022020abstract.pdf,12022020abstract.pdf,6535fff2162a73114d26c192799136fac4a716638e7282d36870e3fd75493003,application/pdf,2020-12-02,2026-07-27,
sd_sddot_bid_tabs_2020_12_02_final,sd_sddot_bid_tabs_2020_12_02,final_award_report,https://apps.sd.gov/HC65C2C/EBS/lettings/12022020final.pdf,12022020final.pdf,781468c7be0672afb792ac96dc646138ed071f9b97bdf90a5b4561336f13dcc5,application/pdf,2020-12-02,2026-07-27,
sd_sddot_bid_tabs_2020_12_09_abstract,sd_sddot_bid_tabs_2020_12_09,bid_abstract,https://apps.sd.gov/HC65C2C/EBS/lettings/12092020abstract.pdf,12092020abstract.pdf,ad098c30602ef2379ada90b6ca48572fb2cf76d21a7293baa95367e427b16070,application/pdf,2020-12-09,2026-07-27,
sd_sddot_bid_tabs_2020_12_09_final,sd_sddot_bid_tabs_2020_12_09,final_award_report,https://apps.sd.gov/HC65C2C/EBS/lettings/12092020final.pdf,12092020final.pdf,0610e85e0f1452897141bfc83a0fe562961f4c4fa0d66d13670dfc6bde5db1c6,application/pdf,2020-12-09,2026-07-27,
sd_sddot_bid_tabs_2021_01_20_abstract,sd_sddot_bid_tabs_2021_01_20,bid_abstract,https://apps.sd.gov/HC65C2C/EBS/lettings/01202021abstract.pdf,01202021abstract.pdf,e071dd1ed8f6e681c8b7b6204791ca65e94dac9191821e62a3ead845fa293ad8,application/pdf,2021-01-20,2026-07-27,
sd_sddot_bid_tabs_2021_01_20_final,sd_sddot_bid_tabs_2021_01_20,final_award_report,https://apps.sd.gov/HC65C2C/EBS/lettings/01202021final.pdf,01202021final.pdf,3e5e722bbdf8be25b07f994352bd5be6a3ee4a9f8cc68d712529705b7be6fa7f,application/pdf,2021-01-20,2026-07-27,
sd_sddot_bid_tabs_2021_02_03_abstract,sd_sddot_bid_tabs_2021_02_03,bid_abstract,https://apps.sd.gov/HC65C2C/EBS/lettings/02032021abstract.pdf,02032021abstract.pdf,7a58d89616daacf1cb400cf4dbd70cdbb7bd5bdc9d307042d7b31f5cfa7b0b87,application/pdf,2021-02-03,2026-07-27,
sd_sddot_bid_tabs_2021_02_03_final,sd_sddot_bid_tabs_2021_02_03,final_award_report,https://apps.sd.gov/HC65C2C/EBS/lettings/02032021final.pdf,02032021final.pdf,5b474f2f27931b414e44212d3e3b4d374b1dcb6dffdac0ceaa4b1178b121a301,application/pdf,2021-02-03,2026-07-27,
sd_sddot_bid_tabs_2021_02_17_abstract,sd_sddot_bid_tabs_2021_02_17,bid_abstract,https://apps.sd.gov/HC65C2C/EBS/lettings/02172021abstract.pdf,02172021abstract.pdf,46061d4de086a1c9603c0a089cc04ee284d13dc92af50599901d933fdb46fb5b,application/pdf,2021-02-17,2026-07-27,
sd_sddot_bid_tabs_2021_02_17_final,sd_sddot_bid_tabs_2021_02_17,final_award_report,https://apps.sd.gov/HC65C2C/EBS/lettings/02172021final.pdf,02172021final.pdf,81704c99fa8022fcc54d87eb646c8b89ee844548f4b7611ad21f3e2136a00973,application/pdf,2021-02-17,2026-07-27,
sd_sddot_bid_tabs_2021_03_03_abstract,sd_sddot_bid_tabs_2021_03_03,bid_abstract,https://apps.sd.gov/HC65C2C/EBS/lettings/03032021abstract.pdf,03032021abstract.pdf,0db56ea99d834ae95558491ceba3d786140704ccfde94bcd42c4a0185b66ae1c,application/pdf,2021-03-03,2026-07-27,
sd_sddot_bid_tabs_2021_03_03_final,sd_sddot_bid_tabs_2021_03_03,final_award_report,https://apps.sd.gov/HC65C2C/EBS/lettings/03032021final.pdf,03032021final.pdf,4714f33c4baf71600c53292f886fcccdd450fd584106a9c8b7093fc9603b00c3,application/pdf,2021-03-03,2026-07-27,
sd_sddot_bid_tabs_2021_03_17_abstract,sd_sddot_bid_tabs_2021_03_17,bid_abstract,https://apps.sd.gov/HC65C2C/EBS/lettings/03172021abstract.pdf,03172021abstract.pdf,864ba2100d076b34b364fe40f3a2d2826a8e4a256e7a821cd0f8c997a9f31aef,application/pdf,2021-03-17,2026-07-27,
sd_sddot_bid_tabs_2021_03_17_final,sd_sddot_bid_tabs_2021_03_17,final_award_report,https://apps.sd.gov/HC65C2C/EBS/lettings/03172021final.pdf,03172021final.pdf,919055811ed2ba6222e03b04b827a718b946a87573294c3a594765d028399e56,application/pdf,2021-03-17,2026-07-27,
sd_sddot_bid_tabs_2021_04_14_abstract,sd_sddot_bid_tabs_2021_04_14,bid_abstract,https://apps.sd.gov/HC65C2C/EBS/lettings/04142021abstract.pdf,04142021abstract.pdf,c6d5a76e2e479e119b29a8706b8a624272c5ddda592680b626edbf7ce85c7356,application/pdf,2021-04-14,2026-07-27,
sd_sddot_bid_tabs_2021_04_14_final,sd_sddot_bid_tabs_2021_04_14,final_award_report,https://apps.sd.gov/HC65C2C/EBS/lettings/04142021final.pdf,04142021final.pdf,94c15d993da04cbe3fee0ef5b7b8e16538f384e30c87033b0b664761224f297f,application/pdf,2021-04-14,2026-07-27,
sd_sddot_bid_tabs_2021_04_21_abstract,sd_sddot_bid_tabs_2021_04_21,bid_abstract,https://apps.sd.gov/HC65C2C/EBS/lettings/04212021abstract.pdf,04212021abstract.pdf,555bdf93e23549476c05f1a2c76ca807366f3eaf110aa2c5fc04fb7ef4d4a830,application/pdf,2021-04-21,2026-07-27,
sd_sddot_bid_tabs_2021_04_21_final,sd_sddot_bid_tabs_2021_04_21,final_award_report,https://apps.sd.gov/HC65C2C/EBS/lettings/04212021final.pdf,04212021final.pdf,cfa359eb5bc831d77048a624e66a1d317dfb29d9b4f7a6d9171b757995334884,application/pdf,2021-04-21,2026-07-27,
sd_sddot_bid_tabs_2021_05_05_abstract,sd_sddot_bid_tabs_2021_05_05,bid_abstract,https://apps.sd.gov/HC65C2C/EBS/lettings/05052021abstract.pdf,05052021abstract.pdf,844f16ea811d99bb063025a5f2dde9f6273de4fa3bf1fbe6dbc74f32094771f5,application/pdf,2021-05-05,2026-07-27,
sd_sddot_bid_tabs_2021_05_05_final,sd_sddot_bid_tabs_2021_05_05,final_award_report,https://apps.sd.gov/HC65C2C/EBS/lettings/05052021final.pdf,05052021final.pdf,a0cf781f6f4de2d34f133e05d9cb807a1a71ee47ff5b0edf4ad549b33ed2786d,application/pdf,2021-05-05,2026-07-27,
sd_sddot_bid_tabs_2021_05_19_abstract,sd_sddot_bid_tabs_2021_05_19,bid_abstract,https://apps.sd.gov/HC65C2C/EBS/lettings/05192021abstract.pdf,05192021abstract.pdf,3fa7f79c8aff2e117003e543630f8766089dfc4ec40bf6030de61490bd885928,application/pdf,2021-05-19,2026-07-27,
sd_sddot_bid_tabs_2021_05_19_final,sd_sddot_bid_tabs_2021_05_19,final_award_report,https://apps.sd.gov/HC65C2C/EBS/lettings/05192021final.pdf,05192021final.pdf,dc040bac0b1b38d2d732a1c4832c713875f9f43e3d152fe9b53e11c5378a3a3e,application/pdf,2021-05-19,2026-07-27,
sd_sddot_bid_tabs_2021_06_02_abstract,sd_sddot_bid_tabs_2021_06_02,bid_abstract,https://apps.sd.gov/HC65C2C/EBS/lettings/06022021abstract.pdf,06022021abstract.pdf,4d7a8e84a4e247969e50e7ab164f710c255abc3d7469c8b07d062dc916b194ed,application/pdf,2021-06-02,2026-07-27,
sd_sddot_bid_tabs_2021_06_02_final,sd_sddot_bid_tabs_2021_06_02,final_award_report,https://apps.sd.gov/HC65C2C/EBS/lettings/06022021final.pdf,06022021final.pdf,1d4b6fcd0c1cad0924541bdc6dc84e8d07a2eefa30154f45c4978d17b169daf0,application/pdf,2021-06-02,2026-07-27,
sd_sddot_bid_tabs_2021_06_16_abstract,sd_sddot_bid_tabs_2021_06_16,bid_abstract,https://apps.sd.gov/HC65C2C/EBS/lettings/06162021abstract.pdf,06162021abstract.pdf,95b316f86d63793c77cc8fc19a7356776c46ecc79524e08f1068b7d816bb7a75,application/pdf,2021-06-16,2026-07-27,
sd_sddot_bid_tabs_2021_06_16_final,sd_sddot_bid_tabs_2021_06_16,final_award_report,https://apps.sd.gov/HC65C2C/EBS/lettings/06162021final.pdf,06162021final.pdf,97a0d5b5d17b83d3dc925c0bfca373428163b32002b5044f54e0154df8cf27b9,application/pdf,2021-06-16,2026-07-27,
sd_sddot_bid_tabs_2021_07_21_abstract,sd_sddot_bid_tabs_2021_07_21,bid_abstract,https://apps.sd.gov/HC65C2C/EBS/lettings/07212021abstract.pdf,07212021abstract.pdf,259ef48526bad3c1e3de9ed52500be7aa77bf34da97a4b1c26c13b6d70b63910,application/pdf,2021-07-21,2026-07-27,
sd_sddot_bid_tabs_2021_07_21_final,sd_sddot_bid_tabs_2021_07_21,final_award_report,https://apps.sd.gov/HC65C2C/EBS/lettings/07212021final.pdf,07212021final.pdf,2e0a7a613adecdaf9b548b5c2563c89dd9d96208e6f3d82c34304d6eb9bd5445,application/pdf,2021-07-21,2026-07-27,
sd_sddot_bid_tabs_2021_08_18_abstract,sd_sddot_bid_tabs_2021_08_18,bid_abstract,https://apps.sd.gov/HC65C2C/EBS/lettings/08182021abstract.pdf,08182021abstract.pdf,f4d0a687334660dd8d33ff3a8a1cd2eedbcf85156c0ab10d60ff8b2e06a60c9b,application/pdf,2021-08-18,2026-07-27,
sd_sddot_bid_tabs_2021_08_18_final,sd_sddot_bid_tabs_2021_08_18,final_award_report,https://apps.sd.gov/HC65C2C/EBS/lettings/08182021final.pdf,08182021final.pdf,ee15220856bed722eec7840b56de95f4792ed0071475c507cbe21c9cc2a5673b,application/pdf,2021-08-18,2026-07-27,
sd_sddot_bid_tabs_2021_09_01_abstract,sd_sddot_bid_tabs_2021_09_01,bid_abstract,https://apps.sd.gov/HC65C2C/EBS/lettings/09012021abstract.pdf,09012021abstract.pdf,eebabdc21de888addefa630b017f2d94940e67ea68f9cb9edcd264bacf2cc41c,application/pdf,2021-09-01,2026-07-27,
sd_sddot_bid_tabs_2021_09_01_final,sd_sddot_bid_tabs_2021_09_01,final_award_report,https://apps.sd.gov/HC65C2C/EBS/lettings/09012021final.pdf,09012021final.pdf,109c2055f95879a905fe40c62cd37dd2acd778c106752e34c7d28f4079a630e8,application/pdf,2021-09-01,2026-07-27,
sd_sddot_bid_tabs_2021_09_15_abstract,sd_sddot_bid_tabs_2021_09_15,bid_abstract,https://apps.sd.gov/HC65C2C/EBS/lettings/09152021abstract.pdf,09152021abstract.pdf,7dba7a4eda36523a6db2cf41176fba1deaa5a887a88580361434711f23f13311,application/pdf,2021-09-15,2026-07-27,
sd_sddot_bid_tabs_2021_09_15_final,sd_sddot_bid_tabs_2021_09_15,final_award_report,https://apps.sd.gov/HC65C2C/EBS/lettings/09152021final.pdf,09152021final.pdf,de8c22742a78d179f63b5a82f471a0abef800115232abc0bbd9a306a3e6869d0,application/pdf,2021-09-15,2026-07-27,
sd_sddot_bid_tabs_2021_10_06_abstract,sd_sddot_bid_tabs_2021_10_06,bid_abstract,https://apps.sd.gov/HC65C2C/EBS/lettings/10062021abstract.pdf,10062021abstract.pdf,0aa89e31014f3a18af7b07adb760ca3df58c5359ce8d73bdbfe29a9d9033ae2d,application/pdf,2021-10-06,2026-07-27,
sd_sddot_bid_tabs_2021_10_06_final,sd_sddot_bid_tabs_2021_10_06,final_award_report,https://apps.sd.gov/HC65C2C/EBS/lettings/10062021final.pdf,10062021final.pdf,8d8a7e1e9319ad55d82f8d08426bc0f8a198bbb54639c0fb7053c457bf52b68a,application/pdf,2021-10-06,2026-07-27,
sd_sddot_bid_tabs_2021_10_20_abstract,sd_sddot_bid_tabs_2021_10_20,bid_abstract,https://apps.sd.gov/HC65C2C/EBS/lettings/10202021abstract.pdf,10202021abstract.pdf,13a43edfb0152ebed33b401c69a5629013ee06378dd295f1b6bd1d9407f916ba,application/pdf,2021-10-20,2026-07-27,
sd_sddot_bid_tabs_2021_10_20_final,sd_sddot_bid_tabs_2021_10_20,final_award_report,https://apps.sd.gov/HC65C2C/EBS/lettings/10202021final.pdf,10202021final.pdf,bf0873a9fed2fb0c9cb3bd6c74cdc68cc70673bd3fb45f775684d26785d6803a,application/pdf,2021-10-20,2026-07-27,
sd_sddot_bid_tabs_2021_11_03_abstract,sd_sddot_bid_tabs_2021_11_03,bid_abstract,https://apps.sd.gov/HC65C2C/EBS/lettings/11032021abstract.pdf,11032021abstract.pdf,51ddf6e279a4775b68ec6325f1e3289d392c20ddc7ee9fc77502216c79327d14,application/pdf,2021-11-03,2026-07-27,
sd_sddot_bid_tabs_2021_11_03_final,sd_sddot_bid_tabs_2021_11_03,final_award_report,https://apps.sd.gov/HC65C2C/EBS/lettings/11032021final.pdf,11032021final.pdf,8b8a4a69c62ffbca0a0fce9b0bf5237622eec7f5936cee9152fed32c6def9911,application/pdf,2021-11-03,2026-07-27,
sd_sddot_bid_tabs_2021_11_17_abstract,sd_sddot_bid_tabs_2021_11_17,bid_abstract,https://apps.sd.gov/HC65C2C/EBS/lettings/11172021abstract.pdf,11172021abstract.pdf,7d4e68bcad19ba738382be3022e7121e7aba1bba35ddfbb231b8d5601889985a,application/pdf,2021-11-17,2026-07-27,
sd_sddot_bid_tabs_2021_11_17_final,sd_sddot_bid_tabs_2021_11_17,final_award_report,https://apps.sd.gov/HC65C2C/EBS/lettings/11172021final.pdf,11172021final.pdf,3390debf6809377f514ed793f41a2615fbd8606e987b2774cf734ddf08fe91b8,application/pdf,2021-11-17,2026-07-27,
sd_sddot_bid_tabs_2021_12_01_abstract,sd_sddot_bid_tabs_2021_12_01,bid_abstract,https://apps.sd.gov/HC65C2C/EBS/lettings/12012021abstract.pdf,12012021abstract.pdf,98eb862671245d71f3ea16a4c77e0aac3372207981233aca163db21a824fc8d8,application/pdf,2021-12-01,2026-07-27,
sd_sddot_bid_tabs_2021_12_01_final,sd_sddot_bid_tabs_2021_12_01,final_award_report,https://apps.sd.gov/HC65C2C/EBS/lettings/12012021final.pdf,12012021final.pdf,315f8c980534166afe52165cb1f50f38ee5ff4a8aeb7c330ab9d2f4d04f9c599,application/pdf,2021-12-01,2026-07-27,
sd_sddot_bid_tabs_2021_12_15_abstract,sd_sddot_bid_tabs_2021_12_15,bid_abstract,https://apps.sd.gov/HC65C2C/EBS/lettings/12152021abstract.pdf,12152021abstract.pdf,08cc56ef7ec5038874b4232aab84f266b1e2b2f6e64e7608e3b4afc9f1dae712,application/pdf,2021-12-15,2026-07-27,
sd_sddot_bid_tabs_2021_12_15_final,sd_sddot_bid_tabs_2021_12_15,final_award_report,https://apps.sd.gov/HC65C2C/EBS/lettings/12152021final.pdf,12152021final.pdf,eaeb20a4d3052b6bb8cf7f29d5db35de6a9cd2450b341a86fb647387dfce3706,application/pdf,2021-12-15,2026-07-27,
sd_sddot_bid_tabs_2022_01_19_abstract,sd_sddot_bid_tabs_2022_01_19,bid_abstract,https://apps.sd.gov/HC65C2C/EBS/lettings/01192022abstract.pdf,01192022abstract.pdf,244b1995946d9208ec07a62cee88817e0c1346c84a65fcf7d934f26353556007,application/pdf,2022-01-19,2026-07-27,
sd_sddot_bid_tabs_2022_01_19_final,sd_sddot_bid_tabs_2022_01_19,final_award_report,https://apps.sd.gov/HC65C2C/EBS/lettings/01192022final.pdf,01192022final.pdf,b8b280a0ed2cdbde0eb96c04c31910b4c5e831c7d456ef71595974ed8ffb41fa,application/pdf,2022-01-19,2026-07-27,
sd_sddot_bid_tabs_2022_02_02_abstract,sd_sddot_bid_tabs_2022_02_02,bid_abstract,https://apps.sd.gov/HC65C2C/EBS/lettings/02022022abstract.pdf,02022022abstract.pdf,441c55c3de29dffc219d2f605f96aa24774baf7bc369019df7f9df8a18f4afb1,application/pdf,2022-02-02,2026-07-27,
sd_sddot_bid_tabs_2022_02_02_final,sd_sddot_bid_tabs_2022_02_02,final_award_report,https://apps.sd.gov/HC65C2C/EBS/lettings/02022022final.pdf,02022022final.pdf,55f1164e63bb09a92418429e64336a74c0950802b70f3607e793658cbcf74fbb,application/pdf,2022-02-02,2026-07-27,
sd_sddot_bid_tabs_2022_02_16_abstract,sd_sddot_bid_tabs_2022_02_16,bid_abstract,https://apps.sd.gov/HC65C2C/EBS/lettings/02162022abstract.pdf,02162022abstract.pdf,473ca6720e9c21047d93ee5ea41cd169b378b415d6ad9d13ff9aaccb8d218ce0,application/pdf,2022-02-16,2026-07-27,
sd_sddot_bid_tabs_2022_02_16_final,sd_sddot_bid_tabs_2022_02_16,final_award_report,https://apps.sd.gov/HC65C2C/EBS/lettings/02162022final.pdf,02162022final.pdf,a628980621e56dca7db47f968bd2aa47c913e2adb40ad7321b2c652e0e89c83a,application/pdf,2022-02-16,2026-07-27,
sd_sddot_bid_tabs_2022_03_02_abstract,sd_sddot_bid_tabs_2022_03_02,bid_abstract,https://apps.sd.gov/HC65C2C/EBS/lettings/03022022abstract.pdf,03022022abstract.pdf,e740dae344832aaa3759eac504f076674301df39bcac105778296a31849ea725,application/pdf,2022-03-02,2026-07-27,
sd_sddot_bid_tabs_2022_03_02_final,sd_sddot_bid_tabs_2022_03_02,final_award_report,https://apps.sd.gov/HC65C2C/EBS/lettings/03022022final.pdf,03022022final.pdf,4c294227374eb3ee9f48bcb73a6804d156d36eded51d3cc4ec8eb221227c56a6,application/pdf,2022-03-02,2026-07-27,
sd_sddot_bid_tabs_2022_03_16_abstract,sd_sddot_bid_tabs_2022_03_16,bid_abstract,https://apps.sd.gov/HC65C2C/EBS/lettings/03162022abstract.pdf,03162022abstract.pdf,fb16a0c268843cd5932fa4bbc248652a2827e06969097a6224c9d402262ba5ee,application/pdf,2022-03-16,2026-07-27,
sd_sddot_bid_tabs_2022_03_16_final,sd_sddot_bid_tabs_2022_03_16,final_award_report,https://apps.sd.gov/HC65C2C/EBS/lettings/03162022final.pdf,03162022final.pdf,a8b6e78149a0241f976730ff70c2400d16da929e3ea04bfdbf551cd8a0d40961,application/pdf,2022-03-16,2026-07-27,
sd_sddot_bid_tabs_2022_04_06_abstract,sd_sddot_bid_tabs_2022_04_06,bid_abstract,https://apps.sd.gov/HC65C2C/EBS/lettings/04062022abstract.pdf,04062022abstract.pdf,66657cc76e0dd06dd7e95180c821345f57df5694f73ebd8f475b93d4eb5c85c9,application/pdf,2022-04-06,2026-07-27,
sd_sddot_bid_tabs_2022_04_06_final,sd_sddot_bid_tabs_2022_04_06,final_award_report,https://apps.sd.gov/HC65C2C/EBS/lettings/04062022final.pdf,04062022final.pdf,99eb283bfffc9e26f3d9e00617bc685e2e13474054eb9cb6681133e9b20e6af4,application/pdf,2022-04-06,2026-07-27,
sd_sddot_bid_tabs_2022_04_20_abstract,sd_sddot_bid_tabs_2022_04_20,bid_abstract,https://apps.sd.gov/HC65C2C/EBS/lettings/04202022abstract.pdf,04202022abstract.pdf,07a671a9fc803abd34896cd209f374ca7305d9ba43517a551f17c51c37304efe,application/pdf,2022-04-20,2026-07-27,
sd_sddot_bid_tabs_2022_04_20_final,sd_sddot_bid_tabs_2022_04_20,final_award_report,https://apps.sd.gov/HC65C2C/EBS/lettings/04202022final.pdf,04202022final.pdf,ffae4d0f0f4700dc9cee3c0d05bddb2a7444394e0d029f0c81194367b5360752,application/pdf,2022-04-20,2026-07-27,
sd_sddot_bid_tabs_2022_05_04_abstract,sd_sddot_bid_tabs_2022_05_04,bid_abstract,https://apps.sd.gov/HC65C2C/EBS/lettings/05042022abstract.pdf,05042022abstract.pdf,192b7524ae51699dce7c3392930244fcf477bee9c1082b9a8ea9576b22cd543d,application/pdf,2022-05-04,2026-07-27,
sd_sddot_bid_tabs_2022_05_04_final,sd_sddot_bid_tabs_2022_05_04,final_award_report,https://apps.sd.gov/HC65C2C/EBS/lettings/05042022final.pdf,05042022final.pdf,bd18fc36d0cba93198c8c8a538062a70be5b0981116f747dd174b164b4b00f88,application/pdf,2022-05-04,2026-07-27,
sd_sddot_bid_tabs_2022_05_11_abstract,sd_sddot_bid_tabs_2022_05_11,bid_abstract,https://apps.sd.gov/HC65C2C/EBS/lettings/05112022abstract.pdf,05112022abstract.pdf,3c35dd4c879cbafe575e47b987eb09496e76d87271e06e720023c483460ea95a,application/pdf,2022-05-11,2026-07-27,
sd_sddot_bid_tabs_2022_05_11_final,sd_sddot_bid_tabs_2022_05_11,final_award_report,https://apps.sd.gov/HC65C2C/EBS/lettings/05112022final.pdf,05112022final.pdf,f4a4e1df7d8a0b005b1258d95a36b0980759ea60d4190873f221c02ee41e423b,application/pdf,2022-05-11,2026-07-27,
sd_sddot_bid_tabs_2022_05_18_abstract,sd_sddot_bid_tabs_2022_05_18,bid_abstract,https://apps.sd.gov/HC65C2C/EBS/lettings/05182022abstract.pdf,05182022abstract.pdf,4b5476fd0c1ea66aef333bbdaa2cdacd3bd3dd9bdd0fcae0d8d09deda91fe546,application/pdf,2022-05-18,2026-07-27,
sd_sddot_bid_tabs_2022_05_18_final,sd_sddot_bid_tabs_2022_05_18,final_award_report,https://apps.sd.gov/HC65C2C/EBS/lettings/05182022final.pdf,05182022final.pdf,b8aa73f4497af6b0749faf06c38a44ab6ed15180bfdce7448c06cd39cfbd2c08,application/pdf,2022-05-18,2026-07-27,
sd_sddot_bid_tabs_2022_06_01_abstract,sd_sddot_bid_tabs_2022_06_01,bid_abstract,https://apps.sd.gov/HC65C2C/EBS/lettings/06012022abstract.pdf,06012022abstract.pdf,b2727c896f2423cd427c140cd6b1e30c7b6feca94cdaf371fc37e35a418ff7c1,application/pdf,2022-06-01,2026-07-27,
sd_sddot_bid_tabs_2022_06_01_final,sd_sddot_bid_tabs_2022_06_01,final_award_report,https://apps.sd.gov/HC65C2C/EBS/lettings/06012022final.pdf,06012022final.pdf,9c8663c046e49220fbe229ff841ee2299a8bcb65b09fb720aba323c214b7e1f8,application/pdf,2022-06-01,2026-07-27,
sd_sddot_bid_tabs_2022_06_15_abstract,sd_sddot_bid_tabs_2022_06_15,bid_abstract,https://apps.sd.gov/HC65C2C/EBS/lettings/06152022abstract.pdf,06152022abstract.pdf,7769546fac0eda728900cdb6e6d7b54cd29270ef06699c8df25d4b0bf44c9da1,application/pdf,2022-06-15,2026-07-27,
sd_sddot_bid_tabs_2022_06_15_final,sd_sddot_bid_tabs_2022_06_15,final_award_report,https://apps.sd.gov/HC65C2C/EBS/lettings/06152022final.pdf,06152022final.pdf,1903d385b3688dc546471b5056e61f17bce975c63bbdc3bdfd94865e9ea30bf1,application/pdf,2022-06-15,2026-07-27,
sd_sddot_bid_tabs_2022_07_20_abstract,sd_sddot_bid_tabs_2022_07_20,bid_abstract,https://apps.sd.gov/HC65C2C/EBS/lettings/07202022abstract.pdf,07202022abstract.pdf,cc9dba4e2b64544d9749bb47c13c8060be2085e2c0fc4c804e4a3622c95f40b5,application/pdf,2022-07-20,2026-07-27,
sd_sddot_bid_tabs_2022_07_20_final,sd_sddot_bid_tabs_2022_07_20,final_award_report,https://apps.sd.gov/HC65C2C/EBS/lettings/07202022final.pdf,07202022final.pdf,ce41c67bee5353568c7fd9ffdb781a234cdf703bc81a548ab48f86c67cb94b7c,application/pdf,2022-07-20,2026-07-27,
sd_sddot_bid_tabs_2022_08_17_abstract,sd_sddot_bid_tabs_2022_08_17,bid_abstract,https://apps.sd.gov/HC65C2C/EBS/lettings/08172022abstract.pdf,08172022abstract.pdf,88aa4ac563a8b9b7a5bf6aa885638b089f8ab49b0baeb0d7676f53d81b1a5822,application/pdf,2022-08-17,2026-07-27,
sd_sddot_bid_tabs_2022_08_17_final,sd_sddot_bid_tabs_2022_08_17,final_award_report,https://apps.sd.gov/HC65C2C/EBS/lettings/08172022final.pdf,08172022final.pdf,25780367fa32995883e7b2c2d775a9df95c19dd54609fe7c52e06163ba4b9463,application/pdf,2022-08-17,2026-07-27,
sd_sddot_bid_tabs_2022_09_07_abstract,sd_sddot_bid_tabs_2022_09_07,bid_abstract,https://apps.sd.gov/HC65C2C/EBS/lettings/09072022abstract.pdf,09072022abstract.pdf,9eb1704c3f64958ebe603fef28d7cc3ba13b8f051c79b110aa3491a32a3a10f4,application/pdf,2022-09-07,2026-07-27,
sd_sddot_bid_tabs_2022_09_07_final,sd_sddot_bid_tabs_2022_09_07,final_award_report,https://apps.sd.gov/HC65C2C/EBS/lettings/09072022final.pdf,09072022final.pdf,94c279cc08ef475b2add71f172858ad607d54006f6e4ba6de99a135d967f57d2,application/pdf,2022-09-07,2026-07-27,
sd_sddot_bid_tabs_2022_09_21_abstract,sd_sddot_bid_tabs_2022_09_21,bid_abstract,https://apps.sd.gov/HC65C2C/EBS/lettings/09212022abstract.pdf,09212022abstract.pdf,01f03229844419ac3ffdca60e9e3db7b37499bba7ef7648b735001ad10e34cda,application/pdf,2022-09-21,2026-07-27,
sd_sddot_bid_tabs_2022_09_21_final,sd_sddot_bid_tabs_2022_09_21,final_award_report,https://apps.sd.gov/HC65C2C/EBS/lettings/09212022final.pdf,09212022final.pdf,ea9ff286186d3f256d80f9d10d1167df365c318804a8cb8b49d3085f92a80d5a,application/pdf,2022-09-21,2026-07-27,
sd_sddot_bid_tabs_2022_10_05_abstract,sd_sddot_bid_tabs_2022_10_05,bid_abstract,https://apps.sd.gov/HC65C2C/EBS/lettings/10052022abstract.pdf,10052022abstract.pdf,83b34526e0689ff51f78b5543b1df21009b920b9a37fb6235742875ef2154fb8,application/pdf,2022-10-05,2026-07-27,
sd_sddot_bid_tabs_2022_10_05_final,sd_sddot_bid_tabs_2022_10_05,final_award_report,https://apps.sd.gov/HC65C2C/EBS/lettings/10052022final.pdf,10052022final.pdf,18889b35a483f8fa85f15075c7d0117fdecaeb70f1930e8b3eb99c1d236c99c0,application/pdf,2022-10-05,2026-07-27,
sd_sddot_bid_tabs_2022_10_19_abstract,sd_sddot_bid_tabs_2022_10_19,bid_abstract,https://apps.sd.gov/HC65C2C/EBS/lettings/10192022abstract.pdf,10192022abstract.pdf,c484abf4285d93fe5d5c63369f14a714ebf048ba8429c6464dc8bced27d3b5fa,application/pdf,2022-10-19,2026-07-27,
sd_sddot_bid_tabs_2022_10_19_final,sd_sddot_bid_tabs_2022_10_19,final_award_report,https://apps.sd.gov/HC65C2C/EBS/lettings/10192022final.pdf,10192022final.pdf,43716ade8562f3e5f8ecacc680a73b4e2867eb1ba43c2ca1702feb1cc5a85ce9,application/pdf,2022-10-19,2026-07-27,
sd_sddot_bid_tabs_2022_10_21_abstract,sd_sddot_bid_tabs_2022_10_21,bid_abstract,https://apps.sd.gov/HC65C2C/EBS/lettings/10212022abstract.pdf,10212022abstract.pdf,9a057466d5811dfe00e2c0d42720bc89ad27ba1c3a65dfa4ec5a08bc7d90e21b,application/pdf,2022-10-21,2026-07-27,
sd_sddot_bid_tabs_2022_10_21_final,sd_sddot_bid_tabs_2022_10_21,final_award_report,https://apps.sd.gov/HC65C2C/EBS/lettings/10212022final.pdf,10212022final.pdf,04d021103263fd3cf3989690f2e3fab8fd6317d784037b1714de63f0c11908c8,application/pdf,2022-10-21,2026-07-27,
sd_sddot_bid_tabs_2022_11_02_abstract,sd_sddot_bid_tabs_2022_11_02,bid_abstract,https://apps.sd.gov/HC65C2C/EBS/lettings/11022022abstract.pdf,11022022abstract.pdf,fc90b215e06403b8e96a2c34a8fba160213b90425a8a7902dc465587cf7422bb,application/pdf,2022-11-02,2026-07-27,
sd_sddot_bid_tabs_2022_11_02_final,sd_sddot_bid_tabs_2022_11_02,final_award_report,https://apps.sd.gov/HC65C2C/EBS/lettings/11022022final.pdf,11022022final.pdf,aea6fa278e9cb029ca4615de5a8cfc3eb1f69e22687123805c478a336abadc4e,application/pdf,2022-11-02,2026-07-27,
sd_sddot_bid_tabs_2022_11_16_abstract,sd_sddot_bid_tabs_2022_11_16,bid_abstract,https://apps.sd.gov/HC65C2C/EBS/lettings/11162022abstract.pdf,11162022abstract.pdf,28063b2eb1307bd8f64c77ba85a82face5a5bb28426f7c6c76edccf26373ca89,application/pdf,2022-11-16,2026-07-27,
sd_sddot_bid_tabs_2022_11_16_final,sd_sddot_bid_tabs_2022_11_16,final_award_report,https://apps.sd.gov/HC65C2C/EBS/lettings/11162022final.pdf,11162022final.pdf,7106fcf9270a2ef74d2c7f0c15013196204ff29f0b809a8b82c941629ffd2c14,application/pdf,2022-11-16,2026-07-27,
sd_sddot_bid_tabs_2022_12_07_abstract,sd_sddot_bid_tabs_2022_12_07,bid_abstract,https://apps.sd.gov/HC65C2C/EBS/lettings/12072022abstract.pdf,12072022abstract.pdf,afff7c6c72baab6a08c831e5093b8d286935d2e68f00dd80ae3480e5a59bd5f8,application/pdf,2022-12-07,2026-07-27,
sd_sddot_bid_tabs_2022_12_07_final,sd_sddot_bid_tabs_2022_12_07,final_award_report,https://apps.sd.gov/HC65C2C/EBS/lettings/12072022final.pdf,12072022final.pdf,fa0d0ce4aff40dbcbc722ba4287619ea5a721e663f98fb5c8bd121c5eebbb596,application/pdf,2022-12-07,2026-07-27,
sd_sddot_bid_tabs_2022_12_14_abstract,sd_sddot_bid_tabs_2022_12_14,bid_abstract,https://apps.sd.gov/HC65C2C/EBS/lettings/12142022abstract.pdf,12142022abstract.pdf,05c531e7d1c0247d16c3fd2d966fe4364779fc8c0b71d546b6d6dd0a04bc0d93,application/pdf,2022-12-14,2026-07-27,
sd_sddot_bid_tabs_2022_12_14_final,sd_sddot_bid_tabs_2022_12_14,final_award_report,https://apps.sd.gov/HC65C2C/EBS/lettings/12142022final.pdf,12142022final.pdf,c25715266479c3b795c659dc16bb423b6ea45afcdbfb76007563f85475c6280c,application/pdf,2022-12-14,2026-07-27,
sd_sddot_bid_tabs_2023_01_11_abstract,sd_sddot_bid_tabs_2023_01_11,bid_abstract,https://apps.sd.gov/HC65C2C/EBS/lettings/01112023abstract.pdf,01112023abstract.pdf,e839fe49c93370909788ad9e6230e51cd48871977ace189dd79bceb010dd75d9,application/pdf,2023-01-11,2026-07-27,
sd_sddot_bid_tabs_2023_01_11_final,sd_sddot_bid_tabs_2023_01_11,final_award_report,https://apps.sd.gov/HC65C2C/EBS/lettings/01112023final.pdf,01112023final.pdf,fefa2e1fe944fd8c88963508e3eba19abe7adff23531fadfdf0dbfbeb777ceb6,application/pdf,2023-01-11,2026-07-27,
sd_sddot_bid_tabs_2023_02_01_abstract,sd_sddot_bid_tabs_2023_02_01,bid_abstract,https://apps.sd.gov/HC65C2C/EBS/lettings/02012023abstract.pdf,02012023abstract.pdf,e13ceb85ee42da8fda0215d8884f47eb4dcf3c1abb51aaa06191e5db8de1a3b2,application/pdf,2023-02-01,2026-07-27,
sd_sddot_bid_tabs_2023_02_01_final,sd_sddot_bid_tabs_2023_02_01,final_award_report,https://apps.sd.gov/HC65C2C/EBS/lettings/02012023final.pdf,02012023final.pdf,b2cd99b2c9b3f9e13aa569ef653479556dae48910decaac700b638801f645bcc,application/pdf,2023-02-01,2026-07-27,
sd_sddot_bid_tabs_2023_02_15_abstract,sd_sddot_bid_tabs_2023_02_15,bid_abstract,https://apps.sd.gov/HC65C2C/EBS/lettings/02152023abstract.pdf,02152023abstract.pdf,4fc748238d24df91f57a07fabab2e3932beaa47af213804a97894d9fe7c2933d,application/pdf,2023-02-15,2026-07-27,
sd_sddot_bid_tabs_2023_02_15_final,sd_sddot_bid_tabs_2023_02_15,final_award_report,https://apps.sd.gov/HC65C2C/EBS/lettings/02152023final.pdf,02152023final.pdf,9580f67c660d4347500e95a6fa2820a023ee5dfbb2d689b8a1bdf57c397cfdba,application/pdf,2023-02-15,2026-07-27,
sd_sddot_bid_tabs_2023_03_01_abstract,sd_sddot_bid_tabs_2023_03_01,bid_abstract,https://apps.sd.gov/HC65C2C/EBS/lettings/03012023abstract.pdf,03012023abstract.pdf,d283706a95d521ba9e13ae62b8fd36bd617d3f3376958380c6af7ac3fe8693a3,application/pdf,2023-03-01,2026-07-27,
sd_sddot_bid_tabs_2023_03_01_final,sd_sddot_bid_tabs_2023_03_01,final_award_report,https://apps.sd.gov/HC65C2C/EBS/lettings/03012023final.pdf,03012023final.pdf,0256623073519a64b0fcf7c82329f4eb63c13d76fdb84e4570d7ad9284ad2e05,application/pdf,2023-03-01,2026-07-27,
sd_sddot_bid_tabs_2023_03_22_abstract,sd_sddot_bid_tabs_2023_03_22,bid_abstract,https://apps.sd.gov/HC65C2C/EBS/lettings/03222023abstract.pdf,03222023abstract.pdf,da70b114d9b56dbc059604aa515f4d01892704f398d889c4002de5d380173b0e,application/pdf,2023-03-22,2026-07-27,
sd_sddot_bid_tabs_2023_03_22_final,sd_sddot_bid_tabs_2023_03_22,final_award_report,https://apps.sd.gov/HC65C2C/EBS/lettings/03222023final.pdf,03222023final.pdf,cf28f070c29edd0da0df769043fb2faf284fd45db9e0cfebf3c30afad7938fca,application/pdf,2023-03-22,2026-07-27,
sd_sddot_bid_tabs_2023_04_05_abstract,sd_sddot_bid_tabs_2023_04_05,bid_abstract,https://apps.sd.gov/HC65C2C/EBS/lettings/04052023abstract.pdf,04052023abstract.pdf,550a70a56dec3224cf8a029a9299cd80b625761c2eb66e66eec5d67b7f8c0329,application/pdf,2023-04-05,2026-07-27,
sd_sddot_bid_tabs_2023_04_05_final,sd_sddot_bid_tabs_2023_04_05,final_award_report,https://apps.sd.gov/HC65C2C/EBS/lettings/04052023final.pdf,04052023final.pdf,c2f9f50f03d143dc6596d9a42fe027bd4e2963edba4bed0cdb903e2945da71d0,application/pdf,2023-04-05,2026-07-27,
sd_sddot_bid_tabs_2023_04_19_abstract,sd_sddot_bid_tabs_2023_04_19,bid_abstract,https://apps.sd.gov/HC65C2C/EBS/lettings/04192023abstract.pdf,04192023abstract.pdf,11a44c1ac2ee801f3d7e86a373b063522e1b17574f9d53bb120775cf5e4d92ff,application/pdf,2023-04-19,2026-07-27,
sd_sddot_bid_tabs_2023_04_19_final,sd_sddot_bid_tabs_2023_04_19,final_award_report,https://apps.sd.gov/HC65C2C/EBS/lettings/04192023final.pdf,04192023final.pdf,a2bbaec0814c4087af84ab5ccfaee0778d33e1b58f310541b66563ac3f8f3b22,application/pdf,2023-04-19,2026-07-27,
sd_sddot_bid_tabs_2023_05_03_abstract,sd_sddot_bid_tabs_2023_05_03,bid_abstract,https://apps.sd.gov/HC65C2C/EBS/lettings/05032023abstract.pdf,05032023abstract.pdf,40ddd2c33d18918f97e28597b8e91ca538f7c586bd7b8c4bcbc1a278964c9fbf,application/pdf,2023-05-03,2026-07-27,
sd_sddot_bid_tabs_2023_05_03_final,sd_sddot_bid_tabs_2023_05_03,final_award_report,https://apps.sd.gov/HC65C2C/EBS/lettings/05032023final.pdf,05032023final.pdf,5fcce6c333be7d8faba62cb9f731dc7d872c1f10dbbd037d29db37324bbb1fa8,application/pdf,2023-05-03,2026-07-27,
sd_sddot_bid_tabs_2023_05_17_abstract,sd_sddot_bid_tabs_2023_05_17,bid_abstract,https://apps.sd.gov/HC65C2C/EBS/lettings/05172023abstract.pdf,05172023abstract.pdf,d541536e7e135e17a7ad9d478840f6b2e6b378b3aa7268412e747e34daeac1c3,application/pdf,2023-05-17,2026-07-27,
sd_sddot_bid_tabs_2023_05_17_final,sd_sddot_bid_tabs_2023_05_17,final_award_report,https://apps.sd.gov/HC65C2C/EBS/lettings/05172023final.pdf,05172023final.pdf,24bf1c19d825b1a863120aceb4a9648be961ded42c622f38312c6e27293ee326,application/pdf,2023-05-17,2026-07-27,
sd_sddot_bid_tabs_2023_06_07_abstract,sd_sddot_bid_tabs_2023_06_07,bid_abstract,https://apps.sd.gov/HC65C2C/EBS/lettings/06072023abstract.pdf,06072023abstract.pdf,deee4499c783ed0d0ada2108266fceb967ac785f1b51bda860d4d1eff252ceb4,application/pdf,2023-06-07,2026-07-27,
sd_sddot_bid_tabs_2023_06_07_final,sd_sddot_bid_tabs_2023_06_07,final_award_report,https://apps.sd.gov/HC65C2C/EBS/lettings/06072023final.pdf,06072023final.pdf,dbc70af282bcbe112280f0630a0f3f7cf00bb42ed8b89c2b52a45eed828d3067,application/pdf,2023-06-07,2026-07-27,
sd_sddot_bid_tabs_2023_06_21_abstract,sd_sddot_bid_tabs_2023_06_21,bid_abstract,https://apps.sd.gov/HC65C2C/EBS/lettings/06212023abstract.pdf,06212023abstract.pdf,bba81637f9d3870821f1eee085dcf13483349805613c32e9f818dd0e7fd2180f,application/pdf,2023-06-21,2026-07-27,
sd_sddot_bid_tabs_2023_06_21_final,sd_sddot_bid_tabs_2023_06_21,final_award_report,https://apps.sd.gov/HC65C2C/EBS/lettings/06212023final.pdf,06212023final.pdf,ad41646027c8c2b1eca3b7fb8fa25815764313526ccedae630fc860400ba615e,application/pdf,2023-06-21,2026-07-27,
sd_sddot_bid_tabs_2023_07_19_abstract,sd_sddot_bid_tabs_2023_07_19,bid_abstract,https://apps.sd.gov/HC65C2C/EBS/lettings/07192023abstract.pdf,07192023abstract.pdf,4c8e57132aa733b382c262840c8579a45bc598de68c3214d0c51c932f2b43c0b,application/pdf,2023-07-19,2026-07-27,
sd_sddot_bid_tabs_2023_07_19_final,sd_sddot_bid_tabs_2023_07_19,final_award_report,https://apps.sd.gov/HC65C2C/EBS/lettings/07192023final.pdf,07192023final.pdf,36e344beb1c7f3e742fd4f81b999cb13b9ab9679adf4b2aa3e97747d8d256301,application/pdf,2023-07-19,2026-07-27,
sd_sddot_bid_tabs_2023_08_10_abstract,sd_sddot_bid_tabs_2023_08_10,bid_abstract,https://apps.sd.gov/HC65C2C/EBS/lettings/08102023abstract.pdf,08102023abstract.pdf,87d386ebf16ba295093f823c91a12509a9dd9c6eba2c3893243603a27757a8c8,application/pdf,2023-08-10,2026-07-27,
sd_sddot_bid_tabs_2023_08_10_final,sd_sddot_bid_tabs_2023_08_10,final_award_report,https://apps.sd.gov/HC65C2C/EBS/lettings/08102023final.pdf,08102023final.pdf,07bd0d012394586c0aef9ca560266eba22e7b90d61cf6a6d7e4f86072a994e0e,application/pdf,2023-08-10,2026-07-27,
sd_sddot_bid_tabs_2023_08_16_abstract,sd_sddot_bid_tabs_2023_08_16,bid_abstract,https://apps.sd.gov/HC65C2C/EBS/lettings/08162023abstract.pdf,08162023abstract.pdf,e604eec29b874d99afee108a7e7a63f34ce03c20983cf0ec40dc0a7a4eb09202,application/pdf,2023-08-16,2026-07-27,
sd_sddot_bid_tabs_2023_08_16_final,sd_sddot_bid_tabs_2023_08_16,final_award_report,https://apps.sd.gov/HC65C2C/EBS/lettings/08162023final.pdf,08162023final.pdf,0643b3cbeb2389c0a83c0918f921ae85859609db7838b0591e1853795b805ac4,application/pdf,2023-08-16,2026-07-27,
sd_sddot_bid_tabs_2023_09_06_abstract,sd_sddot_bid_tabs_2023_09_06,bid_abstract,https://apps.sd.gov/HC65C2C/EBS/lettings/09062023abstract.pdf,09062023abstract.pdf,1f26ce7aec1d60160dc848c1bc152e6ab100194c353cb17375ee45bd4927b2f1,application/pdf,2023-09-06,2026-07-27,
sd_sddot_bid_tabs_2023_09_06_final,sd_sddot_bid_tabs_2023_09_06,final_award_report,https://apps.sd.gov/HC65C2C/EBS/lettings/09062023final.pdf,09062023final.pdf,5db9f0731da77bb93f23c9b4398e9c456d11b17cce9989957058b9817311381c,application/pdf,2023-09-06,2026-07-27,
sd_sddot_bid_tabs_2023_09_20_abstract,sd_sddot_bid_tabs_2023_09_20,bid_abstract,https://apps.sd.gov/HC65C2C/EBS/lettings/09202023abstract.pdf,09202023abstract.pdf,4f342f4b441afab48e38396895346344af71ef6d960fe4f6b0519be0b438aeb2,application/pdf,2023-09-20,2026-07-27,
sd_sddot_bid_tabs_2023_09_20_final,sd_sddot_bid_tabs_2023_09_20,final_award_report,https://apps.sd.gov/HC65C2C/EBS/lettings/09202023final.pdf,09202023final.pdf,c0dcb02964538c5e0158aa805ef556ca46c026529014b62087fc19d2a8275de2,application/pdf,2023-09-20,2026-07-27,
sd_sddot_bid_tabs_2023_10_04_abstract,sd_sddot_bid_tabs_2023_10_04,bid_abstract,https://apps.sd.gov/HC65C2C/EBS/lettings/10042023abstract.pdf,10042023abstract.pdf,b15fac0cc7e357a51e3723fb38d1c8f99169f296aa211e0c74d72665cb1cae7e,application/pdf,2023-10-04,2026-07-27,
sd_sddot_bid_tabs_2023_10_04_final,sd_sddot_bid_tabs_2023_10_04,final_award_report,https://apps.sd.gov/HC65C2C/EBS/lettings/10042023final.pdf,10042023final.pdf,212861074aa5f9c8018bc0134874ce72c62858cdffc031e55f1ea1cccec4b240,application/pdf,2023-10-04,2026-07-27,
sd_sddot_bid_tabs_2023_10_18_abstract,sd_sddot_bid_tabs_2023_10_18,bid_abstract,https://apps.sd.gov/HC65C2C/EBS/lettings/10182023abstract.pdf,10182023abstract.pdf,5f75d5a877cb72c9c569965378349b07d82ee196740bcf5e5c8a73130f6dca4d,application/pdf,2023-10-18,2026-07-27,
sd_sddot_bid_tabs_2023_10_18_final,sd_sddot_bid_tabs_2023_10_18,final_award_report,https://apps.sd.gov/HC65C2C/EBS/lettings/10182023final.pdf,10182023final.pdf,2656d1a446b417046eb9139264120d41ce388f50372ef927283d5f375a9d361d,application/pdf,2023-10-18,2026-07-27,
sd_sddot_bid_tabs_2023_11_01_abstract,sd_sddot_bid_tabs_2023_11_01,bid_abstract,https://apps.sd.gov/HC65C2C/EBS/lettings/11012023abstract.pdf,11012023abstract.pdf,725889b45dded3dd00b2bbdbf4c1d1b75e42e79a69b46f15c53bbe605538c5a2,application/pdf,2023-11-01,2026-07-27,
sd_sddot_bid_tabs_2023_11_01_final,sd_sddot_bid_tabs_2023_11_01,final_award_report,https://apps.sd.gov/HC65C2C/EBS/lettings/11012023final.pdf,11012023final.pdf,1b1d49469059bc30a3adcf763b8ed4f6c6e3cc57d5e66a3409af83708ffdc4be,application/pdf,2023-11-01,2026-07-27,
sd_sddot_bid_tabs_2023_11_08_abstract,sd_sddot_bid_tabs_2023_11_08,bid_abstract,https://apps.sd.gov/HC65C2C/EBS/lettings/11082023abstract.pdf,11082023abstract.pdf,c810b7a2920f0f6aec603e0ee722e659efc71a0f5675b097f11bccea5b5f3b4b,application/pdf,2023-11-08,2026-07-27,
sd_sddot_bid_tabs_2023_11_08_final,sd_sddot_bid_tabs_2023_11_08,final_award_report,https://apps.sd.gov/HC65C2C/EBS/lettings/11082023final.pdf,11082023final.pdf,cb76ecae3a1c0029f10f380937c36155190f20332b7ab87a3cf6079406ae8f26,application/pdf,2023-11-08,2026-07-27,
sd_sddot_bid_tabs_2023_11_15_abstract,sd_sddot_bid_tabs_2023_11_15,bid_abstract,https://apps.sd.gov/HC65C2C/EBS/lettings/11152023abstract.pdf,11152023abstract.pdf,9dfa9224060ffa17d48ab6900ff03281788f6ed7e802902bbd3a5e684af13f7b,application/pdf,2023-11-15,2026-07-27,
sd_sddot_bid_tabs_2023_11_15_final,sd_sddot_bid_tabs_2023_11_15,final_award_report,https://apps.sd.gov/HC65C2C/EBS/lettings/11152023final.pdf,11152023final.pdf,16e4766da6f6f79dcbb4a5468e2eb51b5f2e3803b7bd074284e9b227ccf12ce4,application/pdf,2023-11-15,2026-07-27,
sd_sddot_bid_tabs_2023_12_06_abstract,sd_sddot_bid_tabs_2023_12_06,bid_abstract,https://apps.sd.gov/HC65C2C/EBS/lettings/12062023abstract.pdf,12062023abstract.pdf,aacd7df81a541916e92f3240075eb3c2bf18356090dbfcbbe68dcee0c5535633,application/pdf,2023-12-06,2026-07-27,
sd_sddot_bid_tabs_2023_12_06_final,sd_sddot_bid_tabs_2023_12_06,final_award_report,https://apps.sd.gov/HC65C2C/EBS/lettings/12062023final.pdf,12062023final.pdf,6c504c5cd246fffad1f370913d166cb05b616afbc1dd8ec38cd0dd4d263763d2,application/pdf,2023-12-06,2026-07-27,
sd_sddot_bid_tabs_2023_12_13_abstract,sd_sddot_bid_tabs_2023_12_13,bid_abstract,https://apps.sd.gov/HC65C2C/EBS/lettings/12132023abstract.pdf,12132023abstract.pdf,e392d0f804cb721bc57f905dcb14ae1950a34d87d8a42458b7be76506e922716,application/pdf,2023-12-13,2026-07-27,
sd_sddot_bid_tabs_2023_12_13_final,sd_sddot_bid_tabs_2023_12_13,final_award_report,https://apps.sd.gov/HC65C2C/EBS/lettings/12132023final.pdf,12132023final.pdf,cd7400c973a3912c45bfd39443840ffac6b0d94fa87b06ce29caead2b63bee18,application/pdf,2023-12-13,2026-07-27,
sd_sddot_bid_tabs_2024_01_17_abstract,sd_sddot_bid_tabs_2024_01_17,bid_abstract,https://apps.sd.gov/HC65C2C/EBS/lettings/01172024abstract.pdf,01172024abstract.pdf,50350db5276ffa3835aca5a84ace227c4c3ae69baf9f22100edfc7c861feb65c,application/pdf,2024-01-17,2026-07-27,
sd_sddot_bid_tabs_2024_01_17_final,sd_sddot_bid_tabs_2024_01_17,final_award_report,https://apps.sd.gov/HC65C2C/EBS/lettings/01172024final.pdf,01172024final.pdf,7e9a50dea8a55e4b13ef19287cc55a92e69ff84765e942937dbd7bf2ed669959,application/pdf,2024-01-17,2026-07-27,
sd_sddot_bid_tabs_2024_02_07_abstract,sd_sddot_bid_tabs_2024_02_07,bid_abstract,https://apps.sd.gov/HC65C2C/EBS/lettings/02072024abstract.pdf,02072024abstract.pdf,c0d228d8dbfee46ebe963091bd642953196dc7ccf16ddf70068c4fe24bf684ab,application/pdf,2024-02-07,2026-07-27,
sd_sddot_bid_tabs_2024_02_07_final,sd_sddot_bid_tabs_2024_02_07,final_award_report,https://apps.sd.gov/HC65C2C/EBS/lettings/02072024final.pdf,02072024final.pdf,6e81b09158e6e941a6ee7acb6d00e147f02f781dbf6637632ce8909d16caabfb,application/pdf,2024-02-07,2026-07-27,
sd_sddot_bid_tabs_2024_02_27_abstract,sd_sddot_bid_tabs_2024_02_27,bid_abstract,https://apps.sd.gov/HC65C2C/EBS/lettings/02272024abstract.pdf,02272024abstract.pdf,d2a4d8365ab9ff8caa1c1e7cc76aefe9ddda72c60b82d6fd425c82cc3389e675,application/pdf,2024-02-27,2026-07-27,
sd_sddot_bid_tabs_2024_02_27_final,sd_sddot_bid_tabs_2024_02_27,final_award_report,https://apps.sd.gov/HC65C2C/EBS/lettings/02272024final.pdf,02272024final.pdf,e7a7fa204d65ae675deada40738ae20136093fd4d17d4f84e6f30d6c0309b579,application/pdf,2024-02-27,2026-07-27,
sd_sddot_bid_tabs_2024_03_06_abstract,sd_sddot_bid_tabs_2024_03_06,bid_abstract,https://apps.sd.gov/HC65C2C/EBS/lettings/03062024abstract.pdf,03062024abstract.pdf,50a28c6565006d7b10b3bb5858115dd2bdc03b0d6909617dbcaccb280885cac7,application/pdf,2024-03-06,2026-07-27,
sd_sddot_bid_tabs_2024_03_06_final,sd_sddot_bid_tabs_2024_03_06,final_award_report,https://apps.sd.gov/HC65C2C/EBS/lettings/03062024final.pdf,03062024final.pdf,90bddc842a1be5a661a97548ac1d37aec4323527838372fe7d24f7298904cf4f,application/pdf,2024-03-06,2026-07-27,
sd_sddot_bid_tabs_2024_03_20_abstract,sd_sddot_bid_tabs_2024_03_20,bid_abstract,https://apps.sd.gov/HC65C2C/EBS/lettings/03202024abstract.pdf,03202024abstract.pdf,79d80b57a64bd9ff54599a2ca464b32687a9cc5a88e59afcdaaa6f40921cd824,application/pdf,2024-03-20,2026-07-27,
sd_sddot_bid_tabs_2024_03_20_final,sd_sddot_bid_tabs_2024_03_20,final_award_report,https://apps.sd.gov/HC65C2C/EBS/lettings/03202024final.pdf,03202024final.pdf,2436e4e73e9ad725139abeb83fa08b46c100a1821c494cf7b370ad5325cb26ae,application/pdf,2024-03-20,2026-07-27,
sd_sddot_bid_tabs_2024_04_04_abstract,sd_sddot_bid_tabs_2024_04_04,bid_abstract,https://apps.sd.gov/HC65C2C/EBS/lettings/04042024abstract.pdf,04042024abstract.pdf,ff9a2c292f059023a96640d3d93d62b00b34b65b2f5f74576347c33418396df0,application/pdf,2024-04-04,2026-07-27,
sd_sddot_bid_tabs_2024_04_04_final,sd_sddot_bid_tabs_2024_04_04,final_award_report,https://apps.sd.gov/HC65C2C/EBS/lettings/04042024final.pdf,04042024final.pdf,9532748dd5eae66348eae871fe8e7ab039bac1e74e1f124bd0cfc40ee97a6940,application/pdf,2024-04-04,2026-07-27,
sd_sddot_bid_tabs_2024_04_17_abstract,sd_sddot_bid_tabs_2024_04_17,bid_abstract,https://apps.sd.gov/HC65C2C/EBS/lettings/04172024abstract.pdf,04172024abstract.pdf,32591757dd78b26f5899e4029f143e5d4d4d2fa346ec961fa0ef2316db6f1681,application/pdf,2024-04-17,2026-07-27,
sd_sddot_bid_tabs_2024_04_17_final,sd_sddot_bid_tabs_2024_04_17,final_award_report,https://apps.sd.gov/HC65C2C/EBS/lettings/04172024final.pdf,04172024final.pdf,4489537fa08551c265a85b4cbc436d809ad7f1362331948d00ddb7fa69918a3f,application/pdf,2024-04-17,2026-07-27,
sd_sddot_bid_tabs_2024_05_01_abstract,sd_sddot_bid_tabs_2024_05_01,bid_abstract,https://apps.sd.gov/HC65C2C/EBS/lettings/05012024abstract.pdf,05012024abstract.pdf,f12ab9d9cfd47ffd6e7fb06fa4ac6eba136994c6f393de4ce79a359a1504505d,application/pdf,2024-05-01,2026-07-27,
sd_sddot_bid_tabs_2024_05_01_final,sd_sddot_bid_tabs_2024_05_01,final_award_report,https://apps.sd.gov/HC65C2C/EBS/lettings/05012024final.pdf,05012024final.pdf,05cccbec1d9ff1a53041e8b4e7d0843a54910bf7ee679ee976337cfdfb0640df,application/pdf,2024-05-01,2026-07-27,
sd_sddot_bid_tabs_2024_05_15_abstract,sd_sddot_bid_tabs_2024_05_15,bid_abstract,https://apps.sd.gov/HC65C2C/EBS/lettings/05152024abstract.pdf,05152024abstract.pdf,45cdc764a5bb66f288db52331fcef59109d0a33943bbac61c4e88df60c05bcdc,application/pdf,2024-05-15,2026-07-27,
sd_sddot_bid_tabs_2024_05_15_final,sd_sddot_bid_tabs_2024_05_15,final_award_report,https://apps.sd.gov/HC65C2C/EBS/lettings/05152024final.pdf,05152024final.pdf,b571c756a82ab14d679169ef348d394651abf4f92ef325de379bc26f39794dfb,application/pdf,2024-05-15,2026-07-27,
sd_sddot_bid_tabs_2024_06_05_abstract,sd_sddot_bid_tabs_2024_06_05,bid_abstract,https://apps.sd.gov/HC65C2C/EBS/lettings/06052024abstract.pdf,06052024abstract.pdf,e9f4801f9c06e306acef5887f52861b3c9a15b807b67ec93628a6eb5653e0564,application/pdf,2024-06-05,2026-07-27,
sd_sddot_bid_tabs_2024_06_05_final,sd_sddot_bid_tabs_2024_06_05,final_award_report,https://apps.sd.gov/HC65C2C/EBS/lettings/06052024final.pdf,06052024final.pdf,fd8ab491abe3e5c893c94c88845f4392c143e6a9bf78b7a8e45250e1803230e8,application/pdf,2024-06-05,2026-07-27,
sd_sddot_bid_tabs_2024_06_26_abstract,sd_sddot_bid_tabs_2024_06_26,bid_abstract,https://apps.sd.gov/HC65C2C/EBS/lettings/06262024abstract.pdf,06262024abstract.pdf,5ea874a8de8a073085b3047bf15a61bbc333c9a5ea5d996ce703f026df3df051,application/pdf,2024-06-26,2026-07-27,
sd_sddot_bid_tabs_2024_06_26_final,sd_sddot_bid_tabs_2024_06_26,final_award_report,https://apps.sd.gov/HC65C2C/EBS/lettings/06262024final.pdf,06262024final.pdf,3c8146681aaf9998ce40a82713b6c740cdb78446b852f7445ddebc79db96d88f,application/pdf,2024-06-26,2026-07-27,
sd_sddot_bid_tabs_2024_07_17_abstract,sd_sddot_bid_tabs_2024_07_17,bid_abstract,https://apps.sd.gov/HC65C2C/EBS/lettings/07172024abstract.pdf,07172024abstract.pdf,60c312d58d696c4ed6ceab2a92fea9e1e660beb3d9eac582c4ee31826527af94,application/pdf,2024-07-17,2026-07-27,
sd_sddot_bid_tabs_2024_07_17_final,sd_sddot_bid_tabs_2024_07_17,final_award_report,https://apps.sd.gov/HC65C2C/EBS/lettings/07172024final.pdf,07172024final.pdf,d1010b4c30a5ef9bc1c810a9db1798410302ecc49c82d27b5e9ab65b36d53e9c,application/pdf,2024-07-17,2026-07-27,
sd_sddot_bid_tabs_2024_08_07_abstract,sd_sddot_bid_tabs_2024_08_07,bid_abstract,https://apps.sd.gov/HC65C2C/EBS/lettings/08072024abstract.pdf,08072024abstract.pdf,be4fa6d769d3aeee4db3d820a0721c0198baca763cd67bb05a886bb6986d2326,application/pdf,2024-08-07,2026-07-27,
sd_sddot_bid_tabs_2024_08_07_final,sd_sddot_bid_tabs_2024_08_07,final_award_report,https://apps.sd.gov/HC65C2C/EBS/lettings/08072024final.pdf,08072024final.pdf,ea36afd0d13f668b94c5ccb55d82cc3c1cf5d7c83f619b88aadd62d7e10eb6e5,application/pdf,2024-08-07,2026-07-27,
sd_sddot_bid_tabs_2024_08_21_abstract,sd_sddot_bid_tabs_2024_08_21,bid_abstract,https://apps.sd.gov/HC65C2C/EBS/lettings/08212024abstract.pdf,08212024abstract.pdf,d7482a264cfad70528711a6dbbf34f78c4e99081f09c43cc771aa83ad7efd436,application/pdf,2024-08-21,2026-07-27,
sd_sddot_bid_tabs_2024_08_21_final,sd_sddot_bid_tabs_2024_08_21,final_award_report,https://apps.sd.gov/HC65C2C/EBS/lettings/08212024final.pdf,08212024final.pdf,85c0de6d0a9ea4517c45d93573673d81b7eac986930dd379f02144ee83f7a85b,application/pdf,2024-08-21,2026-07-27,
sd_sddot_bid_tabs_2024_09_04_abstract,sd_sddot_bid_tabs_2024_09_04,bid_abstract,https://apps.sd.gov/HC65C2C/EBS/lettings/09042024abstract.pdf,09042024abstract.pdf,1b3b58d674edf763182abe10d67206077c2503d29ee2f6612434e1999838f1f6,application/pdf,2024-09-04,2026-07-27,
sd_sddot_bid_tabs_2024_09_04_final,sd_sddot_bid_tabs_2024_09_04,final_award_report,https://apps.sd.gov/HC65C2C/EBS/lettings/09042024final.pdf,09042024final.pdf,6144d32cea7ea9787b03bd3827e3d65364b83e918576ea572869d38fb9f543f9,application/pdf,2024-09-04,2026-07-27,
sd_sddot_bid_tabs_2024_09_18_abstract,sd_sddot_bid_tabs_2024_09_18,bid_abstract,https://apps.sd.gov/HC65C2C/EBS/lettings/09182024abstract.pdf,09182024abstract.pdf,d481222bec7c0a9a46eaaf8a84d6aeefa56c865c371e5409356cdc060c629996,application/pdf,2024-09-18,2026-07-27,
sd_sddot_bid_tabs_2024_09_18_final,sd_sddot_bid_tabs_2024_09_18,final_award_report,https://apps.sd.gov/HC65C2C/EBS/lettings/09182024final.pdf,09182024final.pdf,6bf3cb0ef53b808a037d74b81295fb5f9445d99e0940e563c9a2c7c669716d25,application/pdf,2024-09-18,2026-07-27,
sd_sddot_bid_tabs_2024_10_02_abstract,sd_sddot_bid_tabs_2024_10_02,bid_abstract,https://apps.sd.gov/HC65C2C/EBS/lettings/10022024abstract.pdf,10022024abstract.pdf,f1c33c088ba6e248c4460a1b3d09235436ca9c0f52d6dcd5ba4e59e37691ae7e,application/pdf,2024-10-02,2026-07-27,
sd_sddot_bid_tabs_2024_10_02_final,sd_sddot_bid_tabs_2024_10_02,final_award_report,https://apps.sd.gov/HC65C2C/EBS/lettings/10022024final.pdf,10022024final.pdf,4de0365de5705f59ec34c2ec3266d076eb3d606404537656e4be3cbd9191d524,application/pdf,2024-10-02,2026-07-27,
sd_sddot_bid_tabs_2024_10_16_abstract,sd_sddot_bid_tabs_2024_10_16,bid_abstract,https://apps.sd.gov/HC65C2C/EBS/lettings/10162024abstract.pdf,10162024abstract.pdf,7822cb737ed34b55f05dda6c7a59b4eab3f1cc3f1d3f15110578f55cfc597bac,application/pdf,2024-10-16,2026-07-27,
sd_sddot_bid_tabs_2024_10_16_final,sd_sddot_bid_tabs_2024_10_16,final_award_report,https://apps.sd.gov/HC65C2C/EBS/lettings/10162024final.pdf,10162024final.pdf,774fd60db373e64cce8ef8e461fc9e3cfb450c6567185bf94469eafea39f6691,application/pdf,2024-10-16,2026-07-27,
sd_sddot_bid_tabs_2024_11_06_abstract,sd_sddot_bid_tabs_2024_11_06,bid_abstract,https://apps.sd.gov/HC65C2C/EBS/lettings/11062024abstract.pdf,11062024abstract.pdf,91dca724dc2212595d2db9e77fdf52af5a9d25cf64cd603c5a23c59111822745,application/pdf,2024-11-06,2026-07-27,
sd_sddot_bid_tabs_2024_11_06_final,sd_sddot_bid_tabs_2024_11_06,final_award_report,https://apps.sd.gov/HC65C2C/EBS/lettings/11062024final.pdf,11062024final.pdf,f485b1a3747da5fef7c263602148a6fa61b16a2141b250219ce6aa7b47b04a9b,application/pdf,2024-11-06,2026-07-27,
sd_sddot_bid_tabs_2024_11_20_abstract,sd_sddot_bid_tabs_2024_11_20,bid_abstract,https://apps.sd.gov/HC65C2C/EBS/lettings/11202024abstract.pdf,11202024abstract.pdf,baa2edd0e1a0243b0212a0c0e165f3eb5b5c08c939e64aefd4d5eab0fb525879,application/pdf,2024-11-20,2026-07-27,
sd_sddot_bid_tabs_2024_11_20_final,sd_sddot_bid_tabs_2024_11_20,final_award_report,https://apps.sd.gov/HC65C2C/EBS/lettings/11202024final.pdf,11202024final.pdf,5bfd54ed4abda61b4efbf052c2f1d2ddfed1aa201547161f424b88d55c301a8c,application/pdf,2024-11-20,2026-07-27,
sd_sddot_bid_tabs_2024_12_04_abstract,sd_sddot_bid_tabs_2024_12_04,bid_abstract,https://apps.sd.gov/HC65C2C/EBS/lettings/12042024abstract.pdf,12042024abstract.pdf,1ce884bed18514286b71b3055328e54081d95004065f1bf5486b0bcde4e440bb,application/pdf,2024-12-04,2026-07-27,
sd_sddot_bid_tabs_2024_12_04_final,sd_sddot_bid_tabs_2024_12_04,final_award_report,https://apps.sd.gov/HC65C2C/EBS/lettings/12042024final.pdf,12042024final.pdf,b0cca657395c56dccdf7875bbff030ba7efc4515ddee782513e30dbdf09b4d55,application/pdf,2024-12-04,2026-07-27,
sd_sddot_bid_tabs_2024_12_11_abstract,sd_sddot_bid_tabs_2024_12_11,bid_abstract,https://apps.sd.gov/HC65C2C/EBS/lettings/12112024abstract.pdf,12112024abstract.pdf,175a4f259483ee5520fc9cdec0f52b399640627add30cbcf9991e1cab119cee2,application/pdf,2024-12-11,2026-07-27,
sd_sddot_bid_tabs_2024_12_11_final,sd_sddot_bid_tabs_2024_12_11,final_award_report,https://apps.sd.gov/HC65C2C/EBS/lettings/12112024final.pdf,12112024final.pdf,8dda941bbde4af59bcc1b2c8b6ad002f24d0de7862b5f94186efe639b1aabb21,application/pdf,2024-12-11,2026-07-27,
sd_sddot_bid_tabs_2025_01_22_abstract,sd_sddot_bid_tabs_2025_01_22,bid_abstract,https://apps.sd.gov/HC65C2C/EBS/lettings/01222025abstract.pdf,01222025abstract.pdf,8d307c0eaf1eeecec18abcaf02fbab49e41f6198cc795c4dde29b740bebb213f,application/pdf,2025-01-22,2026-07-27,
sd_sddot_bid_tabs_2025_01_22_final,sd_sddot_bid_tabs_2025_01_22,final_award_report,https://apps.sd.gov/HC65C2C/EBS/lettings/01222025final.pdf,01222025final.pdf,1d2ea5b6d560d5d3075dfa885ff696d3ba51a526db44cebeab37aa99b1159cd0,application/pdf,2025-01-22,2026-07-27,
sd_sddot_bid_tabs_2025_02_05_abstract,sd_sddot_bid_tabs_2025_02_05,bid_abstract,https://apps.sd.gov/HC65C2C/EBS/lettings/02052025abstract.pdf,02052025abstract.pdf,7b597c2e3544f4821ba90c7eeccf5ff9fa5a6dd1cfc4e8abad05b559c996b1d5,application/pdf,2025-02-05,2026-07-27,
sd_sddot_bid_tabs_2025_02_05_final,sd_sddot_bid_tabs_2025_02_05,final_award_report,https://apps.sd.gov/HC65C2C/EBS/lettings/02052025final.pdf,02052025final.pdf,18dea1a72ddcb671b3751ffec26c55c1bb3d7318d855c4683a0cd766fdac0dea,application/pdf,2025-02-05,2026-07-27,
sd_sddot_bid_tabs_2025_02_12_abstract,sd_sddot_bid_tabs_2025_02_12,bid_abstract,https://apps.sd.gov/HC65C2C/EBS/lettings/02122025abstract.pdf,02122025abstract.pdf,a84c12f2f8e6ce050a14939c4ee5ab41d8ba09af31069589009766a12853e142,application/pdf,2025-02-12,2026-07-27,
sd_sddot_bid_tabs_2025_02_12_final,sd_sddot_bid_tabs_2025_02_12,final_award_report,https://apps.sd.gov/HC65C2C/EBS/lettings/02122025final.pdf,02122025final.pdf,0f4b0fbc4334510504adfdea2681f5057c2c475380f0fafb0b667359d8946009,application/pdf,2025-02-12,2026-07-27,
sd_sddot_bid_tabs_2025_02_19_abstract,sd_sddot_bid_tabs_2025_02_19,bid_abstract,https://apps.sd.gov/HC65C2C/EBS/lettings/02192025abstract.pdf,02192025abstract.pdf,c78e5415577f8960d325d5f545f721ee39b55cedd547eecce8f39ce0343d3e10,application/pdf,2025-02-19,2026-07-27,
sd_sddot_bid_tabs_2025_02_19_final,sd_sddot_bid_tabs_2025_02_19,final_award_report,https://apps.sd.gov/HC65C2C/EBS/lettings/02192025final.pdf,02192025final.pdf,795c034a75b83c51139e6751753a95ed8394a69415e97d07df312eedaff67641,application/pdf,2025-02-19,2026-07-27,
sd_sddot_bid_tabs_2025_03_05_abstract,sd_sddot_bid_tabs_2025_03_05,bid_abstract,https://apps.sd.gov/HC65C2C/EBS/lettings/03052025abstract.pdf,03052025abstract.pdf,6ee16da28869e531c080df73a9b9304631829486ccc49eac71a1dc5e59555187,application/pdf,2025-03-05,2026-07-27,
sd_sddot_bid_tabs_2025_03_05_final,sd_sddot_bid_tabs_2025_03_05,final_award_report,https://apps.sd.gov/HC65C2C/EBS/lettings/03052025final.pdf,03052025final.pdf,5d7802f5eb88a8d7796c72ab2471103e1b18eb94b7ea2fc49bbc6a3dc961d8e6,application/pdf,2025-03-05,2026-07-27,
sd_sddot_bid_tabs_2025_03_12_abstract,sd_sddot_bid_tabs_2025_03_12,bid_abstract,https://apps.sd.gov/HC65C2C/EBS/lettings/03122025abstract.pdf,03122025abstract.pdf,08007634bbc96daba8b1a7a7bc93b353c44810f9244e64dc87bd6bd4c0f439c3,application/pdf,2025-03-12,2026-07-27,
sd_sddot_bid_tabs_2025_03_12_final,sd_sddot_bid_tabs_2025_03_12,final_award_report,https://apps.sd.gov/HC65C2C/EBS/lettings/03122025final.pdf,03122025final.pdf,8a7a481bd9dc59a86c2039d9539a7f56cda2b688f264862af95f5f02a3095f59,application/pdf,2025-03-12,2026-07-27,
sd_sddot_bid_tabs_2025_03_19_abstract,sd_sddot_bid_tabs_2025_03_19,bid_abstract,https://apps.sd.gov/HC65C2C/EBS/lettings/03192025abstract.pdf,03192025abstract.pdf,7dd4e2750f2e3fe7edd259fd938f848d87c396b5dd45772f925c989f979d893a,application/pdf,2025-03-19,2026-07-27,
sd_sddot_bid_tabs_2025_03_19_final,sd_sddot_bid_tabs_2025_03_19,final_award_report,https://apps.sd.gov/HC65C2C/EBS/lettings/03192025final.pdf,03192025final.pdf,f67ef998cdb235b6ce78b9a17df79d779050af3bb6dc84b051a2b21c4e40e6ee,application/pdf,2025-03-19,2026-07-27,
sd_sddot_bid_tabs_2025_03_26_abstract,sd_sddot_bid_tabs_2025_03_26,bid_abstract,https://apps.sd.gov/HC65C2C/EBS/lettings/03262025abstract.pdf,03262025abstract.pdf,4de7a523d8e50d07a1b1df5c0e11ff607f6b935f6310714d94a2fa1cbd4c1dda,application/pdf,2025-03-26,2026-07-27,
sd_sddot_bid_tabs_2025_03_26_final,sd_sddot_bid_tabs_2025_03_26,final_award_report,https://apps.sd.gov/HC65C2C/EBS/lettings/03262025final.pdf,03262025final.pdf,7201da5b289d401627a28ebc8342a898c8247d751b0793a0938d3dbd9844fdf3,application/pdf,2025-03-26,2026-07-27,
sd_sddot_bid_tabs_2025_04_02_abstract,sd_sddot_bid_tabs_2025_04_02,bid_abstract,https://apps.sd.gov/HC65C2C/EBS/lettings/04022025abstract.pdf,04022025abstract.pdf,f4fd2d9257d58456c999660589941f93deaeb269c1dd16aa468384f0b8d25af4,application/pdf,2025-04-02,2026-07-27,
sd_sddot_bid_tabs_2025_04_02_final,sd_sddot_bid_tabs_2025_04_02,final_award_report,https://apps.sd.gov/HC65C2C/EBS/lettings/04022025final.pdf,04022025final.pdf,ee3666d6f28fb0204328fb0fb595bf9ec3af0fd46bc787d0c5e74f95b5f212be,application/pdf,2025-04-02,2026-07-27,
sd_sddot_bid_tabs_2025_04_16_abstract,sd_sddot_bid_tabs_2025_04_16,bid_abstract,https://apps.sd.gov/HC65C2C/EBS/lettings/04162025abstract.pdf,04162025abstract.pdf,d183090ddd6fb8aea580ec930dafcf5b71b168b15a725eec71930083c391186d,application/pdf,2025-04-16,2026-07-27,
sd_sddot_bid_tabs_2025_04_16_final,sd_sddot_bid_tabs_2025_04_16,final_award_report,https://apps.sd.gov/HC65C2C/EBS/lettings/04162025final.pdf,04162025final.pdf,08d13123a812f2c623830b808377983ab4e7d025cc68bdb6ea90bb67c59f0ec6,application/pdf,2025-04-16,2026-07-27,
sd_sddot_bid_tabs_2025_05_07_abstract,sd_sddot_bid_tabs_2025_05_07,bid_abstract,https://apps.sd.gov/HC65C2C/EBS/lettings/05072025abstract.pdf,05072025abstract.pdf,c6dd59979920e007961473263b156910ee5c273dcae9f9cb27f6273cf129bb62,application/pdf,2025-05-07,2026-07-27,
sd_sddot_bid_tabs_2025_05_07_final,sd_sddot_bid_tabs_2025_05_07,final_award_report,https://apps.sd.gov/HC65C2C/EBS/lettings/05072025final.pdf,05072025final.pdf,0db6fee6434af2cf8e0214bec78a832e50a3a0df022b77fb9be7f3bb9f7ecabd,application/pdf,2025-05-07,2026-07-27,
sd_sddot_bid_tabs_2025_05_21_abstract,sd_sddot_bid_tabs_2025_05_21,bid_abstract,https://apps.sd.gov/HC65C2C/EBS/lettings/05212025abstract.pdf,05212025abstract.pdf,332edc1f2a25a40d98cbddb6ca37eda52e88fadd64c92f07555443590ddfbeb2,application/pdf,2025-05-21,2026-07-27,
sd_sddot_bid_tabs_2025_05_21_final,sd_sddot_bid_tabs_2025_05_21,final_award_report,https://apps.sd.gov/HC65C2C/EBS/lettings/05212025final.pdf,05212025final.pdf,5b7b64fa1b7dadd8bc576868a21ba09d5babafb036b0dee812737dc1cc58ef83,application/pdf,2025-05-21,2026-07-27,
sd_sddot_bid_tabs_2025_06_04_abstract,sd_sddot_bid_tabs_2025_06_04,bid_abstract,https://apps.sd.gov/HC65C2C/EBS/lettings/06042025abstract.pdf,06042025abstract.pdf,45ce75100ae14ea2c6df50108a08498ea4112092a51e985a8ddce1cc9322a1eb,application/pdf,2025-06-04,2026-07-27,
sd_sddot_bid_tabs_2025_06_04_final,sd_sddot_bid_tabs_2025_06_04,final_award_report,https://apps.sd.gov/HC65C2C/EBS/lettings/06042025final.pdf,06042025final.pdf,433c4cd676034da7487eff130b08f709376dcb74ac3d16ab7a18b709cb1bc6f2,application/pdf,2025-06-04,2026-07-27,
sd_sddot_bid_tabs_2025_07_02_abstract,sd_sddot_bid_tabs_2025_07_02,bid_abstract,https://apps.sd.gov/HC65C2C/EBS/lettings/07022025abstract.pdf,07022025abstract.pdf,28afd87aabedc2d140de27775e0476846e6a934e7c5a0b3a4e5fc8741e86f9f6,application/pdf,2025-07-02,2026-07-27,
sd_sddot_bid_tabs_2025_07_02_final,sd_sddot_bid_tabs_2025_07_02,final_award_report,https://apps.sd.gov/HC65C2C/EBS/lettings/07022025final.pdf,07022025final.pdf,61b0af0ef4db14cdbe4915aaf28fe8e08be938140d532a75a0b1bb51b0fd87ae,application/pdf,2025-07-02,2026-07-27,
sd_sddot_bid_tabs_2025_07_16_abstract,sd_sddot_bid_tabs_2025_07_16,bid_abstract,https://apps.sd.gov/HC65C2C/EBS/lettings/07162025abstract.pdf,07162025abstract.pdf,0bf35f47d81ff02b49a319c872a1520fd5ddd22ea1d732531a61c7c88a2b441b,application/pdf,2025-07-16,2026-07-27,
sd_sddot_bid_tabs_2025_07_16_final,sd_sddot_bid_tabs_2025_07_16,final_award_report,https://apps.sd.gov/HC65C2C/EBS/lettings/07162025final.pdf,07162025final.pdf,d282eee83cd8408b6933c941b44134613aef3498a317c3d69b33311e8e22a80d,application/pdf,2025-07-16,2026-07-27,
sd_sddot_bid_tabs_2025_08_06_abstract,sd_sddot_bid_tabs_2025_08_06,bid_abstract,https://apps.sd.gov/HC65C2C/EBS/lettings/08062025abstract.pdf,08062025abstract.pdf,2284407a23266de4466d642f7264f97bc4b82d53c1b4629270cb41c7e5d09823,application/pdf,2025-08-06,2026-07-27,
sd_sddot_bid_tabs_2025_08_06_final,sd_sddot_bid_tabs_2025_08_06,final_award_report,https://apps.sd.gov/HC65C2C/EBS/lettings/08062025final.pdf,08062025final.pdf,9be50175f04c6168a97ed0ea4ef7d2984bcf41bddedc08c2481723bf7fb1d6d1,application/pdf,2025-08-06,2026-07-27,
sd_sddot_bid_tabs_2025_08_26_abstract,sd_sddot_bid_tabs_2025_08_26,bid_abstract,https://apps.sd.gov/HC65C2C/EBS/lettings/08262025abstract.pdf,08262025abstract.pdf,1ffe669213afb36864622001c2ee3260ee66751e5a35b6b8ee8f4597242d234a,application/pdf,2025-08-26,2026-07-27,
sd_sddot_bid_tabs_2025_08_26_final,sd_sddot_bid_tabs_2025_08_26,final_award_report,https://apps.sd.gov/HC65C2C/EBS/lettings/08262025final.pdf,08262025final.pdf,12dcb51f593871d89e9660be0373bf49b85a641eff38efbc3aed4614f5f7269e,application/pdf,2025-08-26,2026-07-27,
sd_sddot_bid_tabs_2025_09_03_abstract,sd_sddot_bid_tabs_2025_09_03,bid_abstract,https://apps.sd.gov/HC65C2C/EBS/lettings/09032025abstract.pdf,09032025abstract.pdf,7b7e7b4e3e0fb306700406c5fc9ed7f10f36ef15d0b84872be73c52535df350d,application/pdf,2025-09-03,2026-07-27,
sd_sddot_bid_tabs_2025_09_03_final,sd_sddot_bid_tabs_2025_09_03,final_award_report,https://apps.sd.gov/HC65C2C/EBS/lettings/09032025final.pdf,09032025final.pdf,e35cf50482221f753bda68acd106d1ac4b67219941b8d4748c9eecb06ff7768c,application/pdf,2025-09-03,2026-07-27,
sd_sddot_bid_tabs_2025_09_17_abstract,sd_sddot_bid_tabs_2025_09_17,bid_abstract,https://apps.sd.gov/HC65C2C/EBS/lettings/09172025abstract.pdf,09172025abstract.pdf,851f2a7390992344e0a5c58cb4511a25aced776b2b24bb0905cf8763491a40d3,application/pdf,2025-09-17,2026-07-27,
sd_sddot_bid_tabs_2025_09_17_final,sd_sddot_bid_tabs_2025_09_17,final_award_report,https://apps.sd.gov/HC65C2C/EBS/lettings/09172025final.pdf,09172025final.pdf,2763cb17797d61806b836a44152ad787b81c939a85f253005d87a4ac9e40029d,application/pdf,2025-09-17,2026-07-27,
sd_sddot_bid_tabs_2025_10_01_abstract,sd_sddot_bid_tabs_2025_10_01,bid_abstract,https://apps.sd.gov/HC65C2C/EBS/lettings/10012025abstract.pdf,10012025abstract.pdf,a5b5e3e54949f78c75762ba184bd71e10322ea6fca785797dfba669807b61fe7,application/pdf,2025-10-01,2026-07-27,
sd_sddot_bid_tabs_2025_10_01_final,sd_sddot_bid_tabs_2025_10_01,final_award_report,https://apps.sd.gov/HC65C2C/EBS/lettings/10012025final.pdf,10012025final.pdf,217d2c94eb7f2700f9d8da28f2b6d626412933bb6520631605fecb04f675b272,application/pdf,2025-10-01,2026-07-27,
sd_sddot_bid_tabs_2025_10_15_abstract,sd_sddot_bid_tabs_2025_10_15,bid_abstract,https://apps.sd.gov/HC65C2C/EBS/lettings/10152025abstract.pdf,10152025abstract.pdf,3465331ed758557490c670b6705eeb75f8a7ea39474c5475629f5227de38b51d,application/pdf,2025-10-15,2026-07-27,
sd_sddot_bid_tabs_2025_10_15_final,sd_sddot_bid_tabs_2025_10_15,final_award_report,https://apps.sd.gov/HC65C2C/EBS/lettings/10152025final.pdf,10152025final.pdf,6327cd70459eaaccd3d4a3c0f114bb44a76539397c2ad6f8468b109c7fbb1146,application/pdf,2025-10-15,2026-07-27,
sd_sddot_bid_tabs_2025_11_05_abstract,sd_sddot_bid_tabs_2025_11_05,bid_abstract,https://apps.sd.gov/HC65C2C/EBS/lettings/11052025abstract.pdf,11052025abstract.pdf,6d1242264c04e6fda2f5acdd2e7e4a20b495087829642a2b691e1dfc00271f66,application/pdf,2025-11-05,2026-07-27,
sd_sddot_bid_tabs_2025_11_05_final,sd_sddot_bid_tabs_2025_11_05,final_award_report,https://apps.sd.gov/HC65C2C/EBS/lettings/11052025final.pdf,11052025final.pdf,1edaea6270e2530f1320835a259f6150bf1fabc6aca05bbd473a80ee50798bbd,application/pdf,2025-11-05,2026-07-27,
sd_sddot_bid_tabs_2025_11_19_abstract,sd_sddot_bid_tabs_2025_11_19,bid_abstract,https://apps.sd.gov/HC65C2C/EBS/lettings/11192025abstract.pdf,11192025abstract.pdf,3310fea86f63c902f75695e5af246abba0e85d142052d104af4e3f7a59feb3e3,application/pdf,2025-11-19,2026-07-27,
sd_sddot_bid_tabs_2025_11_19_final,sd_sddot_bid_tabs_2025_11_19,final_award_report,https://apps.sd.gov/HC65C2C/EBS/lettings/11192025final.pdf,11192025final.pdf,a63332b07bb717ca8c8de4d81f1f8ba17dd2fa63bc6fa2a4a9793f874ab9a9f3,application/pdf,2025-11-19,2026-07-27,
sd_sddot_bid_tabs_2025_12_03_abstract,sd_sddot_bid_tabs_2025_12_03,bid_abstract,https://apps.sd.gov/HC65C2C/EBS/lettings/12032025abstract.pdf,12032025abstract.pdf,3abd1bd73fb42e2b8dbf7b711a3d6c4efcf042ded38af3b06569c3b29a5c3e7a,application/pdf,2025-12-03,2026-07-27,
sd_sddot_bid_tabs_2025_12_03_final,sd_sddot_bid_tabs_2025_12_03,final_award_report,https://apps.sd.gov/HC65C2C/EBS/lettings/12032025final.pdf,12032025final.pdf,097ed8365ed8685405c645550d8c7ac5b754cefc1c2a6012a24a2eb33f162601,application/pdf,2025-12-03,2026-07-27,
sd_sddot_bid_tabs_2025_12_10_abstract,sd_sddot_bid_tabs_2025_12_10,bid_abstract,https://apps.sd.gov/HC65C2C/EBS/lettings/12102025abstract.pdf,12102025abstract.pdf,8e4d7cfde436587ce3f5b5557fb8acde23c778a58a251daaed2fcc0f05cd248b,application/pdf,2025-12-10,2026-07-27,
sd_sddot_bid_tabs_2025_12_10_final,sd_sddot_bid_tabs_2025_12_10,final_award_report,https://apps.sd.gov/HC65C2C/EBS/lettings/12102025final.pdf,12102025final.pdf,84bbfe460c2fd7f9a719ffaa587e406d6ddb1dd6981cbd7ddb30c43c6d309b30,application/pdf,2025-12-10,2026-07-27,
sd_sddot_bid_tabs_2026_01_21_abstract,sd_sddot_bid_tabs_2026_01_21,bid_abstract,https://apps.sd.gov/HC65C2C/EBS/lettings/01212026abstract.pdf,01212026abstract.pdf,1d2225ac92cb3990f4fc969cc76a405c2b1c6768f37c77ddb8fdb143b8490b68,application/pdf,2026-01-21,2026-07-27,
sd_sddot_bid_tabs_2026_01_21_final,sd_sddot_bid_tabs_2026_01_21,final_award_report,https://apps.sd.gov/HC65C2C/EBS/lettings/01212026final.pdf,01212026final.pdf,7f4a78090e5284cb3735d838882f9f5660bcfdc4c8c7d4af37d0e304c8ea9b0c,application/pdf,2026-01-21,2026-07-27,
sd_sddot_bid_tabs_2026_02_04_abstract,sd_sddot_bid_tabs_2026_02_04,bid_abstract,https://apps.sd.gov/HC65C2C/EBS/lettings/02042026abstract.pdf,02042026abstract.pdf,87411721331c6efa1b4756b9065d89100122583103093193ed34534e78f004a8,application/pdf,2026-02-04,2026-07-27,
sd_sddot_bid_tabs_2026_02_04_final,sd_sddot_bid_tabs_2026_02_04,final_award_report,https://apps.sd.gov/HC65C2C/EBS/lettings/02042026final.pdf,02042026final.pdf,b1103f1a18a04a3def605f5ba8630b7790e5fb453c68d3c57afe33ec6c14cde1,application/pdf,2026-02-04,2026-07-27,
sd_sddot_bid_tabs_2026_02_18_abstract,sd_sddot_bid_tabs_2026_02_18,bid_abstract,https://apps.sd.gov/HC65C2C/EBS/lettings/02182026abstract.pdf,02182026abstract.pdf,cf8491c33fa250dd3a5a5b5adeab377d3cc68e051656125820c89af35764a286,application/pdf,2026-02-18,2026-07-27,
sd_sddot_bid_tabs_2026_02_18_final,sd_sddot_bid_tabs_2026_02_18,final_award_report,https://apps.sd.gov/HC65C2C/EBS/lettings/02182026final.pdf,02182026final.pdf,014a1bbc1467c81bf9537e2d2c30765c1ec83fcf98a0e55a90ee81d1a1668d1f,application/pdf,2026-02-18,2026-07-27,
sd_sddot_bid_tabs_2026_03_04_abstract,sd_sddot_bid_tabs_2026_03_04,bid_abstract,https://apps.sd.gov/HC65C2C/EBS/lettings/03042026abstract.pdf,03042026abstract.pdf,640922bcbf17eb417fcfc985f879b12145e3d4ab1015103d79e89d01464f043c,application/pdf,2026-03-04,2026-07-27,
sd_sddot_bid_tabs_2026_03_04_final,sd_sddot_bid_tabs_2026_03_04,final_award_report,https://apps.sd.gov/HC65C2C/EBS/lettings/03042026final.pdf,03042026final.pdf,780de8de05fa8e07ac5a44eebd4ca94dd631c3f63c26d8e3b348e506bfe02c0b,application/pdf,2026-03-04,2026-07-27,
sd_sddot_bid_tabs_2026_03_18_abstract,sd_sddot_bid_tabs_2026_03_18,bid_abstract,https://apps.sd.gov/HC65C2C/EBS/lettings/03182026abstract.pdf,03182026abstract.pdf,226c123e1564832d12d7af5630ca4bce6c9ed368ad02cba55cb3e917074abb8a,application/pdf,2026-03-18,2026-07-27,
sd_sddot_bid_tabs_2026_03_18_final,sd_sddot_bid_tabs_2026_03_18,final_award_report,https://apps.sd.gov/HC65C2C/EBS/lettings/03182026final.pdf,03182026final.pdf,9c53a5015e0fa4b28b962b5f3883d40be96dcd325fc3a28801ef839f7349d952,application/pdf,2026-03-18,2026-07-27,
sd_sddot_bid_tabs_2026_04_01_abstract,sd_sddot_bid_tabs_2026_04_01,bid_abstract,https://apps.sd.gov/HC65C2C/EBS/lettings/04012026abstract.pdf,04012026abstract.pdf,46587631d30cfe172fd4da1cccd2339b4a308fb52ed6c813ad0932ef6d68b942,application/pdf,2026-04-01,2026-07-27,
sd_sddot_bid_tabs_2026_04_01_final,sd_sddot_bid_tabs_2026_04_01,final_award_report,https://apps.sd.gov/HC65C2C/EBS/lettings/04012026final.pdf,04012026final.pdf,3dd6e8b1f50a01c326c6fffba97e75bf9410bc94b08d593c53ac8fa734789767,application/pdf,2026-04-01,2026-07-27,
sd_sddot_bid_tabs_2026_04_15_abstract,sd_sddot_bid_tabs_2026_04_15,bid_abstract,https://apps.sd.gov/HC65C2C/EBS/lettings/04152026abstract.pdf,04152026abstract.pdf,a34a65ef2bb6354bfcd29e39975eaa2b725df129350457d4194abab5d9cc44ac,application/pdf,2026-04-15,2026-07-27,
sd_sddot_bid_tabs_2026_04_15_final,sd_sddot_bid_tabs_2026_04_15,final_award_report,https://apps.sd.gov/HC65C2C/EBS/lettings/04152026final.pdf,04152026final.pdf,3a4b5176859544d1c2e480ec068479ca0f4ee2413b8362d98da775ee9658860f,application/pdf,2026-04-15,2026-07-27,
sd_sddot_bid_tabs_2026_05_06_abstract,sd_sddot_bid_tabs_2026_05_06,bid_abstract,https://apps.sd.gov/HC65C2C/EBS/lettings/05062026abstract.pdf,05062026abstract.pdf,ba610d6c9fb9e061dce2acb558a0b2c8dcfcb7820368573c9a51eb535f035f27,application/pdf,2026-05-06,2026-07-27,
sd_sddot_bid_tabs_2026_05_06_final,sd_sddot_bid_tabs_2026_05_06,final_award_report,https://apps.sd.gov/HC65C2C/EBS/lettings/05062026final.pdf,05062026final.pdf,905e39f515a2bf95db0111280f527732d55fa1998bca54d824c03978f7028958,application/pdf,2026-05-06,2026-07-27,
sd_sddot_bid_tabs_2026_05_13_abstract,sd_sddot_bid_tabs_2026_05_13,bid_abstract,https://apps.sd.gov/HC65C2C/EBS/lettings/05132026abstract.pdf,05132026abstract.pdf,bb456f3a287a73259f4bc44c17a666836d7b83142b59e4dbcc716043c9a4eba5,application/pdf,2026-05-13,2026-07-27,
sd_sddot_bid_tabs_2026_05_13_final,sd_sddot_bid_tabs_2026_05_13,final_award_report,https://apps.sd.gov/HC65C2C/EBS/lettings/05132026final.pdf,05132026final.pdf,b7a3a037469192bb5ccca7ae8b078249bb39c9ad0dc048a7e860a028c33060cc,application/pdf,2026-05-13,2026-07-27,
sd_sddot_bid_tabs_2026_05_20_abstract,sd_sddot_bid_tabs_2026_05_20,bid_abstract,https://apps.sd.gov/HC65C2C/EBS/lettings/05202026abstract.pdf,05202026abstract.pdf,f1cd84eff4c987eb6d560f54c100a9b276680a3e16cf8e53c301df4944f18cbd,application/pdf,2026-05-20,2026-07-27,
sd_sddot_bid_tabs_2026_05_20_final,sd_sddot_bid_tabs_2026_05_20,final_award_report,https://apps.sd.gov/HC65C2C/EBS/lettings/05202026final.pdf,05202026final.pdf,861d062a7e2218679f137dd8df56dfa908a5e7ef1b38dfe2b0b265cce3bf56fd,application/pdf,2026-05-20,2026-07-27,
sd_sddot_bid_tabs_2026_05_27_abstract,sd_sddot_bid_tabs_2026_05_27,bid_abstract,https://apps.sd.gov/HC65C2C/EBS/lettings/05272026abstract.pdf,05272026abstract.pdf,eaac5486eff5acd5dd9d9c60e1df2b582c5848bede120f0479c9960619d78570,application/pdf,2026-05-27,2026-07-27,
sd_sddot_bid_tabs_2026_05_27_final,sd_sddot_bid_tabs_2026_05_27,final_award_report,https://apps.sd.gov/HC65C2C/EBS/lettings/05272026final.pdf,05272026final.pdf,f118051f2d6ec22a5caddbb4de5e07bae193931624d8695feba6847900cdcf99,application/pdf,2026-05-27,2026-07-27,
sd_sddot_item_catalog_2026_07_27_snapshot,sd_sddot_item_catalog_2026_07_27,item_catalog_snapshot,https://apps.sd.gov/hc70sbi/main.aspx,standard_bid_items_all.html,125dfa8dc2f20a9977d2bcae7086df259de00b0197cc8c463ad007f2dcf6f41f,text/html,2026-07-27,2026-07-27,All-SBI search result snapshot.
