source_id,source_type,agency_id,agency_name,state,source_label,source_date,data_year,source_url,source_file_name,sha256,parser_name,parser_version,notes
sd_sddot_bid_tabs_2019_01_16,bid_tab,sd_sddot,South Dakota Department of Transportation,SD,SDDOT 2019-01-16 Completed Letting,2019-01-16,2019,https://apps.sd.gov/hc65bidletting/bidlettingscompletedetail.aspx?args=0F03BFE651C4DAE8B39A2A9C59B98D1DEA5F0C9DD66E76E1,20190116_detail.html,fe624bd9662af14f4f4c8d656b765811c292e7d31ff924bd0486940838850e8f,import_south_dakota_data.py,1.0.0,Bundle source containing the Abstract of Bids and Low Bid Final Report.
sd_sddot_bid_tabs_2019_01_23,bid_tab,sd_sddot,South Dakota Department of Transportation,SD,SDDOT 2019-01-23 Completed Letting,2019-01-23,2019,https://apps.sd.gov/hc65bidletting/bidlettingscompletedetail.aspx?args=0F03BFE651C4DAE826714AFCD67F490E75870D7C961B8DC4,20190123_detail.html,c10bd33e77b05207d750fd6e11fef447a7ea66ac05aed91cd14104767c94bb33,import_south_dakota_data.py,1.0.0,Bundle source containing the Abstract of Bids and Low Bid Final Report.
sd_sddot_bid_tabs_2019_02_06,bid_tab,sd_sddot,South Dakota Department of Transportation,SD,SDDOT 2019-02-06 Completed Letting,2019-02-06,2019,https://apps.sd.gov/hc65bidletting/bidlettingscompletedetail.aspx?args=0F03BFE651C4DAE8504A2FDFA7C3D721ED854C030ACF0CDC,20190206_detail.html,574b050f360b72c48d5746eee3fb6d9a9962337d2b5b5583983c03388922fc34,import_south_dakota_data.py,1.0.0,Bundle source containing the Abstract of Bids and Low Bid Final Report.
sd_sddot_bid_tabs_2019_02_20,bid_tab,sd_sddot,South Dakota Department of Transportation,SD,SDDOT 2019-02-20 Completed Letting,2019-02-20,2019,https://apps.sd.gov/hc65bidletting/bidlettingscompletedetail.aspx?args=0F03BFE651C4DAE89C2FE97E512DEE0885685A6AC7B65D6E,20190220_detail.html,d3129d61531b4fb026e92dc72a738a7828fede97845aba6814ab3fff49e38edc,import_south_dakota_data.py,1.0.0,Bundle source containing the Abstract of Bids and Low Bid Final Report.
sd_sddot_bid_tabs_2019_03_06,bid_tab,sd_sddot,South Dakota Department of Transportation,SD,SDDOT 2019-03-06 Completed Letting,2019-03-06,2019,https://apps.sd.gov/hc65bidletting/bidlettingscompletedetail.aspx?args=0F03BFE651C4DAE8963AE36248022795722B3701A548FAD2,20190306_detail.html,04aa7c867365207bc3f4933c8cacab0d0be1763f74e19157d03a1f85f49e7418,import_south_dakota_data.py,1.0.0,Bundle source containing the Abstract of Bids and Low Bid Final Report.
sd_sddot_bid_tabs_2019_03_20,bid_tab,sd_sddot,South Dakota Department of Transportation,SD,SDDOT 2019-03-20 Completed Letting,2019-03-20,2019,https://apps.sd.gov/hc65bidletting/bidlettingscompletedetail.aspx?args=0F03BFE651C4DAE8B51213BEECD0130BE97294FEFA3C4995,20190320_detail.html,76c5e509dc14e0b851f86dd43646ef7e46fc0b2b6f4840817ef8e9f6dfec7676,import_south_dakota_data.py,1.0.0,Bundle source containing the Abstract of Bids and Low Bid Final Report.
sd_sddot_bid_tabs_2019_03_27,bid_tab,sd_sddot,South Dakota Department of Transportation,SD,SDDOT 2019-03-27 Completed Letting,2019-03-27,2019,https://apps.sd.gov/hc65bidletting/bidlettingscompletedetail.aspx?args=0F03BFE651C4DAE86D16B0ECCDE6341AFD41A12E274FE75F,20190327_detail.html,f0012acae194e538bfa96396cccb7fe45038c849f59c0e37c2bf56b15be91b34,import_south_dakota_data.py,1.0.0,Bundle source containing the Abstract of Bids and Low Bid Final Report.
sd_sddot_bid_tabs_2019_04_03,bid_tab,sd_sddot,South Dakota Department of Transportation,SD,SDDOT 2019-04-03 Completed Letting,2019-04-03,2019,https://apps.sd.gov/hc65bidletting/bidlettingscompletedetail.aspx?args=0F03BFE651C4DAE8A21B59CF38D72A16EE0AB6841C70BF3B,20190403_detail.html,2122c802df9a9b44e0b69dd556ce4b514ac55b55bb573c1c7df3dc0c7504f605,import_south_dakota_data.py,1.0.0,Bundle source containing the Abstract of Bids and Low Bid Final Report.
sd_sddot_bid_tabs_2019_04_10,bid_tab,sd_sddot,South Dakota Department of Transportation,SD,SDDOT 2019-04-10 Completed Letting,2019-04-10,2019,https://apps.sd.gov/hc65bidletting/bidlettingscompletedetail.aspx?args=0F03BFE651C4DAE88BFE8FF9638776010E1538777056C53D,20190410_detail.html,8e35c3a9ffb856c6babaf53a0cae41788c90ab1850f5a764427da197bb9474e5,import_south_dakota_data.py,1.0.0,Bundle source containing the Abstract of Bids and Low Bid Final Report.
sd_sddot_bid_tabs_2019_04_17,bid_tab,sd_sddot,South Dakota Department of Transportation,SD,SDDOT 2019-04-17 Completed Letting,2019-04-17,2019,https://apps.sd.gov/hc65bidletting/bidlettingscompletedetail.aspx?args=0F03BFE651C4DAE8BFB9EFE695DF6F3076A4DFB9F64D2A06,20190417_detail.html,f65ade1f9d808da9248be893f5f2ceeb0a5363d7f2414d40ed37c565ae69369e,import_south_dakota_data.py,1.0.0,Bundle source containing the Abstract of Bids and Low Bid Final Report.
sd_sddot_bid_tabs_2019_05_01,bid_tab,sd_sddot,South Dakota Department of Transportation,SD,SDDOT 2019-05-01 Completed Letting,2019-05-01,2019,https://apps.sd.gov/hc65bidletting/bidlettingscompletedetail.aspx?args=0F03BFE651C4DAE8CE6C631D89135274EEEDB7C96279BBC1,20190501_detail.html,dbfa762332be69bb78cb6a4289509f0a51dbd28fdc06eb5fed3ce46a66a4aa19,import_south_dakota_data.py,1.0.0,Bundle source containing the Abstract of Bids and Low Bid Final Report.
sd_sddot_bid_tabs_2019_05_15,bid_tab,sd_sddot,South Dakota Department of Transportation,SD,SDDOT 2019-05-15 Completed Letting,2019-05-15,2019,https://apps.sd.gov/hc65bidletting/bidlettingscompletedetail.aspx?args=0F03BFE651C4DAE8986364B38E45DA044911E908C50B82CC,20190515_detail.html,e2a82c8dc9445a1d01c82100715d1487d1276372921a092d3fca1bf55c4f1a5d,import_south_dakota_data.py,1.0.0,Bundle source containing the Abstract of Bids and Low Bid Final Report.
sd_sddot_bid_tabs_2019_06_05,bid_tab,sd_sddot,South Dakota Department of Transportation,SD,SDDOT 2019-06-05 Completed Letting,2019-06-05,2019,https://apps.sd.gov/hc65bidletting/bidlettingscompletedetail.aspx?args=0F03BFE651C4DAE8AC4B4148CE488B276D1089FE71BB6229,20190605_detail.html,0efcf6b3fa9e84df27b219f0b9d9968ded3c6fc7f8dfbd0446c651d445849e0a,import_south_dakota_data.py,1.0.0,Bundle source containing the Abstract of Bids and Low Bid Final Report.
sd_sddot_bid_tabs_2019_06_19,bid_tab,sd_sddot,South Dakota Department of Transportation,SD,SDDOT 2019-06-19 Completed Letting,2019-06-19,2019,https://apps.sd.gov/hc65bidletting/bidlettingscompletedetail.aspx?args=0F03BFE651C4DAE86D6B9A30A32522EF4361671000F6F10E,20190619_detail.html,80d564e1910607134ff67271b62d7269e0a138bcd6bb819552c409a1f1ac9115,import_south_dakota_data.py,1.0.0,Bundle source containing the Abstract of Bids and Low Bid Final Report.
sd_sddot_bid_tabs_2019_07_17,bid_tab,sd_sddot,South Dakota Department of Transportation,SD,SDDOT 2019-07-17 Completed Letting,2019-07-17,2019,https://apps.sd.gov/hc65bidletting/bidlettingscompletedetail.aspx?args=0F03BFE651C4DAE81AF2E3CFC057A772CA974127FD7B21DA,20190717_detail.html,ae9c8ec09b4052b050b8b3fc0a4604320152127ec02fec366383069e0cab5831,import_south_dakota_data.py,1.0.0,Bundle source containing the Abstract of Bids and Low Bid Final Report.
sd_sddot_bid_tabs_2019_08_21,bid_tab,sd_sddot,South Dakota Department of Transportation,SD,SDDOT 2019-08-21 Completed Letting,2019-08-21,2019,https://apps.sd.gov/hc65bidletting/bidlettingscompletedetail.aspx?args=0F03BFE651C4DAE8D37B9583BA6BAE993FFAD1E887485344,20190821_detail.html,ef0c33d06e72c96aa0d142e752a92cf571dca154e62ac87e885a589fab76ecc2,import_south_dakota_data.py,1.0.0,Bundle source containing the Abstract of Bids and Low Bid Final Report.
sd_sddot_bid_tabs_2019_09_04,bid_tab,sd_sddot,South Dakota Department of Transportation,SD,SDDOT 2019-09-04 Completed Letting,2019-09-04,2019,https://apps.sd.gov/hc65bidletting/bidlettingscompletedetail.aspx?args=0F03BFE651C4DAE87923A34105275FB00A97018FC42DD2E9,20190904_detail.html,99648e1f7be944df765b641cc96c4176cbf523ad1b2d369dc6efdfb91486f8d8,import_south_dakota_data.py,1.0.0,Bundle source containing the Abstract of Bids and Low Bid Final Report.
sd_sddot_bid_tabs_2019_09_18,bid_tab,sd_sddot,South Dakota Department of Transportation,SD,SDDOT 2019-09-18 Completed Letting,2019-09-18,2019,https://apps.sd.gov/hc65bidletting/bidlettingscompletedetail.aspx?args=0F03BFE651C4DAE84224237B300F9D170700C010102BCBB0,20190918_detail.html,6986526411b07942a88f7ebad5b38637b92fc21bc2fa9bf24b504d3575ea3094,import_south_dakota_data.py,1.0.0,Bundle source containing the Abstract of Bids and Low Bid Final Report.
sd_sddot_bid_tabs_2019_10_02,bid_tab,sd_sddot,South Dakota Department of Transportation,SD,SDDOT 2019-10-02 Completed Letting,2019-10-02,2019,https://apps.sd.gov/hc65bidletting/bidlettingscompletedetail.aspx?args=0F03BFE651C4DAE8008156C4B1EBD4DBADDB388B733CF808,20191002_detail.html,2550e70fbf538aa244d7ee26163249594a876c198ed6bf981a72c22baf576e7a,import_south_dakota_data.py,1.0.0,Bundle source containing the Abstract of Bids and Low Bid Final Report.
sd_sddot_bid_tabs_2019_10_16,bid_tab,sd_sddot,South Dakota Department of Transportation,SD,SDDOT 2019-10-16 Completed Letting,2019-10-16,2019,https://apps.sd.gov/hc65bidletting/bidlettingscompletedetail.aspx?args=0F03BFE651C4DAE8F98947491969934E6A129AD278B3F044,20191016_detail.html,0f2b7ddaa47b725782db039b8760a20379a1f546de4b3e7eab8a9c576c3bc9ef,import_south_dakota_data.py,1.0.0,Bundle source containing the Abstract of Bids and Low Bid Final Report.
sd_sddot_bid_tabs_2019_11_06,bid_tab,sd_sddot,South Dakota Department of Transportation,SD,SDDOT 2019-11-06 Completed Letting,2019-11-06,2019,https://apps.sd.gov/hc65bidletting/bidlettingscompletedetail.aspx?args=0F03BFE651C4DAE850F42BB3329E1297DCA90385BBD02AA3,20191106_detail.html,bda44cef05f12df5b2132d920930e68c1fa40c2a97d4a617baec91c082532e61,import_south_dakota_data.py,1.0.0,Bundle source containing the Abstract of Bids and Low Bid Final Report.
sd_sddot_bid_tabs_2019_11_20,bid_tab,sd_sddot,South Dakota Department of Transportation,SD,SDDOT 2019-11-20 Completed Letting,2019-11-20,2019,https://apps.sd.gov/hc65bidletting/bidlettingscompletedetail.aspx?args=0F03BFE651C4DAE841ADD5026E608C1FB3B02E168114C907,20191120_detail.html,95290d5eb12e6ef684d935b76ed8362954f9f391e45cf2bd755c5ac2749c02a2,import_south_dakota_data.py,1.0.0,Bundle source containing the Abstract of Bids and Low Bid Final Report.
sd_sddot_bid_tabs_2019_12_04,bid_tab,sd_sddot,South Dakota Department of Transportation,SD,SDDOT 2019-12-04 Completed Letting,2019-12-04,2019,https://apps.sd.gov/hc65bidletting/bidlettingscompletedetail.aspx?args=0F03BFE651C4DAE85D2B2311BB790472D524D4EB9E323BA3,20191204_detail.html,6c27db3f925bc700df0640b14aadb45265ab836504f8d3a980f3e786b20f97ee,import_south_dakota_data.py,1.0.0,Bundle source containing the Abstract of Bids and Low Bid Final Report.
sd_sddot_bid_tabs_2019_12_11,bid_tab,sd_sddot,South Dakota Department of Transportation,SD,SDDOT 2019-12-11 Completed Letting,2019-12-11,2019,https://apps.sd.gov/hc65bidletting/bidlettingscompletedetail.aspx?args=0F03BFE651C4DAE8A5AD8F42611605D0B7A1A211F02853EA,20191211_detail.html,cbd4498f0cae6a09d3541369cbeaaec8576b7fac8fadf7e8a26e60d2fb8205db,import_south_dakota_data.py,1.0.0,Bundle source containing the Abstract of Bids and Low Bid Final Report.
sd_sddot_bid_tabs_2020_01_22,bid_tab,sd_sddot,South Dakota Department of Transportation,SD,SDDOT 2020-01-22 Completed Letting,2020-01-22,2020,https://apps.sd.gov/hc65bidletting/bidlettingscompletedetail.aspx?args=0F03BFE651C4DAE8751403008D288BF2B6ED2FB31F525AEC,20200122_detail.html,8cef0d8c21622c1759a03eac85386fd2c62c02e23691740af03ea9279eae0177,import_south_dakota_data.py,1.0.0,Bundle source containing the Abstract of Bids and Low Bid Final Report.
sd_sddot_bid_tabs_2020_02_05,bid_tab,sd_sddot,South Dakota Department of Transportation,SD,SDDOT 2020-02-05 Completed Letting,2020-02-05,2020,https://apps.sd.gov/hc65bidletting/bidlettingscompletedetail.aspx?args=0F03BFE651C4DAE8A1F56B31DF44BD7FEF6069F5F7AD05D4,20200205_detail.html,0be7f96b51be49f3dc613609218c03d9643c8462f73e78dc705b09e67a9f0f46,import_south_dakota_data.py,1.0.0,Bundle source containing the Abstract of Bids and Low Bid Final Report.
sd_sddot_bid_tabs_2020_02_19,bid_tab,sd_sddot,South Dakota Department of Transportation,SD,SDDOT 2020-02-19 Completed Letting,2020-02-19,2020,https://apps.sd.gov/hc65bidletting/bidlettingscompletedetail.aspx?args=0F03BFE651C4DAE8CFA55FB6F632211D1374DD2FBA963372,20200219_detail.html,3991be33924dd49c5fbb8d661c1062da24a10bc1d48124e105527943b7c2db6c,import_south_dakota_data.py,1.0.0,Bundle source containing the Abstract of Bids and Low Bid Final Report.
sd_sddot_bid_tabs_2020_03_04,bid_tab,sd_sddot,South Dakota Department of Transportation,SD,SDDOT 2020-03-04 Completed Letting,2020-03-04,2020,https://apps.sd.gov/hc65bidletting/bidlettingscompletedetail.aspx?args=0F03BFE651C4DAE8F05C03DFA362BBFC14CEB1B2172B144B,20200304_detail.html,d9c429dd73217c78b5cf09453e0e4669d17c0c915750db995c45e23e05d4a88b,import_south_dakota_data.py,1.0.0,Bundle source containing the Abstract of Bids and Low Bid Final Report.
sd_sddot_bid_tabs_2020_03_25,bid_tab,sd_sddot,South Dakota Department of Transportation,SD,SDDOT 2020-03-25 Completed Letting,2020-03-25,2020,https://apps.sd.gov/hc65bidletting/bidlettingscompletedetail.aspx?args=0F03BFE651C4DAE8EE930C21DA0EE73F748DD7CD02D8CED2,20200325_detail.html,5f37bd53d1cfb186a2bd429ce0f404f97dbf18ac1caf396a310ade38d07f087e,import_south_dakota_data.py,1.0.0,Bundle source containing the Abstract of Bids and Low Bid Final Report.
sd_sddot_bid_tabs_2020_04_01,bid_tab,sd_sddot,South Dakota Department of Transportation,SD,SDDOT 2020-04-01 Completed Letting,2020-04-01,2020,https://apps.sd.gov/hc65bidletting/bidlettingscompletedetail.aspx?args=0F03BFE651C4DAE8606C1DCD66EF2C483DF1D2077863F613,20200401_detail.html,024917bb4f3c56891bf5dffc815a7e42f8a457bb472ef20a988e73286294d4eb,import_south_dakota_data.py,1.0.0,Bundle source containing the Abstract of Bids and Low Bid Final Report.
sd_sddot_bid_tabs_2020_04_15,bid_tab,sd_sddot,South Dakota Department of Transportation,SD,SDDOT 2020-04-15 Completed Letting,2020-04-15,2020,https://apps.sd.gov/hc65bidletting/bidlettingscompletedetail.aspx?args=0F03BFE651C4DAE8AEA8FE4CEEDEB1D7D4B6A72D564CBFD3,20200415_detail.html,beeefa849c551f32864a3a7f66f0a4f6b5ad0d6a24967dc2c169273179c9cfee,import_south_dakota_data.py,1.0.0,Bundle source containing the Abstract of Bids and Low Bid Final Report.
sd_sddot_bid_tabs_2020_05_06,bid_tab,sd_sddot,South Dakota Department of Transportation,SD,SDDOT 2020-05-06 Completed Letting,2020-05-06,2020,https://apps.sd.gov/hc65bidletting/bidlettingscompletedetail.aspx?args=0F03BFE651C4DAE82F443BD434455EBB44D0A609A4B5EB8D,20200506_detail.html,3e490b9170bfa261a9c9b5eadc51589b0c17f5017390c2ad0a8a97a966b82fb1,import_south_dakota_data.py,1.0.0,Bundle source containing the Abstract of Bids and Low Bid Final Report.
sd_sddot_bid_tabs_2020_05_13,bid_tab,sd_sddot,South Dakota Department of Transportation,SD,SDDOT 2020-05-13 Completed Letting,2020-05-13,2020,https://apps.sd.gov/hc65bidletting/bidlettingscompletedetail.aspx?args=0F03BFE651C4DAE83375DA137EB2F9A85AC2CFA9A0804161,20200513_detail.html,3500df23b73e6f2527d2ac1a950a30b56bff6b025cd8298fd1f1672f289190e5,import_south_dakota_data.py,1.0.0,Bundle source containing the Abstract of Bids and Low Bid Final Report.
sd_sddot_bid_tabs_2020_05_20,bid_tab,sd_sddot,South Dakota Department of Transportation,SD,SDDOT 2020-05-20 Completed Letting,2020-05-20,2020,https://apps.sd.gov/hc65bidletting/bidlettingscompletedetail.aspx?args=0F03BFE651C4DAE834E70221A2375D554E972512AF062751,20200520_detail.html,f4dfd7a13c98a8fd57d72612888ea760e91258fdbe565bd1bce7651544996b93,import_south_dakota_data.py,1.0.0,Bundle source containing the Abstract of Bids and Low Bid Final Report.
sd_sddot_bid_tabs_2020_06_03,bid_tab,sd_sddot,South Dakota Department of Transportation,SD,SDDOT 2020-06-03 Completed Letting,2020-06-03,2020,https://apps.sd.gov/hc65bidletting/bidlettingscompletedetail.aspx?args=0F03BFE651C4DAE8CA6F48A69515424ABC136741791BBFB1,20200603_detail.html,a0d26c872637328601f2751ddf8d28daba48e654c314275061d0f355a2f02ecd,import_south_dakota_data.py,1.0.0,Bundle source containing the Abstract of Bids and Low Bid Final Report.
sd_sddot_bid_tabs_2020_06_17,bid_tab,sd_sddot,South Dakota Department of Transportation,SD,SDDOT 2020-06-17 Completed Letting,2020-06-17,2020,https://apps.sd.gov/hc65bidletting/bidlettingscompletedetail.aspx?args=0F03BFE651C4DAE8DD5BA792EB84B440CEBBEAEE7792B617,20200617_detail.html,8fe2c7fa8b73cd3ef8bbc8eee5a0eeead8838c4b8b947c4bd97eebb07bb73bd7,import_south_dakota_data.py,1.0.0,Bundle source containing the Abstract of Bids and Low Bid Final Report.
sd_sddot_bid_tabs_2020_07_15,bid_tab,sd_sddot,South Dakota Department of Transportation,SD,SDDOT 2020-07-15 Completed Letting,2020-07-15,2020,https://apps.sd.gov/hc65bidletting/bidlettingscompletedetail.aspx?args=0F03BFE651C4DAE851D6DDF11C8E3744D21B00D71EC2781B,20200715_detail.html,24a52283e97dbec28a539e1c80f83c9eaa7255da4301dc9dd2f26ed4d2b77429,import_south_dakota_data.py,1.0.0,Bundle source containing the Abstract of Bids and Low Bid Final Report.
sd_sddot_bid_tabs_2020_08_05,bid_tab,sd_sddot,South Dakota Department of Transportation,SD,SDDOT 2020-08-05 Completed Letting,2020-08-05,2020,https://apps.sd.gov/hc65bidletting/bidlettingscompletedetail.aspx?args=0F03BFE651C4DAE8C5AF483693553F008FB4AFE60CC8EBB8,20200805_detail.html,398557466ffe4962c3967de2dd21923e71eb03727e5de1992b529042b20cf719,import_south_dakota_data.py,1.0.0,Bundle source containing the Abstract of Bids and Low Bid Final Report.
sd_sddot_bid_tabs_2020_08_19,bid_tab,sd_sddot,South Dakota Department of Transportation,SD,SDDOT 2020-08-19 Completed Letting,2020-08-19,2020,https://apps.sd.gov/hc65bidletting/bidlettingscompletedetail.aspx?args=0F03BFE651C4DAE88B26352620A6C6E06A5BF599D965E99C,20200819_detail.html,5716879f1c39d47c2642d04647101cc586318be532a55f79b8c9457a7f4f0ecb,import_south_dakota_data.py,1.0.0,Bundle source containing the Abstract of Bids and Low Bid Final Report.
sd_sddot_bid_tabs_2020_09_02,bid_tab,sd_sddot,South Dakota Department of Transportation,SD,SDDOT 2020-09-02 Completed Letting,2020-09-02,2020,https://apps.sd.gov/hc65bidletting/bidlettingscompletedetail.aspx?args=0F03BFE651C4DAE8D9B7C5F83E2020C2B216C666F9934046,20200902_detail.html,b8df90f62defbbe2f281ec130f915734f05a846e99f98180614f4e0ee51b2280,import_south_dakota_data.py,1.0.0,Bundle source containing the Abstract of Bids and Low Bid Final Report.
sd_sddot_bid_tabs_2020_09_16,bid_tab,sd_sddot,South Dakota Department of Transportation,SD,SDDOT 2020-09-16 Completed Letting,2020-09-16,2020,https://apps.sd.gov/hc65bidletting/bidlettingscompletedetail.aspx?args=0F03BFE651C4DAE85F659BB86BDD8B4CB1BAA817F30CE983,20200916_detail.html,7c1b847b63fa350f7928ef9baa4d5a202781f3951e7a4b03c61199d35fe8ba00,import_south_dakota_data.py,1.0.0,Bundle source containing the Abstract of Bids and Low Bid Final Report.
sd_sddot_bid_tabs_2020_10_07,bid_tab,sd_sddot,South Dakota Department of Transportation,SD,SDDOT 2020-10-07 Completed Letting,2020-10-07,2020,https://apps.sd.gov/hc65bidletting/bidlettingscompletedetail.aspx?args=0F03BFE651C4DAE8257C422FC5FEDB6B0AF57823C3A0E50F,20201007_detail.html,e8aafaa74f04968d25675ac633c0f795c1d130ee7c3fdacf88da968b36a611cc,import_south_dakota_data.py,1.0.0,Bundle source containing the Abstract of Bids and Low Bid Final Report.
sd_sddot_bid_tabs_2020_10_21,bid_tab,sd_sddot,South Dakota Department of Transportation,SD,SDDOT 2020-10-21 Completed Letting,2020-10-21,2020,https://apps.sd.gov/hc65bidletting/bidlettingscompletedetail.aspx?args=0F03BFE651C4DAE8C768C8D08D439AAA5A3AAA4960B83A75,20201021_detail.html,bad4b5893170a4994d5069035a085109e1bf9ac8535ecb8ad7c26f6019cdeeb7,import_south_dakota_data.py,1.0.0,Bundle source containing the Abstract of Bids and Low Bid Final Report.
sd_sddot_bid_tabs_2020_11_04,bid_tab,sd_sddot,South Dakota Department of Transportation,SD,SDDOT 2020-11-04 Completed Letting,2020-11-04,2020,https://apps.sd.gov/hc65bidletting/bidlettingscompletedetail.aspx?args=0F03BFE651C4DAE823BCD9516B1521404A7506D175A4E1C9,20201104_detail.html,5ebdf8648f443d680cec4ef0ad629b3446b8696e228ccc1889787329c45033de,import_south_dakota_data.py,1.0.0,Bundle source containing the Abstract of Bids and Low Bid Final Report.
sd_sddot_bid_tabs_2020_11_18,bid_tab,sd_sddot,South Dakota Department of Transportation,SD,SDDOT 2020-11-18 Completed Letting,2020-11-18,2020,https://apps.sd.gov/hc65bidletting/bidlettingscompletedetail.aspx?args=0F03BFE651C4DAE834B97231957BD12B1BD57BE1282B5D95,20201118_detail.html,04462e8d63d3234ceeb9b23ddf60bb8bd3b987596c2c7e52265725739d9f7f62,import_south_dakota_data.py,1.0.0,Bundle source containing the Abstract of Bids and Low Bid Final Report.
sd_sddot_bid_tabs_2020_12_02,bid_tab,sd_sddot,South Dakota Department of Transportation,SD,SDDOT 2020-12-02 Completed Letting,2020-12-02,2020,https://apps.sd.gov/hc65bidletting/bidlettingscompletedetail.aspx?args=0F03BFE651C4DAE885D57D5D90D265C9A610EF2C64AEA139,20201202_detail.html,92928b689387c690b438a50c56df69dcf67d4b1af05ce6f2e8544240c302285a,import_south_dakota_data.py,1.0.0,Bundle source containing the Abstract of Bids and Low Bid Final Report.
sd_sddot_bid_tabs_2020_12_09,bid_tab,sd_sddot,South Dakota Department of Transportation,SD,SDDOT 2020-12-09 Completed Letting,2020-12-09,2020,https://apps.sd.gov/hc65bidletting/bidlettingscompletedetail.aspx?args=0F03BFE651C4DAE89C44ABB4B848869028D4CE75C1AC9420,20201209_detail.html,a8318d1599a37edbd898ee000cbcd194336113ec1e496cfd3947d26179bcca0d,import_south_dakota_data.py,1.0.0,Bundle source containing the Abstract of Bids and Low Bid Final Report.
sd_sddot_bid_tabs_2021_01_20,bid_tab,sd_sddot,South Dakota Department of Transportation,SD,SDDOT 2021-01-20 Completed Letting,2021-01-20,2021,https://apps.sd.gov/hc65bidletting/bidlettingscompletedetail.aspx?args=0F03BFE651C4DAE88925D27248EDC1CF6D3C2E21618CB1F1,20210120_detail.html,5677fa01e21bfa08619ad468e3240972ffb59b641cac229ad08af3c3ad0da38a,import_south_dakota_data.py,1.0.0,Bundle source containing the Abstract of Bids and Low Bid Final Report.
sd_sddot_bid_tabs_2021_02_03,bid_tab,sd_sddot,South Dakota Department of Transportation,SD,SDDOT 2021-02-03 Completed Letting,2021-02-03,2021,https://apps.sd.gov/hc65bidletting/bidlettingscompletedetail.aspx?args=0F03BFE651C4DAE8662F6B23FC3EB7B7D400AD22943B8A7E,20210203_detail.html,838bd25f029ae948b6792992c2dd79ec547b40f0675a4fc0622736f876aecb0a,import_south_dakota_data.py,1.0.0,Bundle source containing the Abstract of Bids and Low Bid Final Report.
sd_sddot_bid_tabs_2021_02_17,bid_tab,sd_sddot,South Dakota Department of Transportation,SD,SDDOT 2021-02-17 Completed Letting,2021-02-17,2021,https://apps.sd.gov/hc65bidletting/bidlettingscompletedetail.aspx?args=0F03BFE651C4DAE80C49D7A81D5BAC7F36165677DC0270F2,20210217_detail.html,be35bb7b211c94dc28a7ae88237526404c32d7c5f7d66b596ea2f8ad11f1d870,import_south_dakota_data.py,1.0.0,Bundle source containing the Abstract of Bids and Low Bid Final Report.
sd_sddot_bid_tabs_2021_03_03,bid_tab,sd_sddot,South Dakota Department of Transportation,SD,SDDOT 2021-03-03 Completed Letting,2021-03-03,2021,https://apps.sd.gov/hc65bidletting/bidlettingscompletedetail.aspx?args=0F03BFE651C4DAE81EC82C91A7BCBC6D6EAFEDD343FB9275,20210303_detail.html,5608cd4d2c310927681c83488a979854ad3e1ce2ef8a05a16efbfcfc5bacf035,import_south_dakota_data.py,1.0.0,Bundle source containing the Abstract of Bids and Low Bid Final Report.
sd_sddot_bid_tabs_2021_03_17,bid_tab,sd_sddot,South Dakota Department of Transportation,SD,SDDOT 2021-03-17 Completed Letting,2021-03-17,2021,https://apps.sd.gov/hc65bidletting/bidlettingscompletedetail.aspx?args=0F03BFE651C4DAE8C987D42F1F7058B4EF6222F878A404F4,20210317_detail.html,088236a7e8ed56f809793655446c30390a8d655dd01c9dd875c89357e9580f27,import_south_dakota_data.py,1.0.0,Bundle source containing the Abstract of Bids and Low Bid Final Report.
sd_sddot_bid_tabs_2021_04_14,bid_tab,sd_sddot,South Dakota Department of Transportation,SD,SDDOT 2021-04-14 Completed Letting,2021-04-14,2021,https://apps.sd.gov/hc65bidletting/bidlettingscompletedetail.aspx?args=0F03BFE651C4DAE8B9434B3811B71A71C16C8DEACFC03D6A,20210414_detail.html,67a4022c270aab7bc17131b61f391de368455b33a2e6604f0086da731f09d69e,import_south_dakota_data.py,1.0.0,Bundle source containing the Abstract of Bids and Low Bid Final Report.
sd_sddot_bid_tabs_2021_04_21,bid_tab,sd_sddot,South Dakota Department of Transportation,SD,SDDOT 2021-04-21 Completed Letting,2021-04-21,2021,https://apps.sd.gov/hc65bidletting/bidlettingscompletedetail.aspx?args=0F03BFE651C4DAE86C72A25183640F0FF44DA2D28DC384B3,20210421_detail.html,8fabc7ee549d5a899b94e7fea8f7e58dacf9063f99e427a67fedae30f7ff6918,import_south_dakota_data.py,1.0.0,Bundle source containing the Abstract of Bids and Low Bid Final Report.
sd_sddot_bid_tabs_2021_05_05,bid_tab,sd_sddot,South Dakota Department of Transportation,SD,SDDOT 2021-05-05 Completed Letting,2021-05-05,2021,https://apps.sd.gov/hc65bidletting/bidlettingscompletedetail.aspx?args=0F03BFE651C4DAE829A101C52C25CE32E0160A0C93C403D9,20210505_detail.html,60a1a0fa5cc9b190a5e997c0516eb10681c48e15fed991ab9dfb6e602c18db8d,import_south_dakota_data.py,1.0.0,Bundle source containing the Abstract of Bids and Low Bid Final Report.
sd_sddot_bid_tabs_2021_05_19,bid_tab,sd_sddot,South Dakota Department of Transportation,SD,SDDOT 2021-05-19 Completed Letting,2021-05-19,2021,https://apps.sd.gov/hc65bidletting/bidlettingscompletedetail.aspx?args=0F03BFE651C4DAE879DB18FC924E4F85924C6686B5071288,20210519_detail.html,e9e9ceb5f14100f066f92be42c421b55b75e820cfdd12136085783f5bf7b6ffc,import_south_dakota_data.py,1.0.0,Bundle source containing the Abstract of Bids and Low Bid Final Report.
sd_sddot_bid_tabs_2021_06_02,bid_tab,sd_sddot,South Dakota Department of Transportation,SD,SDDOT 2021-06-02 Completed Letting,2021-06-02,2021,https://apps.sd.gov/hc65bidletting/bidlettingscompletedetail.aspx?args=0F03BFE651C4DAE831D64EF5DC4C79B9E27814ECFBDACE09,20210602_detail.html,a8d7b5d7aa21a2bacdc071c8609eacd874856d3190950e4c1742885302911d62,import_south_dakota_data.py,1.0.0,Bundle source containing the Abstract of Bids and Low Bid Final Report.
sd_sddot_bid_tabs_2021_06_16,bid_tab,sd_sddot,South Dakota Department of Transportation,SD,SDDOT 2021-06-16 Completed Letting,2021-06-16,2021,https://apps.sd.gov/hc65bidletting/bidlettingscompletedetail.aspx?args=0F03BFE651C4DAE8FB387A0D4779228ECC80A6C7CB78204C,20210616_detail.html,a501c3623c242287551818c5d265b9c8ac40e88e1d6962eafc94060583af6d6d,import_south_dakota_data.py,1.0.0,Bundle source containing the Abstract of Bids and Low Bid Final Report.
sd_sddot_bid_tabs_2021_07_21,bid_tab,sd_sddot,South Dakota Department of Transportation,SD,SDDOT 2021-07-21 Completed Letting,2021-07-21,2021,https://apps.sd.gov/hc65bidletting/bidlettingscompletedetail.aspx?args=0F03BFE651C4DAE88A0953FB4616DAC3CFF2E70D6932A16E,20210721_detail.html,ad0ff61e989c7503dc996a1072ed50c785162b13282328101043fb1d9266334b,import_south_dakota_data.py,1.0.0,Bundle source containing the Abstract of Bids and Low Bid Final Report.
sd_sddot_bid_tabs_2021_08_18,bid_tab,sd_sddot,South Dakota Department of Transportation,SD,SDDOT 2021-08-18 Completed Letting,2021-08-18,2021,https://apps.sd.gov/hc65bidletting/bidlettingscompletedetail.aspx?args=0F03BFE651C4DAE8CEC3E844D3D1BCC0ED7460D2EB642099,20210818_detail.html,64433624aab65db2952c1f80e333a50b450c02d7cdc299f7dabdca0d9a6a3af6,import_south_dakota_data.py,1.0.0,Bundle source containing the Abstract of Bids and Low Bid Final Report.
sd_sddot_bid_tabs_2021_09_01,bid_tab,sd_sddot,South Dakota Department of Transportation,SD,SDDOT 2021-09-01 Completed Letting,2021-09-01,2021,https://apps.sd.gov/hc65bidletting/bidlettingscompletedetail.aspx?args=0F03BFE651C4DAE8950261A2E947FFF3BBCD9EE1E95F867D,20210901_detail.html,57d3cc6e9a71c5d08009b194ec367703e6459b5787426f5931f1a72cf828a052,import_south_dakota_data.py,1.0.0,Bundle source containing the Abstract of Bids and Low Bid Final Report.
sd_sddot_bid_tabs_2021_09_15,bid_tab,sd_sddot,South Dakota Department of Transportation,SD,SDDOT 2021-09-15 Completed Letting,2021-09-15,2021,https://apps.sd.gov/hc65bidletting/bidlettingscompletedetail.aspx?args=0F03BFE651C4DAE813F3747F129EBD308F5D22CCBD92D17D,20210915_detail.html,830e3e551f2a4cf617737e2daf0ccf1ad8de04db8ff7f958f6105a298ee21c8b,import_south_dakota_data.py,1.0.0,Bundle source containing the Abstract of Bids and Low Bid Final Report.
sd_sddot_bid_tabs_2021_10_06,bid_tab,sd_sddot,South Dakota Department of Transportation,SD,SDDOT 2021-10-06 Completed Letting,2021-10-06,2021,https://apps.sd.gov/hc65bidletting/bidlettingscompletedetail.aspx?args=0F03BFE651C4DAE8961E4CBB689A941EF00F9705DB7DC29C,20211006_detail.html,ca5afb889a6f884ff1260a1d0ab347ab772298506ecb1f15b7a3241245159347,import_south_dakota_data.py,1.0.0,Bundle source containing the Abstract of Bids and Low Bid Final Report.
sd_sddot_bid_tabs_2021_10_20,bid_tab,sd_sddot,South Dakota Department of Transportation,SD,SDDOT 2021-10-20 Completed Letting,2021-10-20,2021,https://apps.sd.gov/hc65bidletting/bidlettingscompletedetail.aspx?args=0F03BFE651C4DAE8D2DE3B52285FC38D47ECC77AD1957350,20211020_detail.html,239e41bf3abf82256f239dd1a3a1dbd6ac0b76f389e55294f52780d45a2e45bf,import_south_dakota_data.py,1.0.0,Bundle source containing the Abstract of Bids and Low Bid Final Report.
sd_sddot_bid_tabs_2021_11_03,bid_tab,sd_sddot,South Dakota Department of Transportation,SD,SDDOT 2021-11-03 Completed Letting,2021-11-03,2021,https://apps.sd.gov/hc65bidletting/bidlettingscompletedetail.aspx?args=0F03BFE651C4DAE8AD16518AB906B0D47F7B91179594B2FB,20211103_detail.html,34967405577871709ce6388d16a83737dbf8705358587173dea48b3de7c02993,import_south_dakota_data.py,1.0.0,Bundle source containing the Abstract of Bids and Low Bid Final Report.
sd_sddot_bid_tabs_2021_11_17,bid_tab,sd_sddot,South Dakota Department of Transportation,SD,SDDOT 2021-11-17 Completed Letting,2021-11-17,2021,https://apps.sd.gov/hc65bidletting/bidlettingscompletedetail.aspx?args=0F03BFE651C4DAE8A13019D5AAD162A73D2FB8412097ED79,20211117_detail.html,b9a048e028188759823fc6de730d42360b9ffb09acb751a8c0ee6a58c871ea39,import_south_dakota_data.py,1.0.0,Bundle source containing the Abstract of Bids and Low Bid Final Report.
sd_sddot_bid_tabs_2021_12_01,bid_tab,sd_sddot,South Dakota Department of Transportation,SD,SDDOT 2021-12-01 Completed Letting,2021-12-01,2021,https://apps.sd.gov/hc65bidletting/bidlettingscompletedetail.aspx?args=0F03BFE651C4DAE8317FE4C9B04BA47A12910E0E49C04D6E,20211201_detail.html,efeb23fe65e8035e8bb8ea2e364d4570efbb0733e3917a3502bfd4ed8ec0aa0b,import_south_dakota_data.py,1.0.0,Bundle source containing the Abstract of Bids and Low Bid Final Report.
sd_sddot_bid_tabs_2021_12_15,bid_tab,sd_sddot,South Dakota Department of Transportation,SD,SDDOT 2021-12-15 Completed Letting,2021-12-15,2021,https://apps.sd.gov/hc65bidletting/bidlettingscompletedetail.aspx?args=0F03BFE651C4DAE8EB8F7CC85EEAE312959C0C694CBF0661,20211215_detail.html,6caca3a4eaf377efd92828f91b10f2b71b6ccf1f4a5f8bb603fbefa014e9c6ef,import_south_dakota_data.py,1.0.0,Bundle source containing the Abstract of Bids and Low Bid Final Report.
sd_sddot_bid_tabs_2022_01_19,bid_tab,sd_sddot,South Dakota Department of Transportation,SD,SDDOT 2022-01-19 Completed Letting,2022-01-19,2022,https://apps.sd.gov/hc65bidletting/bidlettingscompletedetail.aspx?args=0F03BFE651C4DAE8F2596B20FDC1869DEBD19583F4C4D037,20220119_detail.html,fb02e4e613a6753f35a48f560c236208fb7e10152d88f8e01c647ec5b062d336,import_south_dakota_data.py,1.0.0,Bundle source containing the Abstract of Bids and Low Bid Final Report.
sd_sddot_bid_tabs_2022_02_02,bid_tab,sd_sddot,South Dakota Department of Transportation,SD,SDDOT 2022-02-02 Completed Letting,2022-02-02,2022,https://apps.sd.gov/hc65bidletting/bidlettingscompletedetail.aspx?args=0F03BFE651C4DAE82BDC133F1977F843436FAF92178F0843,20220202_detail.html,7d090201c070f9241d4a4d6b78d9449e6cb6b0be991108b624cf60ae332500de,import_south_dakota_data.py,1.0.0,Bundle source containing the Abstract of Bids and Low Bid Final Report.
sd_sddot_bid_tabs_2022_02_16,bid_tab,sd_sddot,South Dakota Department of Transportation,SD,SDDOT 2022-02-16 Completed Letting,2022-02-16,2022,https://apps.sd.gov/hc65bidletting/bidlettingscompletedetail.aspx?args=0F03BFE651C4DAE899CF094595AA9D497965CE4145056D30,20220216_detail.html,d15d1541f4563f6545a0af49c51d968c6ab1ff0b469ff4f3bbad6f777de09e1f,import_south_dakota_data.py,1.0.0,Bundle source containing the Abstract of Bids and Low Bid Final Report.
sd_sddot_bid_tabs_2022_03_02,bid_tab,sd_sddot,South Dakota Department of Transportation,SD,SDDOT 2022-03-02 Completed Letting,2022-03-02,2022,https://apps.sd.gov/hc65bidletting/bidlettingscompletedetail.aspx?args=0F03BFE651C4DAE89B4D9B5456B356C720C1F17AEA1F0648,20220302_detail.html,7e0a58dc5859f11838e1cf0193deefee96dff04b4f1975a9d6132cf1c1506b8e,import_south_dakota_data.py,1.0.0,Bundle source containing the Abstract of Bids and Low Bid Final Report.
sd_sddot_bid_tabs_2022_03_16,bid_tab,sd_sddot,South Dakota Department of Transportation,SD,SDDOT 2022-03-16 Completed Letting,2022-03-16,2022,https://apps.sd.gov/hc65bidletting/bidlettingscompletedetail.aspx?args=0F03BFE651C4DAE8A0D108495115500112A802AD5A03333A,20220316_detail.html,fdea61348f06ecb439157745ea10c4c6dd6d3d2fd926a49d43bc2f8ff5eb5137,import_south_dakota_data.py,1.0.0,Bundle source containing the Abstract of Bids and Low Bid Final Report.
sd_sddot_bid_tabs_2022_04_06,bid_tab,sd_sddot,South Dakota Department of Transportation,SD,SDDOT 2022-04-06 Completed Letting,2022-04-06,2022,https://apps.sd.gov/hc65bidletting/bidlettingscompletedetail.aspx?args=0F03BFE651C4DAE84BDCB6C48FCB6E1711C0FF9CA572506F,20220406_detail.html,3d8f701827099cef8f7fdcc48da71a9d95fc095ca56fbc0a5b24c4e59d412f4e,import_south_dakota_data.py,1.0.0,Bundle source containing the Abstract of Bids and Low Bid Final Report.
sd_sddot_bid_tabs_2022_04_20,bid_tab,sd_sddot,South Dakota Department of Transportation,SD,SDDOT 2022-04-20 Completed Letting,2022-04-20,2022,https://apps.sd.gov/hc65bidletting/bidlettingscompletedetail.aspx?args=0F03BFE651C4DAE8817771AB2A30195DA93A1FB6EAD129D6,20220420_detail.html,564abecff44e1950c97110a59969aa405cdb2c9a11be3fbda11b0e4a39d08416,import_south_dakota_data.py,1.0.0,Bundle source containing the Abstract of Bids and Low Bid Final Report.
sd_sddot_bid_tabs_2022_05_04,bid_tab,sd_sddot,South Dakota Department of Transportation,SD,SDDOT 2022-05-04 Completed Letting,2022-05-04,2022,https://apps.sd.gov/hc65bidletting/bidlettingscompletedetail.aspx?args=0F03BFE651C4DAE8429D51CFEE9B5E50D94BAAE1A9EEA110,20220504_detail.html,33c0c011fade624d03627e99351c1e15085269ebece07ef55496c84fa4cd5ee7,import_south_dakota_data.py,1.0.0,Bundle source containing the Abstract of Bids and Low Bid Final Report.
sd_sddot_bid_tabs_2022_05_11,bid_tab,sd_sddot,South Dakota Department of Transportation,SD,SDDOT 2022-05-11 Completed Letting,2022-05-11,2022,https://apps.sd.gov/hc65bidletting/bidlettingscompletedetail.aspx?args=0F03BFE651C4DAE8CB0976E22A2BB61C5F48F2FD88F06DA3,20220511_detail.html,4ad5945b88cc973b26173c8dba4dec25f4c4149b5680782a82733f29f3f73bf9,import_south_dakota_data.py,1.0.0,Bundle source containing the Abstract of Bids and Low Bid Final Report.
sd_sddot_bid_tabs_2022_05_18,bid_tab,sd_sddot,South Dakota Department of Transportation,SD,SDDOT 2022-05-18 Completed Letting,2022-05-18,2022,https://apps.sd.gov/hc65bidletting/bidlettingscompletedetail.aspx?args=0F03BFE651C4DAE823686BE873E1EF9AEC8BE9C449BEE64C,20220518_detail.html,115b02b1faaac4a18b746b85cf41a9569b22fdfb87656316de265d3ee0c874d4,import_south_dakota_data.py,1.0.0,Bundle source containing the Abstract of Bids and Low Bid Final Report.
sd_sddot_bid_tabs_2022_06_01,bid_tab,sd_sddot,South Dakota Department of Transportation,SD,SDDOT 2022-06-01 Completed Letting,2022-06-01,2022,https://apps.sd.gov/hc65bidletting/bidlettingscompletedetail.aspx?args=0F03BFE651C4DAE8A8EB4D919C2C682C6383BCC4068CEA7D,20220601_detail.html,9e5d00aac10346b624ede97b769749933363cffeb2ce8d6c561744b13f063adf,import_south_dakota_data.py,1.0.0,Bundle source containing the Abstract of Bids and Low Bid Final Report.
sd_sddot_bid_tabs_2022_06_15,bid_tab,sd_sddot,South Dakota Department of Transportation,SD,SDDOT 2022-06-15 Completed Letting,2022-06-15,2022,https://apps.sd.gov/hc65bidletting/bidlettingscompletedetail.aspx?args=0F03BFE651C4DAE8FA3C640224EA41754BFB22F65823F05A,20220615_detail.html,18bb9bc3d3ad9b1ce3c37a19077b4fe476c8073dee1e590cfbcd7821af96c8be,import_south_dakota_data.py,1.0.0,Bundle source containing the Abstract of Bids and Low Bid Final Report.
sd_sddot_bid_tabs_2022_07_20,bid_tab,sd_sddot,South Dakota Department of Transportation,SD,SDDOT 2022-07-20 Completed Letting,2022-07-20,2022,https://apps.sd.gov/hc65bidletting/bidlettingscompletedetail.aspx?args=0F03BFE651C4DAE8A352ECA2335D8A3440EFA5893E16F18E,20220720_detail.html,9fbd3258e8ee671befb388d4cf91479ac7e8eed6773a13663d6b2c7797bc771a,import_south_dakota_data.py,1.0.0,Bundle source containing the Abstract of Bids and Low Bid Final Report.
sd_sddot_bid_tabs_2022_08_17,bid_tab,sd_sddot,South Dakota Department of Transportation,SD,SDDOT 2022-08-17 Completed Letting,2022-08-17,2022,https://apps.sd.gov/hc65bidletting/bidlettingscompletedetail.aspx?args=0F03BFE651C4DAE81CCB8CD9985B1523DFDD6D15A29ADF16,20220817_detail.html,f8919e6bac9a136eb57c7ef7173f2703704bd65f0d79fb74c184a912d73d9796,import_south_dakota_data.py,1.0.0,Bundle source containing the Abstract of Bids and Low Bid Final Report.
sd_sddot_bid_tabs_2022_09_07,bid_tab,sd_sddot,South Dakota Department of Transportation,SD,SDDOT 2022-09-07 Completed Letting,2022-09-07,2022,https://apps.sd.gov/hc65bidletting/bidlettingscompletedetail.aspx?args=0F03BFE651C4DAE8622E2325C020BF52BE4FBA9B694E09B8,20220907_detail.html,981016a1b649f3a5fae9c46209578eaf0ffc4ac5255fc0bad6597ab9b901c1dd,import_south_dakota_data.py,1.0.0,Bundle source containing the Abstract of Bids and Low Bid Final Report.
sd_sddot_bid_tabs_2022_09_21,bid_tab,sd_sddot,South Dakota Department of Transportation,SD,SDDOT 2022-09-21 Completed Letting,2022-09-21,2022,https://apps.sd.gov/hc65bidletting/bidlettingscompletedetail.aspx?args=0F03BFE651C4DAE83E7A42F577D4EDAA90D57970EB446471,20220921_detail.html,1e2a640b0d98cb4aaa10a6c62bef1b48bb2cf31080aaa3e6d8b4d89cfc579f52,import_south_dakota_data.py,1.0.0,Bundle source containing the Abstract of Bids and Low Bid Final Report.
sd_sddot_bid_tabs_2022_10_05,bid_tab,sd_sddot,South Dakota Department of Transportation,SD,SDDOT 2022-10-05 Completed Letting,2022-10-05,2022,https://apps.sd.gov/hc65bidletting/bidlettingscompletedetail.aspx?args=0F03BFE651C4DAE82A9987C89562C5724D75CD7E3DE8DBAE,20221005_detail.html,8caa1a9fdaa876d279ac750ad9536b04341a48aedaa5f3685604290f399b80b5,import_south_dakota_data.py,1.0.0,Bundle source containing the Abstract of Bids and Low Bid Final Report.
sd_sddot_bid_tabs_2022_10_19,bid_tab,sd_sddot,South Dakota Department of Transportation,SD,SDDOT 2022-10-19 Completed Letting,2022-10-19,2022,https://apps.sd.gov/hc65bidletting/bidlettingscompletedetail.aspx?args=0F03BFE651C4DAE88803DA4682EC57CF4F9C247CDB990C91,20221019_detail.html,30ab272a7f0c3fefa8de34d12fd42e17068df5a05d3061e35844d1fc28fddbd4,import_south_dakota_data.py,1.0.0,Bundle source containing the Abstract of Bids and Low Bid Final Report.
sd_sddot_bid_tabs_2022_10_21,bid_tab,sd_sddot,South Dakota Department of Transportation,SD,SDDOT 2022-10-21 Completed Letting,2022-10-21,2022,https://apps.sd.gov/hc65bidletting/bidlettingscompletedetail.aspx?args=0F03BFE651C4DAE804F709576BCBEC9B483BE89612E05B6C,20221021_detail.html,0b5c78decb66458fa12a995d24643503eea1a1ff3643dc307ed4eb585164261d,import_south_dakota_data.py,1.0.0,Bundle source containing the Abstract of Bids and Low Bid Final Report.
sd_sddot_bid_tabs_2022_11_02,bid_tab,sd_sddot,South Dakota Department of Transportation,SD,SDDOT 2022-11-02 Completed Letting,2022-11-02,2022,https://apps.sd.gov/hc65bidletting/bidlettingscompletedetail.aspx?args=0F03BFE651C4DAE89A4DB8EDF8826BDC7BD4E9A0DBB94C70,20221102_detail.html,611602195b11cb73540790f90a31b0f9a8429c798e1f9da391eaca3238f1579c,import_south_dakota_data.py,1.0.0,Bundle source containing the Abstract of Bids and Low Bid Final Report.
sd_sddot_bid_tabs_2022_11_16,bid_tab,sd_sddot,South Dakota Department of Transportation,SD,SDDOT 2022-11-16 Completed Letting,2022-11-16,2022,https://apps.sd.gov/hc65bidletting/bidlettingscompletedetail.aspx?args=0F03BFE651C4DAE8089946D52DFEA259642B3E32889D8138,20221116_detail.html,caea0aa07de22185be90f3050a1614823cfe3370b62be352537a01b70c91931e,import_south_dakota_data.py,1.0.0,Bundle source containing the Abstract of Bids and Low Bid Final Report.
sd_sddot_bid_tabs_2022_12_07,bid_tab,sd_sddot,South Dakota Department of Transportation,SD,SDDOT 2022-12-07 Completed Letting,2022-12-07,2022,https://apps.sd.gov/hc65bidletting/bidlettingscompletedetail.aspx?args=0F03BFE651C4DAE86CEF85B5DDBEE65F87CF41F52330ED24,20221207_detail.html,cd215fdd0333183453ca38f399fde0f3dd83b986f14b0761ab9a1163a28adaf0,import_south_dakota_data.py,1.0.0,Bundle source containing the Abstract of Bids and Low Bid Final Report.
sd_sddot_bid_tabs_2022_12_14,bid_tab,sd_sddot,South Dakota Department of Transportation,SD,SDDOT 2022-12-14 Completed Letting,2022-12-14,2022,https://apps.sd.gov/hc65bidletting/bidlettingscompletedetail.aspx?args=0F03BFE651C4DAE86E968CCF70B2CD99C16FAE6BDAE6CA15,20221214_detail.html,31d3392465ac2e6dcdb88aac9b62dba635132c12d7abb53f61a6f604af028752,import_south_dakota_data.py,1.0.0,Bundle source containing the Abstract of Bids and Low Bid Final Report.
sd_sddot_bid_tabs_2023_01_11,bid_tab,sd_sddot,South Dakota Department of Transportation,SD,SDDOT 2023-01-11 Completed Letting,2023-01-11,2023,https://apps.sd.gov/hc65bidletting/bidlettingscompletedetail.aspx?args=0F03BFE651C4DAE8F4B7C852DDAAD739F71F7CF129F8B25C,20230111_detail.html,071bc87764de8d03518f3ef33c2cef23d6441b414e91c3bb95fbabab15bb3089,import_south_dakota_data.py,1.0.0,Bundle source containing the Abstract of Bids and Low Bid Final Report.
sd_sddot_bid_tabs_2023_02_01,bid_tab,sd_sddot,South Dakota Department of Transportation,SD,SDDOT 2023-02-01 Completed Letting,2023-02-01,2023,https://apps.sd.gov/hc65bidletting/bidlettingscompletedetail.aspx?args=0F03BFE651C4DAE87841DC7002E0B6A63EEE14574CEA53CF,20230201_detail.html,74fecaa69f31ecf6195943da2d2c2d32b02ee634f0f5f136547013a13d4f88c8,import_south_dakota_data.py,1.0.0,Bundle source containing the Abstract of Bids and Low Bid Final Report.
sd_sddot_bid_tabs_2023_02_15,bid_tab,sd_sddot,South Dakota Department of Transportation,SD,SDDOT 2023-02-15 Completed Letting,2023-02-15,2023,https://apps.sd.gov/hc65bidletting/bidlettingscompletedetail.aspx?args=0F03BFE651C4DAE87AACA2CEA591E1FC06C6AE3BABF30E26,20230215_detail.html,471ed4776166e51b2c07956727d0f77f642e175fa82c1a59c743066db47ce7bb,import_south_dakota_data.py,1.0.0,Bundle source containing the Abstract of Bids and Low Bid Final Report.
sd_sddot_bid_tabs_2023_03_01,bid_tab,sd_sddot,South Dakota Department of Transportation,SD,SDDOT 2023-03-01 Completed Letting,2023-03-01,2023,https://apps.sd.gov/hc65bidletting/bidlettingscompletedetail.aspx?args=0F03BFE651C4DAE8B0C0063F8BF776A0B60B4AC0FF1C70CB,20230301_detail.html,b40ec77e424e54ef63342b26f25918757fc3ad150117749f4633180dd0dcc208,import_south_dakota_data.py,1.0.0,Bundle source containing the Abstract of Bids and Low Bid Final Report.
sd_sddot_bid_tabs_2023_03_22,bid_tab,sd_sddot,South Dakota Department of Transportation,SD,SDDOT 2023-03-22 Completed Letting,2023-03-22,2023,https://apps.sd.gov/hc65bidletting/bidlettingscompletedetail.aspx?args=0F03BFE651C4DAE873699198AFC757B383CE09F55D6600DC,20230322_detail.html,2c0cbbd16ccd8625185a8268438a0273820ff6688e64aa7033beca6905d0bae0,import_south_dakota_data.py,1.0.0,Bundle source containing the Abstract of Bids and Low Bid Final Report.
sd_sddot_bid_tabs_2023_04_05,bid_tab,sd_sddot,South Dakota Department of Transportation,SD,SDDOT 2023-04-05 Completed Letting,2023-04-05,2023,https://apps.sd.gov/hc65bidletting/bidlettingscompletedetail.aspx?args=0F03BFE651C4DAE8FA987CD6C0B358BB08A938119E567957,20230405_detail.html,4f207b48ec9870e7332e68433eed89082c5ee0e81ab31db0430a8279baaffbb7,import_south_dakota_data.py,1.0.0,Bundle source containing the Abstract of Bids and Low Bid Final Report.
sd_sddot_bid_tabs_2023_04_19,bid_tab,sd_sddot,South Dakota Department of Transportation,SD,SDDOT 2023-04-19 Completed Letting,2023-04-19,2023,https://apps.sd.gov/hc65bidletting/bidlettingscompletedetail.aspx?args=0F03BFE651C4DAE8EA21EDE436C3ADAEA4495537D881DC81,20230419_detail.html,e6392ec88530645eb99b97a3a8fb1b9b4d54c04790bdcd50cedda16c99cc1fdd,import_south_dakota_data.py,1.0.0,Bundle source containing the Abstract of Bids and Low Bid Final Report.
sd_sddot_bid_tabs_2023_05_03,bid_tab,sd_sddot,South Dakota Department of Transportation,SD,SDDOT 2023-05-03 Completed Letting,2023-05-03,2023,https://apps.sd.gov/hc65bidletting/bidlettingscompletedetail.aspx?args=0F03BFE651C4DAE818649DD82AF8C1A45DB0814022EEFA61,20230503_detail.html,ec2c8dd7b8590bf7e2ef6e50ca0546a69fd8eb85d830aa7712369bdbce0c9d55,import_south_dakota_data.py,1.0.0,Bundle source containing the Abstract of Bids and Low Bid Final Report.
sd_sddot_bid_tabs_2023_05_17,bid_tab,sd_sddot,South Dakota Department of Transportation,SD,SDDOT 2023-05-17 Completed Letting,2023-05-17,2023,https://apps.sd.gov/hc65bidletting/bidlettingscompletedetail.aspx?args=0F03BFE651C4DAE8C2F59A63F1D4E65BE0CAADDC23D11069,20230517_detail.html,3a088b880190fddd938eb13411b7ed8f6cbbc2f2bd0b3ec9d9d2d275d3eb588d,import_south_dakota_data.py,1.0.0,Bundle source containing the Abstract of Bids and Low Bid Final Report.
sd_sddot_bid_tabs_2023_06_07,bid_tab,sd_sddot,South Dakota Department of Transportation,SD,SDDOT 2023-06-07 Completed Letting,2023-06-07,2023,https://apps.sd.gov/hc65bidletting/bidlettingscompletedetail.aspx?args=0F03BFE651C4DAE8CB63ABB23E8A9E86DA843CCF406F4264,20230607_detail.html,89bf2639667dfcafadb17c26311ac1288cb15c912c41d89603b6066338fb020f,import_south_dakota_data.py,1.0.0,Bundle source containing the Abstract of Bids and Low Bid Final Report.
sd_sddot_bid_tabs_2023_06_21,bid_tab,sd_sddot,South Dakota Department of Transportation,SD,SDDOT 2023-06-21 Completed Letting,2023-06-21,2023,https://apps.sd.gov/hc65bidletting/bidlettingscompletedetail.aspx?args=0F03BFE651C4DAE8E063FDE0FBA0997101466047CD706743,20230621_detail.html,1dc19d1135674ab151c9a29cb41cca4b20fc7a99e00fe44d917425c859babf40,import_south_dakota_data.py,1.0.0,Bundle source containing the Abstract of Bids and Low Bid Final Report.
sd_sddot_bid_tabs_2023_07_19,bid_tab,sd_sddot,South Dakota Department of Transportation,SD,SDDOT 2023-07-19 Completed Letting,2023-07-19,2023,https://apps.sd.gov/hc65bidletting/bidlettingscompletedetail.aspx?args=0F03BFE651C4DAE88FA1A90024F630577F31568D9D23D3DA,20230719_detail.html,1883c2601656151e74d54267c6d1f3076b06556762567d0036ab3160681b85ca,import_south_dakota_data.py,1.0.0,Bundle source containing the Abstract of Bids and Low Bid Final Report.
sd_sddot_bid_tabs_2023_08_10,bid_tab,sd_sddot,South Dakota Department of Transportation,SD,SDDOT 2023-08-10 Completed Letting,2023-08-10,2023,https://apps.sd.gov/hc65bidletting/bidlettingscompletedetail.aspx?args=0F03BFE651C4DAE89616C6B8D4843255762787A7EE6FEA4C,20230810_detail.html,9431868190b6342d59e820a51993dfde71b3c078455a08601299e5d2d71515d5,import_south_dakota_data.py,1.0.0,Bundle source containing the Abstract of Bids and Low Bid Final Report.
sd_sddot_bid_tabs_2023_08_16,bid_tab,sd_sddot,South Dakota Department of Transportation,SD,SDDOT 2023-08-16 Completed Letting,2023-08-16,2023,https://apps.sd.gov/hc65bidletting/bidlettingscompletedetail.aspx?args=0F03BFE651C4DAE8D0BEF9BB060DC97F699B07F2F7793A68,20230816_detail.html,a372d7f3f0f2950ef59670e2169c8b6f0e5092ef88e08a42b03bf27768a8a3be,import_south_dakota_data.py,1.0.0,Bundle source containing the Abstract of Bids and Low Bid Final Report.
sd_sddot_bid_tabs_2023_09_06,bid_tab,sd_sddot,South Dakota Department of Transportation,SD,SDDOT 2023-09-06 Completed Letting,2023-09-06,2023,https://apps.sd.gov/hc65bidletting/bidlettingscompletedetail.aspx?args=0F03BFE651C4DAE8306D549BF86B9052F7C6C87AED6F2FFD,20230906_detail.html,ed06040ff236acc67ae20ab24f18d83fca8470574fc8a7128df4e6f03d9872b1,import_south_dakota_data.py,1.0.0,Bundle source containing the Abstract of Bids and Low Bid Final Report.
sd_sddot_bid_tabs_2023_09_20,bid_tab,sd_sddot,South Dakota Department of Transportation,SD,SDDOT 2023-09-20 Completed Letting,2023-09-20,2023,https://apps.sd.gov/hc65bidletting/bidlettingscompletedetail.aspx?args=0F03BFE651C4DAE8E1965D30C4A409DD6A16B274DAA977CD,20230920_detail.html,a9968430bef34b5d9debdf6b1aed9e4563361586e6fcedf8b337b5809eb1c69f,import_south_dakota_data.py,1.0.0,Bundle source containing the Abstract of Bids and Low Bid Final Report.
sd_sddot_bid_tabs_2023_10_04,bid_tab,sd_sddot,South Dakota Department of Transportation,SD,SDDOT 2023-10-04 Completed Letting,2023-10-04,2023,https://apps.sd.gov/hc65bidletting/bidlettingscompletedetail.aspx?args=0F03BFE651C4DAE864E86CDA902E0607F1ECD338E418E2D0,20231004_detail.html,ab420d16b5a773397121f52ac14aac032d1c210894efd461c295307993c712a7,import_south_dakota_data.py,1.0.0,Bundle source containing the Abstract of Bids and Low Bid Final Report.
sd_sddot_bid_tabs_2023_10_18,bid_tab,sd_sddot,South Dakota Department of Transportation,SD,SDDOT 2023-10-18 Completed Letting,2023-10-18,2023,https://apps.sd.gov/hc65bidletting/bidlettingscompletedetail.aspx?args=0F03BFE651C4DAE8ED78028D52BA2D29B71A8219A5B27959,20231018_detail.html,f94c035d78c451320daf93edf0418bebd641ff01139f711d072acb60cf2f0b2f,import_south_dakota_data.py,1.0.0,Bundle source containing the Abstract of Bids and Low Bid Final Report.
sd_sddot_bid_tabs_2023_11_01,bid_tab,sd_sddot,South Dakota Department of Transportation,SD,SDDOT 2023-11-01 Completed Letting,2023-11-01,2023,https://apps.sd.gov/hc65bidletting/bidlettingscompletedetail.aspx?args=0F03BFE651C4DAE8907DF064CB9B6B8FFA78156E3CFC1419,20231101_detail.html,4987d3d61209c6348094279bb9102c06c261d1b6d588e67a6737733aa052f4fc,import_south_dakota_data.py,1.0.0,Bundle source containing the Abstract of Bids and Low Bid Final Report.
sd_sddot_bid_tabs_2023_11_08,bid_tab,sd_sddot,South Dakota Department of Transportation,SD,SDDOT 2023-11-08 Completed Letting,2023-11-08,2023,https://apps.sd.gov/hc65bidletting/bidlettingscompletedetail.aspx?args=0F03BFE651C4DAE8B5DD65A164AE44D09EF6F3DBD27CDAC6,20231108_detail.html,016cc8823dac123ccd05acee1826e2e2e43c0d55decaa3e4f51cd2da892ff1aa,import_south_dakota_data.py,1.0.0,Bundle source containing the Abstract of Bids and Low Bid Final Report.
sd_sddot_bid_tabs_2023_11_15,bid_tab,sd_sddot,South Dakota Department of Transportation,SD,SDDOT 2023-11-15 Completed Letting,2023-11-15,2023,https://apps.sd.gov/hc65bidletting/bidlettingscompletedetail.aspx?args=0F03BFE651C4DAE80D05EABBA9584B00B528CF4270A6361C,20231115_detail.html,2fd929fd2b6e462df0f0937727b6c707f9f61524476983634b2094c32624f97a,import_south_dakota_data.py,1.0.0,Bundle source containing the Abstract of Bids and Low Bid Final Report.
sd_sddot_bid_tabs_2023_12_06,bid_tab,sd_sddot,South Dakota Department of Transportation,SD,SDDOT 2023-12-06 Completed Letting,2023-12-06,2023,https://apps.sd.gov/hc65bidletting/bidlettingscompletedetail.aspx?args=0F03BFE651C4DAE80CADCA59D1AC8D9C399BB1FD32E3677B,20231206_detail.html,a7950d2193c6e5a0301990a4b312e6404f474fe3684f5b31d7b70c273436146d,import_south_dakota_data.py,1.0.0,Bundle source containing the Abstract of Bids and Low Bid Final Report.
sd_sddot_bid_tabs_2023_12_13,bid_tab,sd_sddot,South Dakota Department of Transportation,SD,SDDOT 2023-12-13 Completed Letting,2023-12-13,2023,https://apps.sd.gov/hc65bidletting/bidlettingscompletedetail.aspx?args=0F03BFE651C4DAE8BFD55A7C5397EB332ED29897EA67F5C1,20231213_detail.html,2eb98ee7d7774af636e21c92f51832769d67973877f79abe702e9457e5fffb10,import_south_dakota_data.py,1.0.0,Bundle source containing the Abstract of Bids and Low Bid Final Report.
sd_sddot_bid_tabs_2024_01_17,bid_tab,sd_sddot,South Dakota Department of Transportation,SD,SDDOT 2024-01-17 Completed Letting,2024-01-17,2024,https://apps.sd.gov/hc65bidletting/bidlettingscompletedetail.aspx?args=0F03BFE651C4DAE895A5AF9A123F1997DCD325A7640C7509,20240117_detail.html,68bfe33316242752ef8b3b563d830799c878754b9ba6a25b73757c93b9170d9d,import_south_dakota_data.py,1.0.0,Bundle source containing the Abstract of Bids and Low Bid Final Report.
sd_sddot_bid_tabs_2024_02_07,bid_tab,sd_sddot,South Dakota Department of Transportation,SD,SDDOT 2024-02-07 Completed Letting,2024-02-07,2024,https://apps.sd.gov/hc65bidletting/bidlettingscompletedetail.aspx?args=0F03BFE651C4DAE8BF9367AA4E45ABE70D84373F808F76CA,20240207_detail.html,6b65f20134474a6c84e752475aa0e62db31d3cbdebb098324570c09a8c6b4b0c,import_south_dakota_data.py,1.0.0,Bundle source containing the Abstract of Bids and Low Bid Final Report.
sd_sddot_bid_tabs_2024_02_27,bid_tab,sd_sddot,South Dakota Department of Transportation,SD,SDDOT 2024-02-27 Completed Letting,2024-02-27,2024,https://apps.sd.gov/hc65bidletting/bidlettingscompletedetail.aspx?args=0F03BFE651C4DAE8BD672B735F125432D65DD5280E141469,20240227_detail.html,aca21b127cfeade3add0f8b07260103f574971889890bfe2f0e1b0c72113756a,import_south_dakota_data.py,1.0.0,Bundle source containing the Abstract of Bids and Low Bid Final Report.
sd_sddot_bid_tabs_2024_03_06,bid_tab,sd_sddot,South Dakota Department of Transportation,SD,SDDOT 2024-03-06 Completed Letting,2024-03-06,2024,https://apps.sd.gov/hc65bidletting/bidlettingscompletedetail.aspx?args=0F03BFE651C4DAE8ECACE042F1B38C5599FB90609FC77F5C,20240306_detail.html,0f820183b6ae8bc263986300f381b07859022789b3502163b29721038250381b,import_south_dakota_data.py,1.0.0,Bundle source containing the Abstract of Bids and Low Bid Final Report.
sd_sddot_bid_tabs_2024_03_20,bid_tab,sd_sddot,South Dakota Department of Transportation,SD,SDDOT 2024-03-20 Completed Letting,2024-03-20,2024,https://apps.sd.gov/hc65bidletting/bidlettingscompletedetail.aspx?args=0F03BFE651C4DAE8BE438D700CAC49038C9CA6C568C5D973,20240320_detail.html,bcc7705ba05b91a3baef5fd428abe3f74578f94de37da5e82eb9eece9201b4ea,import_south_dakota_data.py,1.0.0,Bundle source containing the Abstract of Bids and Low Bid Final Report.
sd_sddot_bid_tabs_2024_04_04,bid_tab,sd_sddot,South Dakota Department of Transportation,SD,SDDOT 2024-04-04 Completed Letting,2024-04-04,2024,https://apps.sd.gov/hc65bidletting/bidlettingscompletedetail.aspx?args=0F03BFE651C4DAE843174C9AEDBCDC2F7CF67AC3B8B85D9D,20240404_detail.html,cd1f3716825678e7eca7114ff65e8602a08a9a77ff27a2f964216de324e6da1e,import_south_dakota_data.py,1.0.0,Bundle source containing the Abstract of Bids and Low Bid Final Report.
sd_sddot_bid_tabs_2024_04_17,bid_tab,sd_sddot,South Dakota Department of Transportation,SD,SDDOT 2024-04-17 Completed Letting,2024-04-17,2024,https://apps.sd.gov/hc65bidletting/bidlettingscompletedetail.aspx?args=0F03BFE651C4DAE80464350FB6FECD61B9A70A1341C0A126,20240417_detail.html,ada5322d098a681ac429561887af8096b8bb04da208437463435a1f593c72373,import_south_dakota_data.py,1.0.0,Bundle source containing the Abstract of Bids and Low Bid Final Report.
sd_sddot_bid_tabs_2024_05_01,bid_tab,sd_sddot,South Dakota Department of Transportation,SD,SDDOT 2024-05-01 Completed Letting,2024-05-01,2024,https://apps.sd.gov/hc65bidletting/bidlettingscompletedetail.aspx?args=0F03BFE651C4DAE843DFF5D5C3633709CE853DF5EFB530BA,20240501_detail.html,be44e76e29229a71417829b3c2e6cc6d504bb8a858a220235a028b14c6f6d79f,import_south_dakota_data.py,1.0.0,Bundle source containing the Abstract of Bids and Low Bid Final Report.
sd_sddot_bid_tabs_2024_05_15,bid_tab,sd_sddot,South Dakota Department of Transportation,SD,SDDOT 2024-05-15 Completed Letting,2024-05-15,2024,https://apps.sd.gov/hc65bidletting/bidlettingscompletedetail.aspx?args=0F03BFE651C4DAE8CB4808806D4ECDB33B3CCF56BCA2EEC6,20240515_detail.html,c3743b96a266b1e9db5f038c305f767868fcfa990f4b5efe2a8a659474967c30,import_south_dakota_data.py,1.0.0,Bundle source containing the Abstract of Bids and Low Bid Final Report.
sd_sddot_bid_tabs_2024_06_05,bid_tab,sd_sddot,South Dakota Department of Transportation,SD,SDDOT 2024-06-05 Completed Letting,2024-06-05,2024,https://apps.sd.gov/hc65bidletting/bidlettingscompletedetail.aspx?args=0F03BFE651C4DAE8DCB7C8FEBF712FBBA390846A58556BCA,20240605_detail.html,eff521cc04ec6170e8dcedef9fad8451776bd44ed8e03378469df609c3b828ab,import_south_dakota_data.py,1.0.0,Bundle source containing the Abstract of Bids and Low Bid Final Report.
sd_sddot_bid_tabs_2024_06_26,bid_tab,sd_sddot,South Dakota Department of Transportation,SD,SDDOT 2024-06-26 Completed Letting,2024-06-26,2024,https://apps.sd.gov/hc65bidletting/bidlettingscompletedetail.aspx?args=0F03BFE651C4DAE8B309C6B46D92E559A4CCE6D8CC9C93B7,20240626_detail.html,50092275efa91a8a2dbd8bc6b95fe2453eda2f14854267c7dda0ac316e73405c,import_south_dakota_data.py,1.0.0,Bundle source containing the Abstract of Bids and Low Bid Final Report.
sd_sddot_bid_tabs_2024_07_17,bid_tab,sd_sddot,South Dakota Department of Transportation,SD,SDDOT 2024-07-17 Completed Letting,2024-07-17,2024,https://apps.sd.gov/hc65bidletting/bidlettingscompletedetail.aspx?args=0F03BFE651C4DAE8FE9ED31963413A2FC08EAE0FFBADC3FB,20240717_detail.html,8563e71afc0ccc4c50cdf85b4cbe07273e33f4151b5ee87f17e927a0f5651b86,import_south_dakota_data.py,1.0.0,Bundle source containing the Abstract of Bids and Low Bid Final Report.
sd_sddot_bid_tabs_2024_08_07,bid_tab,sd_sddot,South Dakota Department of Transportation,SD,SDDOT 2024-08-07 Completed Letting,2024-08-07,2024,https://apps.sd.gov/hc65bidletting/bidlettingscompletedetail.aspx?args=0F03BFE651C4DAE8A9F94760A5475B615D9FAABDC0F8F332,20240807_detail.html,0498fd251c5bb162407c7044710e8ddad84b3576fc2b17edad5e1a812336cfd8,import_south_dakota_data.py,1.0.0,Bundle source containing the Abstract of Bids and Low Bid Final Report.
sd_sddot_bid_tabs_2024_08_21,bid_tab,sd_sddot,South Dakota Department of Transportation,SD,SDDOT 2024-08-21 Completed Letting,2024-08-21,2024,https://apps.sd.gov/hc65bidletting/bidlettingscompletedetail.aspx?args=0F03BFE651C4DAE8E9E88E7EC312D8058FD0D96B129B7A0D,20240821_detail.html,789b62c337c97fd92907ab8f828e060a81331fb90728c05122d93df9c876db4b,import_south_dakota_data.py,1.0.0,Bundle source containing the Abstract of Bids and Low Bid Final Report.
sd_sddot_bid_tabs_2024_09_04,bid_tab,sd_sddot,South Dakota Department of Transportation,SD,SDDOT 2024-09-04 Completed Letting,2024-09-04,2024,https://apps.sd.gov/hc65bidletting/bidlettingscompletedetail.aspx?args=0F03BFE651C4DAE8C5A7CA3E1C4E4024DCAAE886318CCEA3,20240904_detail.html,6badf7412dd8fa37293f40b52f375aae2272fac605f7770f6a61633f9bbefe6c,import_south_dakota_data.py,1.0.0,Bundle source containing the Abstract of Bids and Low Bid Final Report.
sd_sddot_bid_tabs_2024_09_18,bid_tab,sd_sddot,South Dakota Department of Transportation,SD,SDDOT 2024-09-18 Completed Letting,2024-09-18,2024,https://apps.sd.gov/hc65bidletting/bidlettingscompletedetail.aspx?args=0F03BFE651C4DAE88FF2F064AA0D51BA5A921CEBB4121AF8,20240918_detail.html,f01365d41a3b1d53fb91cc57dd994b737bf323efe31ab1f564eb6459f15f252f,import_south_dakota_data.py,1.0.0,Bundle source containing the Abstract of Bids and Low Bid Final Report.
sd_sddot_bid_tabs_2024_10_02,bid_tab,sd_sddot,South Dakota Department of Transportation,SD,SDDOT 2024-10-02 Completed Letting,2024-10-02,2024,https://apps.sd.gov/hc65bidletting/bidlettingscompletedetail.aspx?args=0F03BFE651C4DAE8ED3F06AF141C4B36B45D672BCC5E7416,20241002_detail.html,d008fe8ce8f5b845d60e67348d87cab8a25e3b58b408d3777dbbd562a7e14453,import_south_dakota_data.py,1.0.0,Bundle source containing the Abstract of Bids and Low Bid Final Report.
sd_sddot_bid_tabs_2024_10_16,bid_tab,sd_sddot,South Dakota Department of Transportation,SD,SDDOT 2024-10-16 Completed Letting,2024-10-16,2024,https://apps.sd.gov/hc65bidletting/bidlettingscompletedetail.aspx?args=0F03BFE651C4DAE8C551F13919774FD06EE264FF720D5453,20241016_detail.html,d092e0fbdc99dbb6a3f33f9b797994d9cc64b0627d3771d23693e9085f70b09b,import_south_dakota_data.py,1.0.0,Bundle source containing the Abstract of Bids and Low Bid Final Report.
sd_sddot_bid_tabs_2024_11_06,bid_tab,sd_sddot,South Dakota Department of Transportation,SD,SDDOT 2024-11-06 Completed Letting,2024-11-06,2024,https://apps.sd.gov/hc65bidletting/bidlettingscompletedetail.aspx?args=0F03BFE651C4DAE8A5AB46F1D08E556867C771D40436CF1F,20241106_detail.html,18d24f114fa9e76e5a200674f97f628c707483ccb1a3099fcf8ba44b2ea27402,import_south_dakota_data.py,1.0.0,Bundle source containing the Abstract of Bids and Low Bid Final Report.
sd_sddot_bid_tabs_2024_11_20,bid_tab,sd_sddot,South Dakota Department of Transportation,SD,SDDOT 2024-11-20 Completed Letting,2024-11-20,2024,https://apps.sd.gov/hc65bidletting/bidlettingscompletedetail.aspx?args=0F03BFE651C4DAE8AA4514B8D4EDD0A9781994B9BEBFDA32,20241120_detail.html,59fddefa628c57f8d4ad5ccc22bdbcdaa0b4e4c4cb34559f2895912278e6b641,import_south_dakota_data.py,1.0.0,Bundle source containing the Abstract of Bids and Low Bid Final Report.
sd_sddot_bid_tabs_2024_12_04,bid_tab,sd_sddot,South Dakota Department of Transportation,SD,SDDOT 2024-12-04 Completed Letting,2024-12-04,2024,https://apps.sd.gov/hc65bidletting/bidlettingscompletedetail.aspx?args=0F03BFE651C4DAE8CBA3AD7A28AB7EFFC3EB9674E9ED35A3,20241204_detail.html,212df3db14a257008f67d6ad49938c6a7183c89f37b37e10317b0547c78870fa,import_south_dakota_data.py,1.0.0,Bundle source containing the Abstract of Bids and Low Bid Final Report.
sd_sddot_bid_tabs_2024_12_11,bid_tab,sd_sddot,South Dakota Department of Transportation,SD,SDDOT 2024-12-11 Completed Letting,2024-12-11,2024,https://apps.sd.gov/hc65bidletting/bidlettingscompletedetail.aspx?args=0F03BFE651C4DAE8CCD4CD9441920B431351824F888DAF8A,20241211_detail.html,b3113fd02798cf9bdf4fb5a5da9379bffbe9930e970490ad6404747462267080,import_south_dakota_data.py,1.0.0,Bundle source containing the Abstract of Bids and Low Bid Final Report.
sd_sddot_bid_tabs_2025_01_22,bid_tab,sd_sddot,South Dakota Department of Transportation,SD,SDDOT 2025-01-22 Completed Letting,2025-01-22,2025,https://apps.sd.gov/hc65bidletting/bidlettingscompletedetail.aspx?args=0F03BFE651C4DAE8EB901EFB4B0397FB9DB041B309D4D355,20250122_detail.html,baec9b75a4f1b4498816e700fd5d888b79f9f1e9cf04925fc48726163dc59344,import_south_dakota_data.py,1.0.0,Bundle source containing the Abstract of Bids and Low Bid Final Report.
sd_sddot_bid_tabs_2025_02_05,bid_tab,sd_sddot,South Dakota Department of Transportation,SD,SDDOT 2025-02-05 Completed Letting,2025-02-05,2025,https://apps.sd.gov/hc65bidletting/bidlettingscompletedetail.aspx?args=0F03BFE651C4DAE8547F0144FB5062BEB9B3F529372A72B3,20250205_detail.html,300bfc78763f89cb4c095060a47bb07781c8654176bc4082fba2b77706af034b,import_south_dakota_data.py,1.0.0,Bundle source containing the Abstract of Bids and Low Bid Final Report.
sd_sddot_bid_tabs_2025_02_12,bid_tab,sd_sddot,South Dakota Department of Transportation,SD,SDDOT 2025-02-12 Completed Letting,2025-02-12,2025,https://apps.sd.gov/hc65bidletting/bidlettingscompletedetail.aspx?args=0F03BFE651C4DAE8E7CBBB236FD7705A2458328897C9B5E1,20250212_detail.html,2ef3251b777612cd5117eae73115983fda5a10b3b10c448a55ac6a7645c6f31c,import_south_dakota_data.py,1.0.0,Bundle source containing the Abstract of Bids and Low Bid Final Report.
sd_sddot_bid_tabs_2025_02_19,bid_tab,sd_sddot,South Dakota Department of Transportation,SD,SDDOT 2025-02-19 Completed Letting,2025-02-19,2025,https://apps.sd.gov/hc65bidletting/bidlettingscompletedetail.aspx?args=0F03BFE651C4DAE8CFF3B9BCA1C1D4CB3DD1EEF8CACE152A,20250219_detail.html,c100c86bcff9467b8fdd6254f2a6296dfdb26204e5ac8751b8dff16bcc6080b8,import_south_dakota_data.py,1.0.0,Bundle source containing the Abstract of Bids and Low Bid Final Report.
sd_sddot_bid_tabs_2025_03_05,bid_tab,sd_sddot,South Dakota Department of Transportation,SD,SDDOT 2025-03-05 Completed Letting,2025-03-05,2025,https://apps.sd.gov/hc65bidletting/bidlettingscompletedetail.aspx?args=0F03BFE651C4DAE8F9B6B0FC7CBC885FCFEA80043927C380,20250305_detail.html,f59e1ac8c3a528e27c2840f5cd5fc3de46a32eb3b1678df6ddb2f0f4afcf300c,import_south_dakota_data.py,1.0.0,Bundle source containing the Abstract of Bids and Low Bid Final Report.
sd_sddot_bid_tabs_2025_03_12,bid_tab,sd_sddot,South Dakota Department of Transportation,SD,SDDOT 2025-03-12 Completed Letting,2025-03-12,2025,https://apps.sd.gov/hc65bidletting/bidlettingscompletedetail.aspx?args=0F03BFE651C4DAE830A7128C39C7013BDF90103422DC80F7,20250312_detail.html,bb87c94491697657894cbbe26db026acd05161e551360112cb8ca899da90a8dd,import_south_dakota_data.py,1.0.0,Bundle source containing the Abstract of Bids and Low Bid Final Report.
sd_sddot_bid_tabs_2025_03_19,bid_tab,sd_sddot,South Dakota Department of Transportation,SD,SDDOT 2025-03-19 Completed Letting,2025-03-19,2025,https://apps.sd.gov/hc65bidletting/bidlettingscompletedetail.aspx?args=0F03BFE651C4DAE8DEC6E15099551B138C35689BE45CB8D2,20250319_detail.html,82e7d3ae6f41f8715fa6ed733d138330a8ddafcdaa8fcf1d2be12f691522f59a,import_south_dakota_data.py,1.0.0,Bundle source containing the Abstract of Bids and Low Bid Final Report.
sd_sddot_bid_tabs_2025_03_26,bid_tab,sd_sddot,South Dakota Department of Transportation,SD,SDDOT 2025-03-26 Completed Letting,2025-03-26,2025,https://apps.sd.gov/hc65bidletting/bidlettingscompletedetail.aspx?args=0F03BFE651C4DAE81C07F72EB506239C8F40557DA8A81D04,20250326_detail.html,56b2e5b8ecc93f89cdd83db7050e836a9532c6cc71e83b9f0af38b814b7a30b9,import_south_dakota_data.py,1.0.0,Bundle source containing the Abstract of Bids and Low Bid Final Report.
sd_sddot_bid_tabs_2025_04_02,bid_tab,sd_sddot,South Dakota Department of Transportation,SD,SDDOT 2025-04-02 Completed Letting,2025-04-02,2025,https://apps.sd.gov/hc65bidletting/bidlettingscompletedetail.aspx?args=0F03BFE651C4DAE8DFF442E890E333ADB64E3EDD02A830D9,20250402_detail.html,93ed2f2e29d10cb03b172adefa73ebf5bf0a9ace16c224785134655d41de0105,import_south_dakota_data.py,1.0.0,Bundle source containing the Abstract of Bids and Low Bid Final Report.
sd_sddot_bid_tabs_2025_04_16,bid_tab,sd_sddot,South Dakota Department of Transportation,SD,SDDOT 2025-04-16 Completed Letting,2025-04-16,2025,https://apps.sd.gov/hc65bidletting/bidlettingscompletedetail.aspx?args=0F03BFE651C4DAE80EF33A777EF78CB0DB21CB38C8012957,20250416_detail.html,22c75069e39574497f0e98d263b9aa486a759516d290d13af76b6a898c034356,import_south_dakota_data.py,1.0.0,Bundle source containing the Abstract of Bids and Low Bid Final Report.
sd_sddot_bid_tabs_2025_05_07,bid_tab,sd_sddot,South Dakota Department of Transportation,SD,SDDOT 2025-05-07 Completed Letting,2025-05-07,2025,https://apps.sd.gov/hc65bidletting/bidlettingscompletedetail.aspx?args=0F03BFE651C4DAE862EB3553D0A43D15C0BF5593F63CC767,20250507_detail.html,dd00363f0db7d9a0706906ad52c05d1e2d5daea5549dce5c0603690903ed57de,import_south_dakota_data.py,1.0.0,Bundle source containing the Abstract of Bids and Low Bid Final Report.
sd_sddot_bid_tabs_2025_05_21,bid_tab,sd_sddot,South Dakota Department of Transportation,SD,SDDOT 2025-05-21 Completed Letting,2025-05-21,2025,https://apps.sd.gov/hc65bidletting/bidlettingscompletedetail.aspx?args=0F03BFE651C4DAE807D98D94808075F8FA3BA21A828AC19A,20250521_detail.html,d32a3c542879ef783b94d9734ee1b6df8c39d7b30974c16cf7bf4b0bee254297,import_south_dakota_data.py,1.0.0,Bundle source containing the Abstract of Bids and Low Bid Final Report.
sd_sddot_bid_tabs_2025_06_04,bid_tab,sd_sddot,South Dakota Department of Transportation,SD,SDDOT 2025-06-04 Completed Letting,2025-06-04,2025,https://apps.sd.gov/hc65bidletting/bidlettingscompletedetail.aspx?args=0F03BFE651C4DAE89FFB6708ACDB5077EC8E0D795F44AE91,20250604_detail.html,f8adce6fb6589b9ebc03bf079e17435e1984e66d6cab2e5f5dc4b2013943d7fe,import_south_dakota_data.py,1.0.0,Bundle source containing the Abstract of Bids and Low Bid Final Report.
sd_sddot_bid_tabs_2025_07_02,bid_tab,sd_sddot,South Dakota Department of Transportation,SD,SDDOT 2025-07-02 Completed Letting,2025-07-02,2025,https://apps.sd.gov/hc65bidletting/bidlettingscompletedetail.aspx?args=0F03BFE651C4DAE89F7F60363F6551A4FC1792F9403D26EF,20250702_detail.html,addd9605e420cb8bf42273614a7fc046f8cef57f10f46d696616ea0a161488ec,import_south_dakota_data.py,1.0.0,Bundle source containing the Abstract of Bids and Low Bid Final Report.
sd_sddot_bid_tabs_2025_07_16,bid_tab,sd_sddot,South Dakota Department of Transportation,SD,SDDOT 2025-07-16 Completed Letting,2025-07-16,2025,https://apps.sd.gov/hc65bidletting/bidlettingscompletedetail.aspx?args=0F03BFE651C4DAE8E8F225A1AA88DB5C958A46ACD937FFDE,20250716_detail.html,540d1c276c8f863fb079cb9a1db4ddd1ff579131f986c9a5491a4694df4bd53a,import_south_dakota_data.py,1.0.0,Bundle source containing the Abstract of Bids and Low Bid Final Report.
sd_sddot_bid_tabs_2025_08_06,bid_tab,sd_sddot,South Dakota Department of Transportation,SD,SDDOT 2025-08-06 Completed Letting,2025-08-06,2025,https://apps.sd.gov/hc65bidletting/bidlettingscompletedetail.aspx?args=0F03BFE651C4DAE839F237F6746684A0BA60CC75574371F4,20250806_detail.html,f400a9d093e0a05d27cebf6d4b9b31cd71ad803b5c99fa09ef1af16031ad3d98,import_south_dakota_data.py,1.0.0,Bundle source containing the Abstract of Bids and Low Bid Final Report.
sd_sddot_bid_tabs_2025_08_26,bid_tab,sd_sddot,South Dakota Department of Transportation,SD,SDDOT 2025-08-26 Completed Letting,2025-08-26,2025,https://apps.sd.gov/hc65bidletting/bidlettingscompletedetail.aspx?args=0F03BFE651C4DAE819F3F2EEDD3079FA288AE0903C643FC3,20250826_detail.html,5b0b5d15929922c49f51f5edd7c92378246aa44b42564879d1b02a6955c51bbb,import_south_dakota_data.py,1.0.0,Bundle source containing the Abstract of Bids and Low Bid Final Report.
sd_sddot_bid_tabs_2025_09_03,bid_tab,sd_sddot,South Dakota Department of Transportation,SD,SDDOT 2025-09-03 Completed Letting,2025-09-03,2025,https://apps.sd.gov/hc65bidletting/bidlettingscompletedetail.aspx?args=0F03BFE651C4DAE8F6148C073B4A30636B2281FE3B90231C,20250903_detail.html,d61ffce9cd79dc0c89ac3d5de3bf6fc8750034151b5cbd10364c635ca5963f51,import_south_dakota_data.py,1.0.0,Bundle source containing the Abstract of Bids and Low Bid Final Report.
sd_sddot_bid_tabs_2025_09_17,bid_tab,sd_sddot,South Dakota Department of Transportation,SD,SDDOT 2025-09-17 Completed Letting,2025-09-17,2025,https://apps.sd.gov/hc65bidletting/bidlettingscompletedetail.aspx?args=0F03BFE651C4DAE87A5A78B9B06C19FC7C058B3F7D99D8B0,20250917_detail.html,90f80f3d3ad388599a95707090d5dd8d27617e82df5a6dbe3e8436c43881e233,import_south_dakota_data.py,1.0.0,Bundle source containing the Abstract of Bids and Low Bid Final Report.
sd_sddot_bid_tabs_2025_10_01,bid_tab,sd_sddot,South Dakota Department of Transportation,SD,SDDOT 2025-10-01 Completed Letting,2025-10-01,2025,https://apps.sd.gov/hc65bidletting/bidlettingscompletedetail.aspx?args=0F03BFE651C4DAE8EBD261C59CA6203DA4FAB92537506929,20251001_detail.html,bf5867062cee6218d670c4e164b9ef6fbb79c904dde2fb11f635c80b0af8d7c1,import_south_dakota_data.py,1.0.0,Bundle source containing the Abstract of Bids and Low Bid Final Report.
sd_sddot_bid_tabs_2025_10_15,bid_tab,sd_sddot,South Dakota Department of Transportation,SD,SDDOT 2025-10-15 Completed Letting,2025-10-15,2025,https://apps.sd.gov/hc65bidletting/bidlettingscompletedetail.aspx?args=0F03BFE651C4DAE88824D2BD00AE70F3F633070C74576440,20251015_detail.html,80d3a988e82c8925411577ba757e93b41679666b721db7b91afb7f44e636d419,import_south_dakota_data.py,1.0.0,Bundle source containing the Abstract of Bids and Low Bid Final Report.
sd_sddot_bid_tabs_2025_11_05,bid_tab,sd_sddot,South Dakota Department of Transportation,SD,SDDOT 2025-11-05 Completed Letting,2025-11-05,2025,https://apps.sd.gov/hc65bidletting/bidlettingscompletedetail.aspx?args=0F03BFE651C4DAE8E8DDBE2D3682BB5BF2D08E35583A02ED,20251105_detail.html,3762170f40d11ba6d2adc921e8b559fc989162df5cbbe2ea4000524ab34ff366,import_south_dakota_data.py,1.0.0,Bundle source containing the Abstract of Bids and Low Bid Final Report.
sd_sddot_bid_tabs_2025_11_19,bid_tab,sd_sddot,South Dakota Department of Transportation,SD,SDDOT 2025-11-19 Completed Letting,2025-11-19,2025,https://apps.sd.gov/hc65bidletting/bidlettingscompletedetail.aspx?args=0F03BFE651C4DAE89BB9057BFC1AD91E3F24C408A8AC5BC5,20251119_detail.html,3fba7388d26229f4c1f60164d598b82fc1ff0d6b48afb1234480a3fe8957329f,import_south_dakota_data.py,1.0.0,Bundle source containing the Abstract of Bids and Low Bid Final Report.
sd_sddot_bid_tabs_2025_12_03,bid_tab,sd_sddot,South Dakota Department of Transportation,SD,SDDOT 2025-12-03 Completed Letting,2025-12-03,2025,https://apps.sd.gov/hc65bidletting/bidlettingscompletedetail.aspx?args=0F03BFE651C4DAE81FD83F7D16BA32A9843B548F15431629,20251203_detail.html,126032defbbb855bff52135377523133ca26c803a958726503f464b4c3a4a363,import_south_dakota_data.py,1.0.0,Bundle source containing the Abstract of Bids and Low Bid Final Report.
sd_sddot_bid_tabs_2025_12_10,bid_tab,sd_sddot,South Dakota Department of Transportation,SD,SDDOT 2025-12-10 Completed Letting,2025-12-10,2025,https://apps.sd.gov/hc65bidletting/bidlettingscompletedetail.aspx?args=0F03BFE651C4DAE8732C15BD5511FF92F2ACF9C14A36C48F,20251210_detail.html,bc0f8fa33d945571e196f14ac8960abde4d519dbc4ffe5590552695f9ea7bacd,import_south_dakota_data.py,1.0.0,Bundle source containing the Abstract of Bids and Low Bid Final Report.
sd_sddot_bid_tabs_2026_01_21,bid_tab,sd_sddot,South Dakota Department of Transportation,SD,SDDOT 2026-01-21 Completed Letting,2026-01-21,2026,https://apps.sd.gov/hc65bidletting/bidlettingscompletedetail.aspx?args=0F03BFE651C4DAE88C450854660F76BEB864D8FB27DE9C6A,20260121_detail.html,e075252e7c273da3305ed4dab43ca8c137b20d536ab4235aba12d20afec7a9f8,import_south_dakota_data.py,1.0.0,Bundle source containing the Abstract of Bids and Low Bid Final Report.
sd_sddot_bid_tabs_2026_02_04,bid_tab,sd_sddot,South Dakota Department of Transportation,SD,SDDOT 2026-02-04 Completed Letting,2026-02-04,2026,https://apps.sd.gov/hc65bidletting/bidlettingscompletedetail.aspx?args=0F03BFE651C4DAE8A1C7B9BB4100BABE68D0A4C4F7D353F7,20260204_detail.html,6376afc729263e9e7f97ed2145dad1e0ec4b0f3fe65686f9caf82a38f0127f1f,import_south_dakota_data.py,1.0.0,Bundle source containing the Abstract of Bids and Low Bid Final Report.
sd_sddot_bid_tabs_2026_02_18,bid_tab,sd_sddot,South Dakota Department of Transportation,SD,SDDOT 2026-02-18 Completed Letting,2026-02-18,2026,https://apps.sd.gov/hc65bidletting/bidlettingscompletedetail.aspx?args=0F03BFE651C4DAE8C09A9383C73BCC8E3DE7CB5970594276,20260218_detail.html,d3702b9320ecb85711b7a79240d7699e772a8e584df3a7dcdc09888be3d2e233,import_south_dakota_data.py,1.0.0,Bundle source containing the Abstract of Bids and Low Bid Final Report.
sd_sddot_bid_tabs_2026_03_04,bid_tab,sd_sddot,South Dakota Department of Transportation,SD,SDDOT 2026-03-04 Completed Letting,2026-03-04,2026,https://apps.sd.gov/hc65bidletting/bidlettingscompletedetail.aspx?args=0F03BFE651C4DAE8DA72747D1C31E300D75943F372E9B714,20260304_detail.html,0ce2ae37dc9cfbf6677432477ac50c72ab75e791ae765fdb3aefc560e6b47f5e,import_south_dakota_data.py,1.0.0,Bundle source containing the Abstract of Bids and Low Bid Final Report.
sd_sddot_bid_tabs_2026_03_18,bid_tab,sd_sddot,South Dakota Department of Transportation,SD,SDDOT 2026-03-18 Completed Letting,2026-03-18,2026,https://apps.sd.gov/hc65bidletting/bidlettingscompletedetail.aspx?args=0F03BFE651C4DAE8DC60F504D34385499C593012609FEFB6,20260318_detail.html,29faf719f0a55a7649b638894c9b78bd66412cb834bf1b600cc71d63eeccce83,import_south_dakota_data.py,1.0.0,Bundle source containing the Abstract of Bids and Low Bid Final Report.
sd_sddot_bid_tabs_2026_04_01,bid_tab,sd_sddot,South Dakota Department of Transportation,SD,SDDOT 2026-04-01 Completed Letting,2026-04-01,2026,https://apps.sd.gov/hc65bidletting/bidlettingscompletedetail.aspx?args=0F03BFE651C4DAE815943BD20402923E4919C01C484547A9,20260401_detail.html,2c97e721d9b4827c9f46113dfae1ca7ff8d3f702841810b74b6110ac146aa4ab,import_south_dakota_data.py,1.0.0,Bundle source containing the Abstract of Bids and Low Bid Final Report.
sd_sddot_bid_tabs_2026_04_15,bid_tab,sd_sddot,South Dakota Department of Transportation,SD,SDDOT 2026-04-15 Completed Letting,2026-04-15,2026,https://apps.sd.gov/hc65bidletting/bidlettingscompletedetail.aspx?args=0F03BFE651C4DAE8CBB9F879ACB146FE0679A2B6DE4661DC,20260415_detail.html,b02d72ff4948d91f3eb0c8cf19aa6ad3889a5d2172b3de643393966ddb1977a9,import_south_dakota_data.py,1.0.0,Bundle source containing the Abstract of Bids and Low Bid Final Report.
sd_sddot_bid_tabs_2026_05_06,bid_tab,sd_sddot,South Dakota Department of Transportation,SD,SDDOT 2026-05-06 Completed Letting,2026-05-06,2026,https://apps.sd.gov/hc65bidletting/bidlettingscompletedetail.aspx?args=0F03BFE651C4DAE8E978466C95244080B0AEEC3AD011F23F,20260506_detail.html,93f5f69e0cc90152e3ecdb10c317d57cf698f4f67d839a255442fef3848773e4,import_south_dakota_data.py,1.0.0,Bundle source containing the Abstract of Bids and Low Bid Final Report.
sd_sddot_bid_tabs_2026_05_13,bid_tab,sd_sddot,South Dakota Department of Transportation,SD,SDDOT 2026-05-13 Completed Letting,2026-05-13,2026,https://apps.sd.gov/hc65bidletting/bidlettingscompletedetail.aspx?args=0F03BFE651C4DAE8848C5E84FB6E99516C84CBA71391C846,20260513_detail.html,8a602b3d8285125ad19d9f0c8a072ee59aedf6a486620d6d708c3c6d852a86eb,import_south_dakota_data.py,1.0.0,Bundle source containing the Abstract of Bids and Low Bid Final Report.
sd_sddot_bid_tabs_2026_05_20,bid_tab,sd_sddot,South Dakota Department of Transportation,SD,SDDOT 2026-05-20 Completed Letting,2026-05-20,2026,https://apps.sd.gov/hc65bidletting/bidlettingscompletedetail.aspx?args=0F03BFE651C4DAE89AF403A39A63559197CBB8DA68EE4BF4,20260520_detail.html,b85e2e2fbe26eee1221d4d143de001c4896f9c514d4a56052bd5765918f58dd1,import_south_dakota_data.py,1.0.0,Bundle source containing the Abstract of Bids and Low Bid Final Report.
sd_sddot_bid_tabs_2026_05_27,bid_tab,sd_sddot,South Dakota Department of Transportation,SD,SDDOT 2026-05-27 Completed Letting,2026-05-27,2026,https://apps.sd.gov/hc65bidletting/bidlettingscompletedetail.aspx?args=0F03BFE651C4DAE8EC64A6C5F8474B6B915AAEF80657B291,20260527_detail.html,326093b1ecb7c5261812df97487eebef89efefab5e495baaea75bddca7a11443,import_south_dakota_data.py,1.0.0,Bundle source containing the Abstract of Bids and Low Bid Final Report.
sd_sddot_item_catalog_2026_07_27,item_catalog,sd_sddot,South Dakota Department of Transportation,SD,SDDOT Standard Bid Items 2026-07-27,2026-07-27,2026,https://apps.sd.gov/hc70sbi/main.aspx,standard_bid_items_all.html,125dfa8dc2f20a9977d2bcae7086df259de00b0197cc8c463ad007f2dcf6f41f,import_south_dakota_data.py,1.0.0,Live all-items result from the SDDOT Standard Bid Item search.
