letting_date,label,detail_url,source_id,letting_id,detail_file_name,abstract_url,abstract_file_name,abstract_sha256,final_url,final_file_name,final_sha256,parse_status,notes
2019-01-16,"January 16, 2019",https://apps.sd.gov/hc65bidletting/bidlettingscompletedetail.aspx?args=0F03BFE651C4DAE8B39A2A9C59B98D1DEA5F0C9DD66E76E1,sd_sddot_bid_tabs_2019_01_16,sd_sddot_2019_01_16,20190116_detail.html,https://apps.sd.gov/HC65C2C/EBS/lettings/01162019abstract.pdf,01162019abstract.pdf,09940ae28050a46e24e1f5c5878a567a48213250569d45e8b377ce2a6ea58de2,https://apps.sd.gov/HC65C2C/EBS/lettings/01162019final.pdf,01162019final.pdf,cc0b9d50bfc3a531d36f0ad062e88f1da5ed5b520cfac8854b7c28ed603cbc34,parsed,
2019-01-23,"January 23, 2019",https://apps.sd.gov/hc65bidletting/bidlettingscompletedetail.aspx?args=0F03BFE651C4DAE826714AFCD67F490E75870D7C961B8DC4,sd_sddot_bid_tabs_2019_01_23,sd_sddot_2019_01_23,20190123_detail.html,https://apps.sd.gov/HC65C2C/EBS/lettings/01232019abstract.pdf,01232019abstract.pdf,a85f4f9aee20bc1fcd3083c575289c0376e85cb47b4dc9f06572a5871b931da0,https://apps.sd.gov/HC65C2C/EBS/lettings/01232019final.pdf,01232019final.pdf,ea63ded5c7d11546547a0112b6ef951642809292afe0fe5a798dc074b277ff3c,parsed,
2019-02-06,"February 6, 2019",https://apps.sd.gov/hc65bidletting/bidlettingscompletedetail.aspx?args=0F03BFE651C4DAE8504A2FDFA7C3D721ED854C030ACF0CDC,sd_sddot_bid_tabs_2019_02_06,sd_sddot_2019_02_06,20190206_detail.html,https://apps.sd.gov/HC65C2C/EBS/lettings/02062019abstract.pdf,02062019abstract.pdf,ddbfae120b5951fdf46e74b41f0ee87dfeb4265af7817e7e2f4102a6ab781768,https://apps.sd.gov/HC65C2C/EBS/lettings/02062019final.pdf,02062019final.pdf,036bad92651390247024307ac3702440f1ab990152a522e77902fd405d4c1ef3,parsed,
2019-02-20,"February 20,2019",https://apps.sd.gov/hc65bidletting/bidlettingscompletedetail.aspx?args=0F03BFE651C4DAE89C2FE97E512DEE0885685A6AC7B65D6E,sd_sddot_bid_tabs_2019_02_20,sd_sddot_2019_02_20,20190220_detail.html,https://apps.sd.gov/HC65C2C/EBS/lettings/02202019abstract.pdf,02202019abstract.pdf,cdec501213c3cb3c035f7d71a5fd4616f8c7823e034112f4e0fd76dc87d4023e,https://apps.sd.gov/HC65C2C/EBS/lettings/02202019final.pdf,02202019final.pdf,ecd3aeb559016ca61b1f9e2215e15b36351703acbee6d5e1da200ae9255491ec,parsed,
2019-03-06,"March 6, 2019",https://apps.sd.gov/hc65bidletting/bidlettingscompletedetail.aspx?args=0F03BFE651C4DAE8963AE36248022795722B3701A548FAD2,sd_sddot_bid_tabs_2019_03_06,sd_sddot_2019_03_06,20190306_detail.html,https://apps.sd.gov/HC65C2C/EBS/lettings/03062019abstract.pdf,03062019abstract.pdf,16c8a5a1541b6f40f368a1cfea167d5b96e65dd8bc0a8daf8024e60e55863687,https://apps.sd.gov/HC65C2C/EBS/lettings/03062019final.pdf,03062019final.pdf,1df1d696efb37a54d0319b7fa66dae5aecc160fee0337b057dc14d15f8c9d963,parsed,
2019-03-20,"March 20, 2019",https://apps.sd.gov/hc65bidletting/bidlettingscompletedetail.aspx?args=0F03BFE651C4DAE8B51213BEECD0130BE97294FEFA3C4995,sd_sddot_bid_tabs_2019_03_20,sd_sddot_2019_03_20,20190320_detail.html,https://apps.sd.gov/HC65C2C/EBS/lettings/03202019abstract.pdf,03202019abstract.pdf,2b166c46cfc69c891f27d8254c417c00e991bf1bf217a2327776a0af8d730bd6,https://apps.sd.gov/HC65C2C/EBS/lettings/03202019final.pdf,03202019final.pdf,412c627700744b962ac77a84a173d7d40efc3f3083a478bb0b26e1489dba0d18,parsed,
2019-03-27,"March 27, 2019",https://apps.sd.gov/hc65bidletting/bidlettingscompletedetail.aspx?args=0F03BFE651C4DAE86D16B0ECCDE6341AFD41A12E274FE75F,sd_sddot_bid_tabs_2019_03_27,sd_sddot_2019_03_27,20190327_detail.html,https://apps.sd.gov/HC65C2C/EBS/lettings/03272019abstract.pdf,03272019abstract.pdf,499611f365de2482f9077f753d4b789fe5697060aa53c85754b5b8db16c9f609,https://apps.sd.gov/HC65C2C/EBS/lettings/03272019final.pdf,03272019final.pdf,f73a00bf12347f2789d1747b93178c3e1b20bed3ccc931fc6a6f65fead9d42cd,parsed,
2019-04-03,"April 3, 2019",https://apps.sd.gov/hc65bidletting/bidlettingscompletedetail.aspx?args=0F03BFE651C4DAE8A21B59CF38D72A16EE0AB6841C70BF3B,sd_sddot_bid_tabs_2019_04_03,sd_sddot_2019_04_03,20190403_detail.html,https://apps.sd.gov/HC65C2C/EBS/lettings/04032019abstract.pdf,04032019abstract.pdf,527994dbd709ff20a89e0f5bfa8954a4ee55a6d470073b4a6ae782b0fabee593,https://apps.sd.gov/HC65C2C/EBS/lettings/04032019final.pdf,04032019final.pdf,dd4bb820105f608b8c7a8d69ee7db38bb01cdaa16c3ca1ecb561246849545e5d,parsed,
2019-04-10,"April 10, 2019",https://apps.sd.gov/hc65bidletting/bidlettingscompletedetail.aspx?args=0F03BFE651C4DAE88BFE8FF9638776010E1538777056C53D,sd_sddot_bid_tabs_2019_04_10,sd_sddot_2019_04_10,20190410_detail.html,https://apps.sd.gov/HC65C2C/EBS/lettings/04102019abstract.pdf,04102019abstract.pdf,abd1a9147724bd07bb2b5d9d450bd026ec4d6f17d0516913d5d3e768ab2685f0,https://apps.sd.gov/HC65C2C/EBS/lettings/04102019final.pdf,04102019final.pdf,bc2ba7fa0c297291c9a12bc4ba6cf5be22d9569b1c3810554141aee319228e2e,parsed,
2019-04-17,"April 17, 2019",https://apps.sd.gov/hc65bidletting/bidlettingscompletedetail.aspx?args=0F03BFE651C4DAE8BFB9EFE695DF6F3076A4DFB9F64D2A06,sd_sddot_bid_tabs_2019_04_17,sd_sddot_2019_04_17,20190417_detail.html,https://apps.sd.gov/HC65C2C/EBS/lettings/04172019abstract.pdf,04172019abstract.pdf,ee46b8dcfa8fcd18cc390d4693e0ff750b582d738b587cefe16f54e3f283fcaa,https://apps.sd.gov/HC65C2C/EBS/lettings/04172019final.pdf,04172019final.pdf,6f493ac045dcdf35db9df6274a550160be8f51b0005c74dc26247b5fdaf64002,parsed,
2019-05-01,"May 1, 2019",https://apps.sd.gov/hc65bidletting/bidlettingscompletedetail.aspx?args=0F03BFE651C4DAE8CE6C631D89135274EEEDB7C96279BBC1,sd_sddot_bid_tabs_2019_05_01,sd_sddot_2019_05_01,20190501_detail.html,https://apps.sd.gov/HC65C2C/EBS/lettings/05012019abstract.pdf,05012019abstract.pdf,c755c5c0d9dbe8bb83fd57ec24785983c2605a42645ae2dd9668a7751796c58b,https://apps.sd.gov/HC65C2C/EBS/lettings/05012019final.pdf,05012019final.pdf,c7dc43e19b191055c1f1ae85e336ff0a63ff4c64212dccf785e46985c8598701,parsed,
2019-05-03,"May 3, 2019 University Class",https://apps.sd.gov/hc65bidletting/bidlettingscompletedetail.aspx?args=0F03BFE651C4DAE8D31E4A6E147999156015751D9217CA71,sd_sddot_bid_tabs_2019_05_03,sd_sddot_2019_05_03,20190503_detail.html,https://apps.sd.gov/HC65C2C/EBS/lettings/05032019abstract.pdf,05032019abstract.pdf,,https://apps.sd.gov/HC65C2C/EBS/lettings/05032019final.pdf,05032019final.pdf,,missing_cached_reports,Run with --download-missing-reports.
2019-05-15,"May 15, 2019",https://apps.sd.gov/hc65bidletting/bidlettingscompletedetail.aspx?args=0F03BFE651C4DAE8986364B38E45DA044911E908C50B82CC,sd_sddot_bid_tabs_2019_05_15,sd_sddot_2019_05_15,20190515_detail.html,https://apps.sd.gov/HC65C2C/EBS/lettings/05152019abstract.pdf,05152019abstract.pdf,6eab546c6642e2494ec9106d573c1c0867dd55c62f1dfe4369e99465e5b26f3b,https://apps.sd.gov/HC65C2C/EBS/lettings/05152019final.pdf,05152019final.pdf,fd622e5a9b78e0f567cb77a4394d44af9b1fe82390e868fa29128dfa60683119,parsed,
2019-06-05,"June 5, 2019",https://apps.sd.gov/hc65bidletting/bidlettingscompletedetail.aspx?args=0F03BFE651C4DAE8AC4B4148CE488B276D1089FE71BB6229,sd_sddot_bid_tabs_2019_06_05,sd_sddot_2019_06_05,20190605_detail.html,https://apps.sd.gov/HC65C2C/EBS/lettings/06052019abstract.pdf,06052019abstract.pdf,5a992dd76a6b5af1940042905e2dd141f0f00d301fddd72e26b2f85fb8c039b3,https://apps.sd.gov/HC65C2C/EBS/lettings/06052019final.pdf,06052019final.pdf,111e02f4e82805c339a0a4c99cd2673643c9246d216ca13893b962562550f90a,parsed,
2019-06-19,"June 19, 2019",https://apps.sd.gov/hc65bidletting/bidlettingscompletedetail.aspx?args=0F03BFE651C4DAE86D6B9A30A32522EF4361671000F6F10E,sd_sddot_bid_tabs_2019_06_19,sd_sddot_2019_06_19,20190619_detail.html,https://apps.sd.gov/HC65C2C/EBS/lettings/06192019abstract.pdf,06192019abstract.pdf,42290a4b7e6cb6f42cf27e3c27af9a947e51ae59f353bd1359840c2f66952ff7,https://apps.sd.gov/HC65C2C/EBS/lettings/06192019final.pdf,06192019final.pdf,c66e1e73112692f1a4a9391bcf13533604aa292303f9a331a227d1a974d2f80a,parsed,
2019-07-17,"July 17, 2019",https://apps.sd.gov/hc65bidletting/bidlettingscompletedetail.aspx?args=0F03BFE651C4DAE81AF2E3CFC057A772CA974127FD7B21DA,sd_sddot_bid_tabs_2019_07_17,sd_sddot_2019_07_17,20190717_detail.html,https://apps.sd.gov/HC65C2C/EBS/lettings/07172019abstract.pdf,07172019abstract.pdf,d986186578417dd9f31bd385eeda12a7671a8de06b193df55fa025f210f29368,https://apps.sd.gov/HC65C2C/EBS/lettings/07172019final.pdf,07172019final.pdf,d2357e836789e339eaf322a8eeb3219a3da856f4697d885552bc559ec2d544fc,parsed,
2019-08-21,"August 21, 2019",https://apps.sd.gov/hc65bidletting/bidlettingscompletedetail.aspx?args=0F03BFE651C4DAE8D37B9583BA6BAE993FFAD1E887485344,sd_sddot_bid_tabs_2019_08_21,sd_sddot_2019_08_21,20190821_detail.html,https://apps.sd.gov/HC65C2C/EBS/lettings/08212019abstract.pdf,08212019abstract.pdf,56919eccab53b9156117dffef6220e86bd78164be01ed37280ef43a9e57a806a,https://apps.sd.gov/HC65C2C/EBS/lettings/08212019final.pdf,08212019final.pdf,92bdb083f9425cb53d8be3b7d29bc520d64019216f41a2bc8e94bc0d37a3e458,parsed,
2019-09-04,"September 4, 2019",https://apps.sd.gov/hc65bidletting/bidlettingscompletedetail.aspx?args=0F03BFE651C4DAE87923A34105275FB00A97018FC42DD2E9,sd_sddot_bid_tabs_2019_09_04,sd_sddot_2019_09_04,20190904_detail.html,https://apps.sd.gov/HC65C2C/EBS/lettings/09042019abstract.pdf,09042019abstract.pdf,effb1347703faffd9696cc0c4821eea0f6c2ff695cef085e51281f9cc795d773,https://apps.sd.gov/HC65C2C/EBS/lettings/09042019final.pdf,09042019final.pdf,760521de745d1d55571fd3b21f56c4ac9695a2864fd79566dad160542b1bdc19,parsed,
2019-09-18,"September 18, 2019",https://apps.sd.gov/hc65bidletting/bidlettingscompletedetail.aspx?args=0F03BFE651C4DAE84224237B300F9D170700C010102BCBB0,sd_sddot_bid_tabs_2019_09_18,sd_sddot_2019_09_18,20190918_detail.html,https://apps.sd.gov/HC65C2C/EBS/lettings/09182019abstract.pdf,09182019abstract.pdf,e6db16e2d0fc7e6263afc1aa989049c18a9600e10d3524cec4d1453076849823,https://apps.sd.gov/HC65C2C/EBS/lettings/09182019final.pdf,09182019final.pdf,e58e14a7ed52c2450acdc494059321cff714edc95f69836b3dabb13a46c35892,parsed,
2019-10-02,"October 2, 2019",https://apps.sd.gov/hc65bidletting/bidlettingscompletedetail.aspx?args=0F03BFE651C4DAE8008156C4B1EBD4DBADDB388B733CF808,sd_sddot_bid_tabs_2019_10_02,sd_sddot_2019_10_02,20191002_detail.html,https://apps.sd.gov/HC65C2C/EBS/lettings/10022019abstract.pdf,10022019abstract.pdf,54e812c30d188d2740b50be7673b78c5a83d7c2812e111974773791402031e8b,https://apps.sd.gov/HC65C2C/EBS/lettings/10022019final.pdf,10022019final.pdf,56918b901a1e4d820a3c9f5cef1577a5b4bba4d38be6bd8a237b3404e5bbcf21,parsed,
2019-10-16,"October 16, 2019",https://apps.sd.gov/hc65bidletting/bidlettingscompletedetail.aspx?args=0F03BFE651C4DAE8F98947491969934E6A129AD278B3F044,sd_sddot_bid_tabs_2019_10_16,sd_sddot_2019_10_16,20191016_detail.html,https://apps.sd.gov/HC65C2C/EBS/lettings/10162019abstract.pdf,10162019abstract.pdf,ae1559748105865b1a0b7a795f2969be405b8a2f62e4c5de4283b888ebced15c,https://apps.sd.gov/HC65C2C/EBS/lettings/10162019final.pdf,10162019final.pdf,4c0c957b729d9aa88e741901bab8293f2038328e51454e73f3bf2071070f11e3,parsed,
2019-11-06,"November 6, 2019",https://apps.sd.gov/hc65bidletting/bidlettingscompletedetail.aspx?args=0F03BFE651C4DAE850F42BB3329E1297DCA90385BBD02AA3,sd_sddot_bid_tabs_2019_11_06,sd_sddot_2019_11_06,20191106_detail.html,https://apps.sd.gov/HC65C2C/EBS/lettings/11062019abstract.pdf,11062019abstract.pdf,a33343a97b5ce7d8069a43eea8af392a59726bf1a428b14c2fd271249e3b180e,https://apps.sd.gov/HC65C2C/EBS/lettings/11062019final.pdf,11062019final.pdf,f776ecceba3912048f2ce87a04de2746e2d9d148b1249e0b99ba5b44138b3fe5,parsed,
2019-11-20,"November 20, 2019",https://apps.sd.gov/hc65bidletting/bidlettingscompletedetail.aspx?args=0F03BFE651C4DAE841ADD5026E608C1FB3B02E168114C907,sd_sddot_bid_tabs_2019_11_20,sd_sddot_2019_11_20,20191120_detail.html,https://apps.sd.gov/HC65C2C/EBS/lettings/11202019abstract.pdf,11202019abstract.pdf,a32701c10ab91b0d3d0488bf16635fc8661af684703e27780304b6a244e7ebd2,https://apps.sd.gov/HC65C2C/EBS/lettings/11202019final.pdf,11202019final.pdf,ff1828d44ca46971783a285b24237ea93a3baa44500153e708f35ac14bc3dd8b,parsed,
2019-12-04,"December 4, 2019",https://apps.sd.gov/hc65bidletting/bidlettingscompletedetail.aspx?args=0F03BFE651C4DAE85D2B2311BB790472D524D4EB9E323BA3,sd_sddot_bid_tabs_2019_12_04,sd_sddot_2019_12_04,20191204_detail.html,https://apps.sd.gov/HC65C2C/EBS/lettings/12042019abstract.pdf,12042019abstract.pdf,623c2f61d02320071ade6a348a1f80e9e63a47ff72589c7649e70bd4d05295d0,https://apps.sd.gov/HC65C2C/EBS/lettings/12042019final.pdf,12042019final.pdf,f001e22eb80d0f9abb5b99cc566dec60a20642ed7466f75fc673466e8a08c129,parsed,
2019-12-11,"December 11, 2019",https://apps.sd.gov/hc65bidletting/bidlettingscompletedetail.aspx?args=0F03BFE651C4DAE8A5AD8F42611605D0B7A1A211F02853EA,sd_sddot_bid_tabs_2019_12_11,sd_sddot_2019_12_11,20191211_detail.html,https://apps.sd.gov/HC65C2C/EBS/lettings/12112019abstract.pdf,12112019abstract.pdf,b657ef48b560dbd4ca60c15ad041396899af48aa82b865c4d534d4641d47fd72,https://apps.sd.gov/HC65C2C/EBS/lettings/12112019final.pdf,12112019final.pdf,08ff6fc5f4e679ea72f8785a75b7c4b2880f8ca7b55cca54fd3f45d673a5294d,parsed,
2020-01-22,"January 22, 2020",https://apps.sd.gov/hc65bidletting/bidlettingscompletedetail.aspx?args=0F03BFE651C4DAE8751403008D288BF2B6ED2FB31F525AEC,sd_sddot_bid_tabs_2020_01_22,sd_sddot_2020_01_22,20200122_detail.html,https://apps.sd.gov/HC65C2C/EBS/lettings/01222020abstract.pdf,01222020abstract.pdf,9335d87356dedbc0f80a54d14794d5ac022541f2d843053e21f62a6ca18e4cdb,https://apps.sd.gov/HC65C2C/EBS/lettings/01222020final.pdf,01222020final.pdf,a7dfd2cc3e95b27b72ee3ccb96e78dba9d3b207754fba25702efe8219ee76b9d,parsed,
2020-02-05,"February 5, 2020",https://apps.sd.gov/hc65bidletting/bidlettingscompletedetail.aspx?args=0F03BFE651C4DAE8A1F56B31DF44BD7FEF6069F5F7AD05D4,sd_sddot_bid_tabs_2020_02_05,sd_sddot_2020_02_05,20200205_detail.html,https://apps.sd.gov/HC65C2C/EBS/lettings/02052020abstract.pdf,02052020abstract.pdf,c0dbff2c20cc8acaa28aba272aa96d9ff182065d18835ddff832069b7aeef41d,https://apps.sd.gov/HC65C2C/EBS/lettings/02052020final.pdf,02052020final.pdf,771305e417b05c181001e6d1c21393281542e014acab5531a956ccc52c283a2e,parsed,
2020-02-19,"February 19, 2020",https://apps.sd.gov/hc65bidletting/bidlettingscompletedetail.aspx?args=0F03BFE651C4DAE8CFA55FB6F632211D1374DD2FBA963372,sd_sddot_bid_tabs_2020_02_19,sd_sddot_2020_02_19,20200219_detail.html,https://apps.sd.gov/HC65C2C/EBS/lettings/02192020abstract.pdf,02192020abstract.pdf,5cf6297bc2e9ae71bd0c4a6ecf64487cead6a3ba689ecbd83862e6b520524bd6,https://apps.sd.gov/HC65C2C/EBS/lettings/02192020final.pdf,02192020final.pdf,25ad0d3fc50a659b57718bb9d65f6ca0ad1bb416ccb2598042e36164dc63180b,parsed,
2020-03-04,"March 4, 2020",https://apps.sd.gov/hc65bidletting/bidlettingscompletedetail.aspx?args=0F03BFE651C4DAE8F05C03DFA362BBFC14CEB1B2172B144B,sd_sddot_bid_tabs_2020_03_04,sd_sddot_2020_03_04,20200304_detail.html,https://apps.sd.gov/HC65C2C/EBS/lettings/03042020abstract.pdf,03042020abstract.pdf,667e3ed2eb23fefc5083f5f6848d7ac2a919089a45f583ad7368b54cd87fa98e,https://apps.sd.gov/HC65C2C/EBS/lettings/03042020final.pdf,03042020final.pdf,4c8fa23cb394d7929d8528042783cac32e874f1ad6171ac6f68ca6e9f9e18b19,parsed,
2020-03-25,"March 25, 2020",https://apps.sd.gov/hc65bidletting/bidlettingscompletedetail.aspx?args=0F03BFE651C4DAE8EE930C21DA0EE73F748DD7CD02D8CED2,sd_sddot_bid_tabs_2020_03_25,sd_sddot_2020_03_25,20200325_detail.html,https://apps.sd.gov/HC65C2C/EBS/lettings/03252020abstract.pdf,03252020abstract.pdf,bda4336821a1791ed22a036daeb422d32092fa31ebf07f9b810e5ceb743774ef,https://apps.sd.gov/HC65C2C/EBS/lettings/03252020final.pdf,03252020final.pdf,c92537cc288ce652f155ae77ad689ba861cb1d0e9394bf1567769d0c08ddc952,parsed,
2020-04-01,"April 1, 2020",https://apps.sd.gov/hc65bidletting/bidlettingscompletedetail.aspx?args=0F03BFE651C4DAE8606C1DCD66EF2C483DF1D2077863F613,sd_sddot_bid_tabs_2020_04_01,sd_sddot_2020_04_01,20200401_detail.html,https://apps.sd.gov/HC65C2C/EBS/lettings/04012020abstract.pdf,04012020abstract.pdf,30fd57ba9e9614f44225bae4d25ba5f0e6cd86e2740ea5a8085de4992523d068,https://apps.sd.gov/HC65C2C/EBS/lettings/04012020final.pdf,04012020final.pdf,beffc2391f25ef647aab569cfed59e5833ae17b86320ff101acc6349ded65f82,parsed,
2020-04-15,"April 15, 2020",https://apps.sd.gov/hc65bidletting/bidlettingscompletedetail.aspx?args=0F03BFE651C4DAE8AEA8FE4CEEDEB1D7D4B6A72D564CBFD3,sd_sddot_bid_tabs_2020_04_15,sd_sddot_2020_04_15,20200415_detail.html,https://apps.sd.gov/HC65C2C/EBS/lettings/04152020abstract.pdf,04152020abstract.pdf,6435ed32377a4b29653ca85d9176c053bcd3ae9b320dbad25bf4ab9bf23c7899,https://apps.sd.gov/HC65C2C/EBS/lettings/04152020final.pdf,04152020final.pdf,eda0d84b66ca605d2e81e2e506b123ea734f903a399b6579f01ecb375e3e9afe,parsed,
2020-05-06,"May 6, 2020",https://apps.sd.gov/hc65bidletting/bidlettingscompletedetail.aspx?args=0F03BFE651C4DAE82F443BD434455EBB44D0A609A4B5EB8D,sd_sddot_bid_tabs_2020_05_06,sd_sddot_2020_05_06,20200506_detail.html,https://apps.sd.gov/HC65C2C/EBS/lettings/05062020abstract.pdf,05062020abstract.pdf,0d18e82f1295a286db249e18b15eade5d140ba0ea4efccf6c8d5395789dfbcf9,https://apps.sd.gov/HC65C2C/EBS/lettings/05062020final.pdf,05062020final.pdf,3835cdd9a41a99fe7db4bad568329b035fe100d079e619663031aab6b620e755,parsed,
2020-05-13,"May 13, 2020",https://apps.sd.gov/hc65bidletting/bidlettingscompletedetail.aspx?args=0F03BFE651C4DAE83375DA137EB2F9A85AC2CFA9A0804161,sd_sddot_bid_tabs_2020_05_13,sd_sddot_2020_05_13,20200513_detail.html,https://apps.sd.gov/HC65C2C/EBS/lettings/05132020abstract.pdf,05132020abstract.pdf,df833c4136916b01ff813d6694a125fa6e6067fa55c19b6d4605580f9e271b7d,https://apps.sd.gov/HC65C2C/EBS/lettings/05132020final.pdf,05132020final.pdf,c6dfa222b0d330bb6be4f0637a6598a8ff1fd8f5b4429427c0e2af78e1757540,parsed,
2020-05-20,"May 20, 2020",https://apps.sd.gov/hc65bidletting/bidlettingscompletedetail.aspx?args=0F03BFE651C4DAE834E70221A2375D554E972512AF062751,sd_sddot_bid_tabs_2020_05_20,sd_sddot_2020_05_20,20200520_detail.html,https://apps.sd.gov/HC65C2C/EBS/lettings/05202020abstract.pdf,05202020abstract.pdf,2446c6f2fefb7b16c5f22111897ebf29e2309c66da993617c14ebb0e45574072,https://apps.sd.gov/HC65C2C/EBS/lettings/05202020final.pdf,05202020final.pdf,2d2895f8a8df2c0763bc21fbd13ad0fede8cfa5af86e59301029b4641e33888d,parsed,
2020-06-03,"June 3, 2020",https://apps.sd.gov/hc65bidletting/bidlettingscompletedetail.aspx?args=0F03BFE651C4DAE8CA6F48A69515424ABC136741791BBFB1,sd_sddot_bid_tabs_2020_06_03,sd_sddot_2020_06_03,20200603_detail.html,https://apps.sd.gov/HC65C2C/EBS/lettings/06032020abstract.pdf,06032020abstract.pdf,e889707909a144b73751655e1f990f0bd95a3a7d5b85c89b30ab90c1736c09a7,https://apps.sd.gov/HC65C2C/EBS/lettings/06032020final.pdf,06032020final.pdf,4b3b2a60652739c5b67d1d8caf0f8db5dc1520abb6521993739a1e6485269b33,parsed,
2020-06-17,"June 17, 2020",https://apps.sd.gov/hc65bidletting/bidlettingscompletedetail.aspx?args=0F03BFE651C4DAE8DD5BA792EB84B440CEBBEAEE7792B617,sd_sddot_bid_tabs_2020_06_17,sd_sddot_2020_06_17,20200617_detail.html,https://apps.sd.gov/HC65C2C/EBS/lettings/06172020abstract.pdf,06172020abstract.pdf,4815fea271701d9fc05bc6aa09d14a4f124ee2d9c6888569bcd96a9a4c63c262,https://apps.sd.gov/HC65C2C/EBS/lettings/06172020final.pdf,06172020final.pdf,ee9ea4495f6400a49d14a864c9375fe6da10cb1a090b2e0f56cb20ea89831e24,parsed,
2020-07-15,"July 15, 2020",https://apps.sd.gov/hc65bidletting/bidlettingscompletedetail.aspx?args=0F03BFE651C4DAE851D6DDF11C8E3744D21B00D71EC2781B,sd_sddot_bid_tabs_2020_07_15,sd_sddot_2020_07_15,20200715_detail.html,https://apps.sd.gov/HC65C2C/EBS/lettings/07152020abstract.pdf,07152020abstract.pdf,4965c39e8d0a07e99057325114d0c897dcb33e3c10f690ee321a213b54715485,https://apps.sd.gov/HC65C2C/EBS/lettings/07152020final.pdf,07152020final.pdf,835bf53cd9736485bf6de7df432c1ce30b8fede2d21b9c5d2f573d96785d7708,parsed,
2020-08-05,"August 5, 2020",https://apps.sd.gov/hc65bidletting/bidlettingscompletedetail.aspx?args=0F03BFE651C4DAE8C5AF483693553F008FB4AFE60CC8EBB8,sd_sddot_bid_tabs_2020_08_05,sd_sddot_2020_08_05,20200805_detail.html,https://apps.sd.gov/HC65C2C/EBS/lettings/08052020abstract.pdf,08052020abstract.pdf,33170ef703df980acfba208bbe64b366e163b80a3448f4bf8dfa74ef59bcd691,https://apps.sd.gov/HC65C2C/EBS/lettings/08052020final.pdf,08052020final.pdf,84a4db9b0ec1986509b75abe9869adf2bd90c988d43f8b754dae5151fc287910,parsed,
2020-08-19,"August 19, 2020",https://apps.sd.gov/hc65bidletting/bidlettingscompletedetail.aspx?args=0F03BFE651C4DAE88B26352620A6C6E06A5BF599D965E99C,sd_sddot_bid_tabs_2020_08_19,sd_sddot_2020_08_19,20200819_detail.html,https://apps.sd.gov/HC65C2C/EBS/lettings/08192020abstract.pdf,08192020abstract.pdf,052ea322373378d63ef95fee5e357e12af218ff73e99d4598208d2cbb67f099c,https://apps.sd.gov/HC65C2C/EBS/lettings/08192020final.pdf,08192020final.pdf,b0963249d8496a62ed9a2756d1e91f5a1892a4503e81afd9f9e80a97c21bb89a,parsed,
2020-09-02,"September 2, 2020",https://apps.sd.gov/hc65bidletting/bidlettingscompletedetail.aspx?args=0F03BFE651C4DAE8D9B7C5F83E2020C2B216C666F9934046,sd_sddot_bid_tabs_2020_09_02,sd_sddot_2020_09_02,20200902_detail.html,https://apps.sd.gov/HC65C2C/EBS/lettings/09022020abstract.pdf,09022020abstract.pdf,924d17d40a7583accde31604fee2fdf9096b6213eeb0873ea636b0fc27b98c2d,https://apps.sd.gov/HC65C2C/EBS/lettings/09022020final.pdf,09022020final.pdf,6cb494b333317acfe289965e403cc7b96e2451048ae6f0e6495b1818d614488f,parsed,
2020-09-16,"September 16, 2020",https://apps.sd.gov/hc65bidletting/bidlettingscompletedetail.aspx?args=0F03BFE651C4DAE85F659BB86BDD8B4CB1BAA817F30CE983,sd_sddot_bid_tabs_2020_09_16,sd_sddot_2020_09_16,20200916_detail.html,https://apps.sd.gov/HC65C2C/EBS/lettings/09162020abstract.pdf,09162020abstract.pdf,ea59541bbe9965992cc9629d5d4da370d75d058f2aeabdbc8cfb5f87a96a3bb8,https://apps.sd.gov/HC65C2C/EBS/lettings/09162020final.pdf,09162020final.pdf,8fa7fa125590ced0b2c81d5bff4140a4f6794a0835bc6bbeec6d0f6bafb43ec3,parsed,
2020-10-07,"October 7, 2020",https://apps.sd.gov/hc65bidletting/bidlettingscompletedetail.aspx?args=0F03BFE651C4DAE8257C422FC5FEDB6B0AF57823C3A0E50F,sd_sddot_bid_tabs_2020_10_07,sd_sddot_2020_10_07,20201007_detail.html,https://apps.sd.gov/HC65C2C/EBS/lettings/10072020abstract.pdf,10072020abstract.pdf,fb111a80ed47366cb98cfacacf4c0e380b295603ef31f2f5343732de561accba,https://apps.sd.gov/HC65C2C/EBS/lettings/10072020final.pdf,10072020final.pdf,2006731c7b850d5395a9165581fe3123634d2497f3f03d63ad396c08c1292de5,parsed,
2020-10-21,"October 21, 2020",https://apps.sd.gov/hc65bidletting/bidlettingscompletedetail.aspx?args=0F03BFE651C4DAE8C768C8D08D439AAA5A3AAA4960B83A75,sd_sddot_bid_tabs_2020_10_21,sd_sddot_2020_10_21,20201021_detail.html,https://apps.sd.gov/HC65C2C/EBS/lettings/10212020abstract.pdf,10212020abstract.pdf,c56a9df6c1cd330540d01efed5b265473e71272966fd3c07e133b7423a7eb08a,https://apps.sd.gov/HC65C2C/EBS/lettings/10212020final.pdf,10212020final.pdf,d737aa8d59956a256373bd9e0171e5592a9db65f8ec2fc1fa21fbdcf608dc4b5,parsed,
2020-11-04,"November 4, 2020",https://apps.sd.gov/hc65bidletting/bidlettingscompletedetail.aspx?args=0F03BFE651C4DAE823BCD9516B1521404A7506D175A4E1C9,sd_sddot_bid_tabs_2020_11_04,sd_sddot_2020_11_04,20201104_detail.html,https://apps.sd.gov/HC65C2C/EBS/lettings/11042020abstract.pdf,11042020abstract.pdf,ea818d1654b594caa9879fd44c03eafc01f39076bdd4af17c3adb9ffe3dccb92,https://apps.sd.gov/HC65C2C/EBS/lettings/11042020final.pdf,11042020final.pdf,a40cba535b6c90f6ced911b94c99a1aeb9312e849aeb0feade042eff0c5b92a2,parsed,
2020-11-18,"November 18, 2020",https://apps.sd.gov/hc65bidletting/bidlettingscompletedetail.aspx?args=0F03BFE651C4DAE834B97231957BD12B1BD57BE1282B5D95,sd_sddot_bid_tabs_2020_11_18,sd_sddot_2020_11_18,20201118_detail.html,https://apps.sd.gov/HC65C2C/EBS/lettings/11182020abstract.pdf,11182020abstract.pdf,ef328e74135993726981197998f46b48a4ed79641e3cb20bc5ea6b9f01ee0378,https://apps.sd.gov/HC65C2C/EBS/lettings/11182020final.pdf,11182020final.pdf,c5bb8ae8cfa4605f9256728981a8fe1e8d95c01774596481f09b61ee83eb06bd,parsed,
2020-12-02,"December 2, 2020",https://apps.sd.gov/hc65bidletting/bidlettingscompletedetail.aspx?args=0F03BFE651C4DAE885D57D5D90D265C9A610EF2C64AEA139,sd_sddot_bid_tabs_2020_12_02,sd_sddot_2020_12_02,20201202_detail.html,https://apps.sd.gov/HC65C2C/EBS/lettings/12022020abstract.pdf,12022020abstract.pdf,6535fff2162a73114d26c192799136fac4a716638e7282d36870e3fd75493003,https://apps.sd.gov/HC65C2C/EBS/lettings/12022020final.pdf,12022020final.pdf,781468c7be0672afb792ac96dc646138ed071f9b97bdf90a5b4561336f13dcc5,parsed,
2020-12-09,"December 9, 2020",https://apps.sd.gov/hc65bidletting/bidlettingscompletedetail.aspx?args=0F03BFE651C4DAE89C44ABB4B848869028D4CE75C1AC9420,sd_sddot_bid_tabs_2020_12_09,sd_sddot_2020_12_09,20201209_detail.html,https://apps.sd.gov/HC65C2C/EBS/lettings/12092020abstract.pdf,12092020abstract.pdf,ad098c30602ef2379ada90b6ca48572fb2cf76d21a7293baa95367e427b16070,https://apps.sd.gov/HC65C2C/EBS/lettings/12092020final.pdf,12092020final.pdf,0610e85e0f1452897141bfc83a0fe562961f4c4fa0d66d13670dfc6bde5db1c6,parsed,
2021-01-20,"January 20, 2021",https://apps.sd.gov/hc65bidletting/bidlettingscompletedetail.aspx?args=0F03BFE651C4DAE88925D27248EDC1CF6D3C2E21618CB1F1,sd_sddot_bid_tabs_2021_01_20,sd_sddot_2021_01_20,20210120_detail.html,https://apps.sd.gov/HC65C2C/EBS/lettings/01202021abstract.pdf,01202021abstract.pdf,e071dd1ed8f6e681c8b7b6204791ca65e94dac9191821e62a3ead845fa293ad8,https://apps.sd.gov/HC65C2C/EBS/lettings/01202021final.pdf,01202021final.pdf,3e5e722bbdf8be25b07f994352bd5be6a3ee4a9f8cc68d712529705b7be6fa7f,parsed,
2021-02-03,"February 3, 2021",https://apps.sd.gov/hc65bidletting/bidlettingscompletedetail.aspx?args=0F03BFE651C4DAE8662F6B23FC3EB7B7D400AD22943B8A7E,sd_sddot_bid_tabs_2021_02_03,sd_sddot_2021_02_03,20210203_detail.html,https://apps.sd.gov/HC65C2C/EBS/lettings/02032021abstract.pdf,02032021abstract.pdf,7a58d89616daacf1cb400cf4dbd70cdbb7bd5bdc9d307042d7b31f5cfa7b0b87,https://apps.sd.gov/HC65C2C/EBS/lettings/02032021final.pdf,02032021final.pdf,5b474f2f27931b414e44212d3e3b4d374b1dcb6dffdac0ceaa4b1178b121a301,parsed,
2021-02-17,"February 17, 2021",https://apps.sd.gov/hc65bidletting/bidlettingscompletedetail.aspx?args=0F03BFE651C4DAE80C49D7A81D5BAC7F36165677DC0270F2,sd_sddot_bid_tabs_2021_02_17,sd_sddot_2021_02_17,20210217_detail.html,https://apps.sd.gov/HC65C2C/EBS/lettings/02172021abstract.pdf,02172021abstract.pdf,46061d4de086a1c9603c0a089cc04ee284d13dc92af50599901d933fdb46fb5b,https://apps.sd.gov/HC65C2C/EBS/lettings/02172021final.pdf,02172021final.pdf,81704c99fa8022fcc54d87eb646c8b89ee844548f4b7611ad21f3e2136a00973,parsed,
2021-03-03,"March 3, 2021",https://apps.sd.gov/hc65bidletting/bidlettingscompletedetail.aspx?args=0F03BFE651C4DAE81EC82C91A7BCBC6D6EAFEDD343FB9275,sd_sddot_bid_tabs_2021_03_03,sd_sddot_2021_03_03,20210303_detail.html,https://apps.sd.gov/HC65C2C/EBS/lettings/03032021abstract.pdf,03032021abstract.pdf,0db56ea99d834ae95558491ceba3d786140704ccfde94bcd42c4a0185b66ae1c,https://apps.sd.gov/HC65C2C/EBS/lettings/03032021final.pdf,03032021final.pdf,4714f33c4baf71600c53292f886fcccdd450fd584106a9c8b7093fc9603b00c3,parsed,
2021-03-17,"March 17, 2021",https://apps.sd.gov/hc65bidletting/bidlettingscompletedetail.aspx?args=0F03BFE651C4DAE8C987D42F1F7058B4EF6222F878A404F4,sd_sddot_bid_tabs_2021_03_17,sd_sddot_2021_03_17,20210317_detail.html,https://apps.sd.gov/HC65C2C/EBS/lettings/03172021abstract.pdf,03172021abstract.pdf,864ba2100d076b34b364fe40f3a2d2826a8e4a256e7a821cd0f8c997a9f31aef,https://apps.sd.gov/HC65C2C/EBS/lettings/03172021final.pdf,03172021final.pdf,919055811ed2ba6222e03b04b827a718b946a87573294c3a594765d028399e56,parsed,
2021-04-14,"April 14, 2021",https://apps.sd.gov/hc65bidletting/bidlettingscompletedetail.aspx?args=0F03BFE651C4DAE8B9434B3811B71A71C16C8DEACFC03D6A,sd_sddot_bid_tabs_2021_04_14,sd_sddot_2021_04_14,20210414_detail.html,https://apps.sd.gov/HC65C2C/EBS/lettings/04142021abstract.pdf,04142021abstract.pdf,c6d5a76e2e479e119b29a8706b8a624272c5ddda592680b626edbf7ce85c7356,https://apps.sd.gov/HC65C2C/EBS/lettings/04142021final.pdf,04142021final.pdf,94c15d993da04cbe3fee0ef5b7b8e16538f384e30c87033b0b664761224f297f,parsed,
2021-04-21,"April 21, 2021",https://apps.sd.gov/hc65bidletting/bidlettingscompletedetail.aspx?args=0F03BFE651C4DAE86C72A25183640F0FF44DA2D28DC384B3,sd_sddot_bid_tabs_2021_04_21,sd_sddot_2021_04_21,20210421_detail.html,https://apps.sd.gov/HC65C2C/EBS/lettings/04212021abstract.pdf,04212021abstract.pdf,555bdf93e23549476c05f1a2c76ca807366f3eaf110aa2c5fc04fb7ef4d4a830,https://apps.sd.gov/HC65C2C/EBS/lettings/04212021final.pdf,04212021final.pdf,cfa359eb5bc831d77048a624e66a1d317dfb29d9b4f7a6d9171b757995334884,parsed,
2021-05-05,"May 5, 2021",https://apps.sd.gov/hc65bidletting/bidlettingscompletedetail.aspx?args=0F03BFE651C4DAE829A101C52C25CE32E0160A0C93C403D9,sd_sddot_bid_tabs_2021_05_05,sd_sddot_2021_05_05,20210505_detail.html,https://apps.sd.gov/HC65C2C/EBS/lettings/05052021abstract.pdf,05052021abstract.pdf,844f16ea811d99bb063025a5f2dde9f6273de4fa3bf1fbe6dbc74f32094771f5,https://apps.sd.gov/HC65C2C/EBS/lettings/05052021final.pdf,05052021final.pdf,a0cf781f6f4de2d34f133e05d9cb807a1a71ee47ff5b0edf4ad549b33ed2786d,parsed,
2021-05-19,"May 19, 2021",https://apps.sd.gov/hc65bidletting/bidlettingscompletedetail.aspx?args=0F03BFE651C4DAE879DB18FC924E4F85924C6686B5071288,sd_sddot_bid_tabs_2021_05_19,sd_sddot_2021_05_19,20210519_detail.html,https://apps.sd.gov/HC65C2C/EBS/lettings/05192021abstract.pdf,05192021abstract.pdf,3fa7f79c8aff2e117003e543630f8766089dfc4ec40bf6030de61490bd885928,https://apps.sd.gov/HC65C2C/EBS/lettings/05192021final.pdf,05192021final.pdf,dc040bac0b1b38d2d732a1c4832c713875f9f43e3d152fe9b53e11c5378a3a3e,parsed,
2021-06-02,"June 2, 2021",https://apps.sd.gov/hc65bidletting/bidlettingscompletedetail.aspx?args=0F03BFE651C4DAE831D64EF5DC4C79B9E27814ECFBDACE09,sd_sddot_bid_tabs_2021_06_02,sd_sddot_2021_06_02,20210602_detail.html,https://apps.sd.gov/HC65C2C/EBS/lettings/06022021abstract.pdf,06022021abstract.pdf,4d7a8e84a4e247969e50e7ab164f710c255abc3d7469c8b07d062dc916b194ed,https://apps.sd.gov/HC65C2C/EBS/lettings/06022021final.pdf,06022021final.pdf,1d4b6fcd0c1cad0924541bdc6dc84e8d07a2eefa30154f45c4978d17b169daf0,parsed,
2021-06-16,"June 16, 2021",https://apps.sd.gov/hc65bidletting/bidlettingscompletedetail.aspx?args=0F03BFE651C4DAE8FB387A0D4779228ECC80A6C7CB78204C,sd_sddot_bid_tabs_2021_06_16,sd_sddot_2021_06_16,20210616_detail.html,https://apps.sd.gov/HC65C2C/EBS/lettings/06162021abstract.pdf,06162021abstract.pdf,95b316f86d63793c77cc8fc19a7356776c46ecc79524e08f1068b7d816bb7a75,https://apps.sd.gov/HC65C2C/EBS/lettings/06162021final.pdf,06162021final.pdf,97a0d5b5d17b83d3dc925c0bfca373428163b32002b5044f54e0154df8cf27b9,parsed,
2021-07-21,"July 21, 2021",https://apps.sd.gov/hc65bidletting/bidlettingscompletedetail.aspx?args=0F03BFE651C4DAE88A0953FB4616DAC3CFF2E70D6932A16E,sd_sddot_bid_tabs_2021_07_21,sd_sddot_2021_07_21,20210721_detail.html,https://apps.sd.gov/HC65C2C/EBS/lettings/07212021abstract.pdf,07212021abstract.pdf,259ef48526bad3c1e3de9ed52500be7aa77bf34da97a4b1c26c13b6d70b63910,https://apps.sd.gov/HC65C2C/EBS/lettings/07212021final.pdf,07212021final.pdf,2e0a7a613adecdaf9b548b5c2563c89dd9d96208e6f3d82c34304d6eb9bd5445,parsed,
2021-08-18,"August 18, 2021",https://apps.sd.gov/hc65bidletting/bidlettingscompletedetail.aspx?args=0F03BFE651C4DAE8CEC3E844D3D1BCC0ED7460D2EB642099,sd_sddot_bid_tabs_2021_08_18,sd_sddot_2021_08_18,20210818_detail.html,https://apps.sd.gov/HC65C2C/EBS/lettings/08182021abstract.pdf,08182021abstract.pdf,f4d0a687334660dd8d33ff3a8a1cd2eedbcf85156c0ab10d60ff8b2e06a60c9b,https://apps.sd.gov/HC65C2C/EBS/lettings/08182021final.pdf,08182021final.pdf,ee15220856bed722eec7840b56de95f4792ed0071475c507cbe21c9cc2a5673b,parsed,
2021-09-01,"September 1, 2021",https://apps.sd.gov/hc65bidletting/bidlettingscompletedetail.aspx?args=0F03BFE651C4DAE8950261A2E947FFF3BBCD9EE1E95F867D,sd_sddot_bid_tabs_2021_09_01,sd_sddot_2021_09_01,20210901_detail.html,https://apps.sd.gov/HC65C2C/EBS/lettings/09012021abstract.pdf,09012021abstract.pdf,eebabdc21de888addefa630b017f2d94940e67ea68f9cb9edcd264bacf2cc41c,https://apps.sd.gov/HC65C2C/EBS/lettings/09012021final.pdf,09012021final.pdf,109c2055f95879a905fe40c62cd37dd2acd778c106752e34c7d28f4079a630e8,parsed,
2021-09-15,"September 15, 2021",https://apps.sd.gov/hc65bidletting/bidlettingscompletedetail.aspx?args=0F03BFE651C4DAE813F3747F129EBD308F5D22CCBD92D17D,sd_sddot_bid_tabs_2021_09_15,sd_sddot_2021_09_15,20210915_detail.html,https://apps.sd.gov/HC65C2C/EBS/lettings/09152021abstract.pdf,09152021abstract.pdf,7dba7a4eda36523a6db2cf41176fba1deaa5a887a88580361434711f23f13311,https://apps.sd.gov/HC65C2C/EBS/lettings/09152021final.pdf,09152021final.pdf,de8c22742a78d179f63b5a82f471a0abef800115232abc0bbd9a306a3e6869d0,parsed,
2021-10-06,"October 6, 2021",https://apps.sd.gov/hc65bidletting/bidlettingscompletedetail.aspx?args=0F03BFE651C4DAE8961E4CBB689A941EF00F9705DB7DC29C,sd_sddot_bid_tabs_2021_10_06,sd_sddot_2021_10_06,20211006_detail.html,https://apps.sd.gov/HC65C2C/EBS/lettings/10062021abstract.pdf,10062021abstract.pdf,0aa89e31014f3a18af7b07adb760ca3df58c5359ce8d73bdbfe29a9d9033ae2d,https://apps.sd.gov/HC65C2C/EBS/lettings/10062021final.pdf,10062021final.pdf,8d8a7e1e9319ad55d82f8d08426bc0f8a198bbb54639c0fb7053c457bf52b68a,parsed,
2021-10-20,"October 20, 2021",https://apps.sd.gov/hc65bidletting/bidlettingscompletedetail.aspx?args=0F03BFE651C4DAE8D2DE3B52285FC38D47ECC77AD1957350,sd_sddot_bid_tabs_2021_10_20,sd_sddot_2021_10_20,20211020_detail.html,https://apps.sd.gov/HC65C2C/EBS/lettings/10202021abstract.pdf,10202021abstract.pdf,13a43edfb0152ebed33b401c69a5629013ee06378dd295f1b6bd1d9407f916ba,https://apps.sd.gov/HC65C2C/EBS/lettings/10202021final.pdf,10202021final.pdf,bf0873a9fed2fb0c9cb3bd6c74cdc68cc70673bd3fb45f775684d26785d6803a,parsed,
2021-11-03,"November 3, 2021",https://apps.sd.gov/hc65bidletting/bidlettingscompletedetail.aspx?args=0F03BFE651C4DAE8AD16518AB906B0D47F7B91179594B2FB,sd_sddot_bid_tabs_2021_11_03,sd_sddot_2021_11_03,20211103_detail.html,https://apps.sd.gov/HC65C2C/EBS/lettings/11032021abstract.pdf,11032021abstract.pdf,51ddf6e279a4775b68ec6325f1e3289d392c20ddc7ee9fc77502216c79327d14,https://apps.sd.gov/HC65C2C/EBS/lettings/11032021final.pdf,11032021final.pdf,8b8a4a69c62ffbca0a0fce9b0bf5237622eec7f5936cee9152fed32c6def9911,parsed,
2021-11-17,"November 17, 2021",https://apps.sd.gov/hc65bidletting/bidlettingscompletedetail.aspx?args=0F03BFE651C4DAE8A13019D5AAD162A73D2FB8412097ED79,sd_sddot_bid_tabs_2021_11_17,sd_sddot_2021_11_17,20211117_detail.html,https://apps.sd.gov/HC65C2C/EBS/lettings/11172021abstract.pdf,11172021abstract.pdf,7d4e68bcad19ba738382be3022e7121e7aba1bba35ddfbb231b8d5601889985a,https://apps.sd.gov/HC65C2C/EBS/lettings/11172021final.pdf,11172021final.pdf,3390debf6809377f514ed793f41a2615fbd8606e987b2774cf734ddf08fe91b8,parsed,
2021-12-01,"December 1, 2021",https://apps.sd.gov/hc65bidletting/bidlettingscompletedetail.aspx?args=0F03BFE651C4DAE8317FE4C9B04BA47A12910E0E49C04D6E,sd_sddot_bid_tabs_2021_12_01,sd_sddot_2021_12_01,20211201_detail.html,https://apps.sd.gov/HC65C2C/EBS/lettings/12012021abstract.pdf,12012021abstract.pdf,98eb862671245d71f3ea16a4c77e0aac3372207981233aca163db21a824fc8d8,https://apps.sd.gov/HC65C2C/EBS/lettings/12012021final.pdf,12012021final.pdf,315f8c980534166afe52165cb1f50f38ee5ff4a8aeb7c330ab9d2f4d04f9c599,parsed,
2021-12-15,"December 15, 2021",https://apps.sd.gov/hc65bidletting/bidlettingscompletedetail.aspx?args=0F03BFE651C4DAE8EB8F7CC85EEAE312959C0C694CBF0661,sd_sddot_bid_tabs_2021_12_15,sd_sddot_2021_12_15,20211215_detail.html,https://apps.sd.gov/HC65C2C/EBS/lettings/12152021abstract.pdf,12152021abstract.pdf,08cc56ef7ec5038874b4232aab84f266b1e2b2f6e64e7608e3b4afc9f1dae712,https://apps.sd.gov/HC65C2C/EBS/lettings/12152021final.pdf,12152021final.pdf,eaeb20a4d3052b6bb8cf7f29d5db35de6a9cd2450b341a86fb647387dfce3706,parsed,
2022-01-19,"January 19, 2022",https://apps.sd.gov/hc65bidletting/bidlettingscompletedetail.aspx?args=0F03BFE651C4DAE8F2596B20FDC1869DEBD19583F4C4D037,sd_sddot_bid_tabs_2022_01_19,sd_sddot_2022_01_19,20220119_detail.html,https://apps.sd.gov/HC65C2C/EBS/lettings/01192022abstract.pdf,01192022abstract.pdf,244b1995946d9208ec07a62cee88817e0c1346c84a65fcf7d934f26353556007,https://apps.sd.gov/HC65C2C/EBS/lettings/01192022final.pdf,01192022final.pdf,b8b280a0ed2cdbde0eb96c04c31910b4c5e831c7d456ef71595974ed8ffb41fa,parsed,
2022-02-02,"February 2, 2022",https://apps.sd.gov/hc65bidletting/bidlettingscompletedetail.aspx?args=0F03BFE651C4DAE82BDC133F1977F843436FAF92178F0843,sd_sddot_bid_tabs_2022_02_02,sd_sddot_2022_02_02,20220202_detail.html,https://apps.sd.gov/HC65C2C/EBS/lettings/02022022abstract.pdf,02022022abstract.pdf,441c55c3de29dffc219d2f605f96aa24774baf7bc369019df7f9df8a18f4afb1,https://apps.sd.gov/HC65C2C/EBS/lettings/02022022final.pdf,02022022final.pdf,55f1164e63bb09a92418429e64336a74c0950802b70f3607e793658cbcf74fbb,parsed,
2022-02-16,"February 16, 2022",https://apps.sd.gov/hc65bidletting/bidlettingscompletedetail.aspx?args=0F03BFE651C4DAE899CF094595AA9D497965CE4145056D30,sd_sddot_bid_tabs_2022_02_16,sd_sddot_2022_02_16,20220216_detail.html,https://apps.sd.gov/HC65C2C/EBS/lettings/02162022abstract.pdf,02162022abstract.pdf,473ca6720e9c21047d93ee5ea41cd169b378b415d6ad9d13ff9aaccb8d218ce0,https://apps.sd.gov/HC65C2C/EBS/lettings/02162022final.pdf,02162022final.pdf,a628980621e56dca7db47f968bd2aa47c913e2adb40ad7321b2c652e0e89c83a,parsed,
2022-03-02,"March 2, 2022",https://apps.sd.gov/hc65bidletting/bidlettingscompletedetail.aspx?args=0F03BFE651C4DAE89B4D9B5456B356C720C1F17AEA1F0648,sd_sddot_bid_tabs_2022_03_02,sd_sddot_2022_03_02,20220302_detail.html,https://apps.sd.gov/HC65C2C/EBS/lettings/03022022abstract.pdf,03022022abstract.pdf,e740dae344832aaa3759eac504f076674301df39bcac105778296a31849ea725,https://apps.sd.gov/HC65C2C/EBS/lettings/03022022final.pdf,03022022final.pdf,4c294227374eb3ee9f48bcb73a6804d156d36eded51d3cc4ec8eb221227c56a6,parsed,
2022-03-16,"March 16, 2022",https://apps.sd.gov/hc65bidletting/bidlettingscompletedetail.aspx?args=0F03BFE651C4DAE8A0D108495115500112A802AD5A03333A,sd_sddot_bid_tabs_2022_03_16,sd_sddot_2022_03_16,20220316_detail.html,https://apps.sd.gov/HC65C2C/EBS/lettings/03162022abstract.pdf,03162022abstract.pdf,fb16a0c268843cd5932fa4bbc248652a2827e06969097a6224c9d402262ba5ee,https://apps.sd.gov/HC65C2C/EBS/lettings/03162022final.pdf,03162022final.pdf,a8b6e78149a0241f976730ff70c2400d16da929e3ea04bfdbf551cd8a0d40961,parsed,
2022-04-06,"April 6, 2022",https://apps.sd.gov/hc65bidletting/bidlettingscompletedetail.aspx?args=0F03BFE651C4DAE84BDCB6C48FCB6E1711C0FF9CA572506F,sd_sddot_bid_tabs_2022_04_06,sd_sddot_2022_04_06,20220406_detail.html,https://apps.sd.gov/HC65C2C/EBS/lettings/04062022abstract.pdf,04062022abstract.pdf,66657cc76e0dd06dd7e95180c821345f57df5694f73ebd8f475b93d4eb5c85c9,https://apps.sd.gov/HC65C2C/EBS/lettings/04062022final.pdf,04062022final.pdf,99eb283bfffc9e26f3d9e00617bc685e2e13474054eb9cb6681133e9b20e6af4,parsed,
2022-04-20,"April 20, 2022",https://apps.sd.gov/hc65bidletting/bidlettingscompletedetail.aspx?args=0F03BFE651C4DAE8817771AB2A30195DA93A1FB6EAD129D6,sd_sddot_bid_tabs_2022_04_20,sd_sddot_2022_04_20,20220420_detail.html,https://apps.sd.gov/HC65C2C/EBS/lettings/04202022abstract.pdf,04202022abstract.pdf,07a671a9fc803abd34896cd209f374ca7305d9ba43517a551f17c51c37304efe,https://apps.sd.gov/HC65C2C/EBS/lettings/04202022final.pdf,04202022final.pdf,ffae4d0f0f4700dc9cee3c0d05bddb2a7444394e0d029f0c81194367b5360752,parsed,
2022-05-04,"May 4, 2022",https://apps.sd.gov/hc65bidletting/bidlettingscompletedetail.aspx?args=0F03BFE651C4DAE8429D51CFEE9B5E50D94BAAE1A9EEA110,sd_sddot_bid_tabs_2022_05_04,sd_sddot_2022_05_04,20220504_detail.html,https://apps.sd.gov/HC65C2C/EBS/lettings/05042022abstract.pdf,05042022abstract.pdf,192b7524ae51699dce7c3392930244fcf477bee9c1082b9a8ea9576b22cd543d,https://apps.sd.gov/HC65C2C/EBS/lettings/05042022final.pdf,05042022final.pdf,bd18fc36d0cba93198c8c8a538062a70be5b0981116f747dd174b164b4b00f88,parsed,
2022-05-11,"May 11, 2022",https://apps.sd.gov/hc65bidletting/bidlettingscompletedetail.aspx?args=0F03BFE651C4DAE8CB0976E22A2BB61C5F48F2FD88F06DA3,sd_sddot_bid_tabs_2022_05_11,sd_sddot_2022_05_11,20220511_detail.html,https://apps.sd.gov/HC65C2C/EBS/lettings/05112022abstract.pdf,05112022abstract.pdf,3c35dd4c879cbafe575e47b987eb09496e76d87271e06e720023c483460ea95a,https://apps.sd.gov/HC65C2C/EBS/lettings/05112022final.pdf,05112022final.pdf,f4a4e1df7d8a0b005b1258d95a36b0980759ea60d4190873f221c02ee41e423b,parsed,
2022-05-18,"May 18, 2022",https://apps.sd.gov/hc65bidletting/bidlettingscompletedetail.aspx?args=0F03BFE651C4DAE823686BE873E1EF9AEC8BE9C449BEE64C,sd_sddot_bid_tabs_2022_05_18,sd_sddot_2022_05_18,20220518_detail.html,https://apps.sd.gov/HC65C2C/EBS/lettings/05182022abstract.pdf,05182022abstract.pdf,4b5476fd0c1ea66aef333bbdaa2cdacd3bd3dd9bdd0fcae0d8d09deda91fe546,https://apps.sd.gov/HC65C2C/EBS/lettings/05182022final.pdf,05182022final.pdf,b8aa73f4497af6b0749faf06c38a44ab6ed15180bfdce7448c06cd39cfbd2c08,parsed,
2022-06-01,"June 1, 2022",https://apps.sd.gov/hc65bidletting/bidlettingscompletedetail.aspx?args=0F03BFE651C4DAE8A8EB4D919C2C682C6383BCC4068CEA7D,sd_sddot_bid_tabs_2022_06_01,sd_sddot_2022_06_01,20220601_detail.html,https://apps.sd.gov/HC65C2C/EBS/lettings/06012022abstract.pdf,06012022abstract.pdf,b2727c896f2423cd427c140cd6b1e30c7b6feca94cdaf371fc37e35a418ff7c1,https://apps.sd.gov/HC65C2C/EBS/lettings/06012022final.pdf,06012022final.pdf,9c8663c046e49220fbe229ff841ee2299a8bcb65b09fb720aba323c214b7e1f8,parsed,
2022-06-15,"June 15, 2022",https://apps.sd.gov/hc65bidletting/bidlettingscompletedetail.aspx?args=0F03BFE651C4DAE8FA3C640224EA41754BFB22F65823F05A,sd_sddot_bid_tabs_2022_06_15,sd_sddot_2022_06_15,20220615_detail.html,https://apps.sd.gov/HC65C2C/EBS/lettings/06152022abstract.pdf,06152022abstract.pdf,7769546fac0eda728900cdb6e6d7b54cd29270ef06699c8df25d4b0bf44c9da1,https://apps.sd.gov/HC65C2C/EBS/lettings/06152022final.pdf,06152022final.pdf,1903d385b3688dc546471b5056e61f17bce975c63bbdc3bdfd94865e9ea30bf1,parsed,
2022-07-20,"July 20, 2022",https://apps.sd.gov/hc65bidletting/bidlettingscompletedetail.aspx?args=0F03BFE651C4DAE8A352ECA2335D8A3440EFA5893E16F18E,sd_sddot_bid_tabs_2022_07_20,sd_sddot_2022_07_20,20220720_detail.html,https://apps.sd.gov/HC65C2C/EBS/lettings/07202022abstract.pdf,07202022abstract.pdf,cc9dba4e2b64544d9749bb47c13c8060be2085e2c0fc4c804e4a3622c95f40b5,https://apps.sd.gov/HC65C2C/EBS/lettings/07202022final.pdf,07202022final.pdf,ce41c67bee5353568c7fd9ffdb781a234cdf703bc81a548ab48f86c67cb94b7c,parsed,
2022-08-17,"August 17, 2022",https://apps.sd.gov/hc65bidletting/bidlettingscompletedetail.aspx?args=0F03BFE651C4DAE81CCB8CD9985B1523DFDD6D15A29ADF16,sd_sddot_bid_tabs_2022_08_17,sd_sddot_2022_08_17,20220817_detail.html,https://apps.sd.gov/HC65C2C/EBS/lettings/08172022abstract.pdf,08172022abstract.pdf,88aa4ac563a8b9b7a5bf6aa885638b089f8ab49b0baeb0d7676f53d81b1a5822,https://apps.sd.gov/HC65C2C/EBS/lettings/08172022final.pdf,08172022final.pdf,25780367fa32995883e7b2c2d775a9df95c19dd54609fe7c52e06163ba4b9463,parsed,
2022-09-07,"September 7, 2022",https://apps.sd.gov/hc65bidletting/bidlettingscompletedetail.aspx?args=0F03BFE651C4DAE8622E2325C020BF52BE4FBA9B694E09B8,sd_sddot_bid_tabs_2022_09_07,sd_sddot_2022_09_07,20220907_detail.html,https://apps.sd.gov/HC65C2C/EBS/lettings/09072022abstract.pdf,09072022abstract.pdf,9eb1704c3f64958ebe603fef28d7cc3ba13b8f051c79b110aa3491a32a3a10f4,https://apps.sd.gov/HC65C2C/EBS/lettings/09072022final.pdf,09072022final.pdf,94c279cc08ef475b2add71f172858ad607d54006f6e4ba6de99a135d967f57d2,parsed,
2022-09-21,"September 21, 2022",https://apps.sd.gov/hc65bidletting/bidlettingscompletedetail.aspx?args=0F03BFE651C4DAE83E7A42F577D4EDAA90D57970EB446471,sd_sddot_bid_tabs_2022_09_21,sd_sddot_2022_09_21,20220921_detail.html,https://apps.sd.gov/HC65C2C/EBS/lettings/09212022abstract.pdf,09212022abstract.pdf,01f03229844419ac3ffdca60e9e3db7b37499bba7ef7648b735001ad10e34cda,https://apps.sd.gov/HC65C2C/EBS/lettings/09212022final.pdf,09212022final.pdf,ea9ff286186d3f256d80f9d10d1167df365c318804a8cb8b49d3085f92a80d5a,parsed,
2022-10-05,"October 5, 2022",https://apps.sd.gov/hc65bidletting/bidlettingscompletedetail.aspx?args=0F03BFE651C4DAE82A9987C89562C5724D75CD7E3DE8DBAE,sd_sddot_bid_tabs_2022_10_05,sd_sddot_2022_10_05,20221005_detail.html,https://apps.sd.gov/HC65C2C/EBS/lettings/10052022abstract.pdf,10052022abstract.pdf,83b34526e0689ff51f78b5543b1df21009b920b9a37fb6235742875ef2154fb8,https://apps.sd.gov/HC65C2C/EBS/lettings/10052022final.pdf,10052022final.pdf,18889b35a483f8fa85f15075c7d0117fdecaeb70f1930e8b3eb99c1d236c99c0,parsed,
2022-10-19,"October 19, 2022",https://apps.sd.gov/hc65bidletting/bidlettingscompletedetail.aspx?args=0F03BFE651C4DAE88803DA4682EC57CF4F9C247CDB990C91,sd_sddot_bid_tabs_2022_10_19,sd_sddot_2022_10_19,20221019_detail.html,https://apps.sd.gov/HC65C2C/EBS/lettings/10192022abstract.pdf,10192022abstract.pdf,c484abf4285d93fe5d5c63369f14a714ebf048ba8429c6464dc8bced27d3b5fa,https://apps.sd.gov/HC65C2C/EBS/lettings/10192022final.pdf,10192022final.pdf,43716ade8562f3e5f8ecacc680a73b4e2867eb1ba43c2ca1702feb1cc5a85ce9,parsed,
2022-10-21,"October 21, 2022",https://apps.sd.gov/hc65bidletting/bidlettingscompletedetail.aspx?args=0F03BFE651C4DAE804F709576BCBEC9B483BE89612E05B6C,sd_sddot_bid_tabs_2022_10_21,sd_sddot_2022_10_21,20221021_detail.html,https://apps.sd.gov/HC65C2C/EBS/lettings/10212022abstract.pdf,10212022abstract.pdf,9a057466d5811dfe00e2c0d42720bc89ad27ba1c3a65dfa4ec5a08bc7d90e21b,https://apps.sd.gov/HC65C2C/EBS/lettings/10212022final.pdf,10212022final.pdf,04d021103263fd3cf3989690f2e3fab8fd6317d784037b1714de63f0c11908c8,parsed,
2022-11-02,"November 2, 2022",https://apps.sd.gov/hc65bidletting/bidlettingscompletedetail.aspx?args=0F03BFE651C4DAE89A4DB8EDF8826BDC7BD4E9A0DBB94C70,sd_sddot_bid_tabs_2022_11_02,sd_sddot_2022_11_02,20221102_detail.html,https://apps.sd.gov/HC65C2C/EBS/lettings/11022022abstract.pdf,11022022abstract.pdf,fc90b215e06403b8e96a2c34a8fba160213b90425a8a7902dc465587cf7422bb,https://apps.sd.gov/HC65C2C/EBS/lettings/11022022final.pdf,11022022final.pdf,aea6fa278e9cb029ca4615de5a8cfc3eb1f69e22687123805c478a336abadc4e,parsed,
2022-11-16,"November 16, 2022",https://apps.sd.gov/hc65bidletting/bidlettingscompletedetail.aspx?args=0F03BFE651C4DAE8089946D52DFEA259642B3E32889D8138,sd_sddot_bid_tabs_2022_11_16,sd_sddot_2022_11_16,20221116_detail.html,https://apps.sd.gov/HC65C2C/EBS/lettings/11162022abstract.pdf,11162022abstract.pdf,28063b2eb1307bd8f64c77ba85a82face5a5bb28426f7c6c76edccf26373ca89,https://apps.sd.gov/HC65C2C/EBS/lettings/11162022final.pdf,11162022final.pdf,7106fcf9270a2ef74d2c7f0c15013196204ff29f0b809a8b82c941629ffd2c14,parsed,
2022-12-07,"December 7, 2022",https://apps.sd.gov/hc65bidletting/bidlettingscompletedetail.aspx?args=0F03BFE651C4DAE86CEF85B5DDBEE65F87CF41F52330ED24,sd_sddot_bid_tabs_2022_12_07,sd_sddot_2022_12_07,20221207_detail.html,https://apps.sd.gov/HC65C2C/EBS/lettings/12072022abstract.pdf,12072022abstract.pdf,afff7c6c72baab6a08c831e5093b8d286935d2e68f00dd80ae3480e5a59bd5f8,https://apps.sd.gov/HC65C2C/EBS/lettings/12072022final.pdf,12072022final.pdf,fa0d0ce4aff40dbcbc722ba4287619ea5a721e663f98fb5c8bd121c5eebbb596,parsed,
2022-12-14,"December 14, 2022",https://apps.sd.gov/hc65bidletting/bidlettingscompletedetail.aspx?args=0F03BFE651C4DAE86E968CCF70B2CD99C16FAE6BDAE6CA15,sd_sddot_bid_tabs_2022_12_14,sd_sddot_2022_12_14,20221214_detail.html,https://apps.sd.gov/HC65C2C/EBS/lettings/12142022abstract.pdf,12142022abstract.pdf,05c531e7d1c0247d16c3fd2d966fe4364779fc8c0b71d546b6d6dd0a04bc0d93,https://apps.sd.gov/HC65C2C/EBS/lettings/12142022final.pdf,12142022final.pdf,c25715266479c3b795c659dc16bb423b6ea45afcdbfb76007563f85475c6280c,parsed,
2023-01-11,"January 11, 2023",https://apps.sd.gov/hc65bidletting/bidlettingscompletedetail.aspx?args=0F03BFE651C4DAE8F4B7C852DDAAD739F71F7CF129F8B25C,sd_sddot_bid_tabs_2023_01_11,sd_sddot_2023_01_11,20230111_detail.html,https://apps.sd.gov/HC65C2C/EBS/lettings/01112023abstract.pdf,01112023abstract.pdf,e839fe49c93370909788ad9e6230e51cd48871977ace189dd79bceb010dd75d9,https://apps.sd.gov/HC65C2C/EBS/lettings/01112023final.pdf,01112023final.pdf,fefa2e1fe944fd8c88963508e3eba19abe7adff23531fadfdf0dbfbeb777ceb6,parsed,
2023-02-01,"Februray 1, 2023",https://apps.sd.gov/hc65bidletting/bidlettingscompletedetail.aspx?args=0F03BFE651C4DAE87841DC7002E0B6A63EEE14574CEA53CF,sd_sddot_bid_tabs_2023_02_01,sd_sddot_2023_02_01,20230201_detail.html,https://apps.sd.gov/HC65C2C/EBS/lettings/02012023abstract.pdf,02012023abstract.pdf,e13ceb85ee42da8fda0215d8884f47eb4dcf3c1abb51aaa06191e5db8de1a3b2,https://apps.sd.gov/HC65C2C/EBS/lettings/02012023final.pdf,02012023final.pdf,b2cd99b2c9b3f9e13aa569ef653479556dae48910decaac700b638801f645bcc,parsed,
2023-02-15,"February, 15 2023",https://apps.sd.gov/hc65bidletting/bidlettingscompletedetail.aspx?args=0F03BFE651C4DAE87AACA2CEA591E1FC06C6AE3BABF30E26,sd_sddot_bid_tabs_2023_02_15,sd_sddot_2023_02_15,20230215_detail.html,https://apps.sd.gov/HC65C2C/EBS/lettings/02152023abstract.pdf,02152023abstract.pdf,4fc748238d24df91f57a07fabab2e3932beaa47af213804a97894d9fe7c2933d,https://apps.sd.gov/HC65C2C/EBS/lettings/02152023final.pdf,02152023final.pdf,9580f67c660d4347500e95a6fa2820a023ee5dfbb2d689b8a1bdf57c397cfdba,parsed,
2023-03-01,"March 1, 2023",https://apps.sd.gov/hc65bidletting/bidlettingscompletedetail.aspx?args=0F03BFE651C4DAE8B0C0063F8BF776A0B60B4AC0FF1C70CB,sd_sddot_bid_tabs_2023_03_01,sd_sddot_2023_03_01,20230301_detail.html,https://apps.sd.gov/HC65C2C/EBS/lettings/03012023abstract.pdf,03012023abstract.pdf,d283706a95d521ba9e13ae62b8fd36bd617d3f3376958380c6af7ac3fe8693a3,https://apps.sd.gov/HC65C2C/EBS/lettings/03012023final.pdf,03012023final.pdf,0256623073519a64b0fcf7c82329f4eb63c13d76fdb84e4570d7ad9284ad2e05,parsed,
2023-03-22,"March 22, 2023",https://apps.sd.gov/hc65bidletting/bidlettingscompletedetail.aspx?args=0F03BFE651C4DAE873699198AFC757B383CE09F55D6600DC,sd_sddot_bid_tabs_2023_03_22,sd_sddot_2023_03_22,20230322_detail.html,https://apps.sd.gov/HC65C2C/EBS/lettings/03222023abstract.pdf,03222023abstract.pdf,da70b114d9b56dbc059604aa515f4d01892704f398d889c4002de5d380173b0e,https://apps.sd.gov/HC65C2C/EBS/lettings/03222023final.pdf,03222023final.pdf,cf28f070c29edd0da0df769043fb2faf284fd45db9e0cfebf3c30afad7938fca,parsed,
2023-04-05,"April 5, 2023",https://apps.sd.gov/hc65bidletting/bidlettingscompletedetail.aspx?args=0F03BFE651C4DAE8FA987CD6C0B358BB08A938119E567957,sd_sddot_bid_tabs_2023_04_05,sd_sddot_2023_04_05,20230405_detail.html,https://apps.sd.gov/HC65C2C/EBS/lettings/04052023abstract.pdf,04052023abstract.pdf,550a70a56dec3224cf8a029a9299cd80b625761c2eb66e66eec5d67b7f8c0329,https://apps.sd.gov/HC65C2C/EBS/lettings/04052023final.pdf,04052023final.pdf,c2f9f50f03d143dc6596d9a42fe027bd4e2963edba4bed0cdb903e2945da71d0,parsed,
2023-04-19,"April 19, 2023",https://apps.sd.gov/hc65bidletting/bidlettingscompletedetail.aspx?args=0F03BFE651C4DAE8EA21EDE436C3ADAEA4495537D881DC81,sd_sddot_bid_tabs_2023_04_19,sd_sddot_2023_04_19,20230419_detail.html,https://apps.sd.gov/HC65C2C/EBS/lettings/04192023abstract.pdf,04192023abstract.pdf,11a44c1ac2ee801f3d7e86a373b063522e1b17574f9d53bb120775cf5e4d92ff,https://apps.sd.gov/HC65C2C/EBS/lettings/04192023final.pdf,04192023final.pdf,a2bbaec0814c4087af84ab5ccfaee0778d33e1b58f310541b66563ac3f8f3b22,parsed,
2023-05-03,"May 3, 2023",https://apps.sd.gov/hc65bidletting/bidlettingscompletedetail.aspx?args=0F03BFE651C4DAE818649DD82AF8C1A45DB0814022EEFA61,sd_sddot_bid_tabs_2023_05_03,sd_sddot_2023_05_03,20230503_detail.html,https://apps.sd.gov/HC65C2C/EBS/lettings/05032023abstract.pdf,05032023abstract.pdf,40ddd2c33d18918f97e28597b8e91ca538f7c586bd7b8c4bcbc1a278964c9fbf,https://apps.sd.gov/HC65C2C/EBS/lettings/05032023final.pdf,05032023final.pdf,5fcce6c333be7d8faba62cb9f731dc7d872c1f10dbbd037d29db37324bbb1fa8,parsed,
2023-05-17,"May 17, 2023",https://apps.sd.gov/hc65bidletting/bidlettingscompletedetail.aspx?args=0F03BFE651C4DAE8C2F59A63F1D4E65BE0CAADDC23D11069,sd_sddot_bid_tabs_2023_05_17,sd_sddot_2023_05_17,20230517_detail.html,https://apps.sd.gov/HC65C2C/EBS/lettings/05172023abstract.pdf,05172023abstract.pdf,d541536e7e135e17a7ad9d478840f6b2e6b378b3aa7268412e747e34daeac1c3,https://apps.sd.gov/HC65C2C/EBS/lettings/05172023final.pdf,05172023final.pdf,24bf1c19d825b1a863120aceb4a9648be961ded42c622f38312c6e27293ee326,parsed,
2023-06-07,"June 7, 2023",https://apps.sd.gov/hc65bidletting/bidlettingscompletedetail.aspx?args=0F03BFE651C4DAE8CB63ABB23E8A9E86DA843CCF406F4264,sd_sddot_bid_tabs_2023_06_07,sd_sddot_2023_06_07,20230607_detail.html,https://apps.sd.gov/HC65C2C/EBS/lettings/06072023abstract.pdf,06072023abstract.pdf,deee4499c783ed0d0ada2108266fceb967ac785f1b51bda860d4d1eff252ceb4,https://apps.sd.gov/HC65C2C/EBS/lettings/06072023final.pdf,06072023final.pdf,dbc70af282bcbe112280f0630a0f3f7cf00bb42ed8b89c2b52a45eed828d3067,parsed,
2023-06-21,"June 21, 2023",https://apps.sd.gov/hc65bidletting/bidlettingscompletedetail.aspx?args=0F03BFE651C4DAE8E063FDE0FBA0997101466047CD706743,sd_sddot_bid_tabs_2023_06_21,sd_sddot_2023_06_21,20230621_detail.html,https://apps.sd.gov/HC65C2C/EBS/lettings/06212023abstract.pdf,06212023abstract.pdf,bba81637f9d3870821f1eee085dcf13483349805613c32e9f818dd0e7fd2180f,https://apps.sd.gov/HC65C2C/EBS/lettings/06212023final.pdf,06212023final.pdf,ad41646027c8c2b1eca3b7fb8fa25815764313526ccedae630fc860400ba615e,parsed,
2023-07-19,"July 19, 2023",https://apps.sd.gov/hc65bidletting/bidlettingscompletedetail.aspx?args=0F03BFE651C4DAE88FA1A90024F630577F31568D9D23D3DA,sd_sddot_bid_tabs_2023_07_19,sd_sddot_2023_07_19,20230719_detail.html,https://apps.sd.gov/HC65C2C/EBS/lettings/07192023abstract.pdf,07192023abstract.pdf,4c8e57132aa733b382c262840c8579a45bc598de68c3214d0c51c932f2b43c0b,https://apps.sd.gov/HC65C2C/EBS/lettings/07192023final.pdf,07192023final.pdf,36e344beb1c7f3e742fd4f81b999cb13b9ab9679adf4b2aa3e97747d8d256301,parsed,
2023-08-10,"August 10, 2023",https://apps.sd.gov/hc65bidletting/bidlettingscompletedetail.aspx?args=0F03BFE651C4DAE89616C6B8D4843255762787A7EE6FEA4C,sd_sddot_bid_tabs_2023_08_10,sd_sddot_2023_08_10,20230810_detail.html,https://apps.sd.gov/HC65C2C/EBS/lettings/08102023abstract.pdf,08102023abstract.pdf,87d386ebf16ba295093f823c91a12509a9dd9c6eba2c3893243603a27757a8c8,https://apps.sd.gov/HC65C2C/EBS/lettings/08102023final.pdf,08102023final.pdf,07bd0d012394586c0aef9ca560266eba22e7b90d61cf6a6d7e4f86072a994e0e,parsed,
2023-08-16,"August 16, 2023",https://apps.sd.gov/hc65bidletting/bidlettingscompletedetail.aspx?args=0F03BFE651C4DAE8D0BEF9BB060DC97F699B07F2F7793A68,sd_sddot_bid_tabs_2023_08_16,sd_sddot_2023_08_16,20230816_detail.html,https://apps.sd.gov/HC65C2C/EBS/lettings/08162023abstract.pdf,08162023abstract.pdf,e604eec29b874d99afee108a7e7a63f34ce03c20983cf0ec40dc0a7a4eb09202,https://apps.sd.gov/HC65C2C/EBS/lettings/08162023final.pdf,08162023final.pdf,0643b3cbeb2389c0a83c0918f921ae85859609db7838b0591e1853795b805ac4,parsed,
2023-09-06,"September 6, 2023",https://apps.sd.gov/hc65bidletting/bidlettingscompletedetail.aspx?args=0F03BFE651C4DAE8306D549BF86B9052F7C6C87AED6F2FFD,sd_sddot_bid_tabs_2023_09_06,sd_sddot_2023_09_06,20230906_detail.html,https://apps.sd.gov/HC65C2C/EBS/lettings/09062023abstract.pdf,09062023abstract.pdf,1f26ce7aec1d60160dc848c1bc152e6ab100194c353cb17375ee45bd4927b2f1,https://apps.sd.gov/HC65C2C/EBS/lettings/09062023final.pdf,09062023final.pdf,5db9f0731da77bb93f23c9b4398e9c456d11b17cce9989957058b9817311381c,parsed,
2023-09-20,"September 20, 2023",https://apps.sd.gov/hc65bidletting/bidlettingscompletedetail.aspx?args=0F03BFE651C4DAE8E1965D30C4A409DD6A16B274DAA977CD,sd_sddot_bid_tabs_2023_09_20,sd_sddot_2023_09_20,20230920_detail.html,https://apps.sd.gov/HC65C2C/EBS/lettings/09202023abstract.pdf,09202023abstract.pdf,4f342f4b441afab48e38396895346344af71ef6d960fe4f6b0519be0b438aeb2,https://apps.sd.gov/HC65C2C/EBS/lettings/09202023final.pdf,09202023final.pdf,c0dcb02964538c5e0158aa805ef556ca46c026529014b62087fc19d2a8275de2,parsed,
2023-10-04,"October 4, 2023",https://apps.sd.gov/hc65bidletting/bidlettingscompletedetail.aspx?args=0F03BFE651C4DAE864E86CDA902E0607F1ECD338E418E2D0,sd_sddot_bid_tabs_2023_10_04,sd_sddot_2023_10_04,20231004_detail.html,https://apps.sd.gov/HC65C2C/EBS/lettings/10042023abstract.pdf,10042023abstract.pdf,b15fac0cc7e357a51e3723fb38d1c8f99169f296aa211e0c74d72665cb1cae7e,https://apps.sd.gov/HC65C2C/EBS/lettings/10042023final.pdf,10042023final.pdf,212861074aa5f9c8018bc0134874ce72c62858cdffc031e55f1ea1cccec4b240,parsed,
2023-10-18,"October 18, 2023",https://apps.sd.gov/hc65bidletting/bidlettingscompletedetail.aspx?args=0F03BFE651C4DAE8ED78028D52BA2D29B71A8219A5B27959,sd_sddot_bid_tabs_2023_10_18,sd_sddot_2023_10_18,20231018_detail.html,https://apps.sd.gov/HC65C2C/EBS/lettings/10182023abstract.pdf,10182023abstract.pdf,5f75d5a877cb72c9c569965378349b07d82ee196740bcf5e5c8a73130f6dca4d,https://apps.sd.gov/HC65C2C/EBS/lettings/10182023final.pdf,10182023final.pdf,2656d1a446b417046eb9139264120d41ce388f50372ef927283d5f375a9d361d,parsed,
2023-11-01,"November 1, 2023",https://apps.sd.gov/hc65bidletting/bidlettingscompletedetail.aspx?args=0F03BFE651C4DAE8907DF064CB9B6B8FFA78156E3CFC1419,sd_sddot_bid_tabs_2023_11_01,sd_sddot_2023_11_01,20231101_detail.html,https://apps.sd.gov/HC65C2C/EBS/lettings/11012023abstract.pdf,11012023abstract.pdf,725889b45dded3dd00b2bbdbf4c1d1b75e42e79a69b46f15c53bbe605538c5a2,https://apps.sd.gov/HC65C2C/EBS/lettings/11012023final.pdf,11012023final.pdf,1b1d49469059bc30a3adcf763b8ed4f6c6e3cc57d5e66a3409af83708ffdc4be,parsed,
2023-11-08,"November 8, 2023",https://apps.sd.gov/hc65bidletting/bidlettingscompletedetail.aspx?args=0F03BFE651C4DAE8B5DD65A164AE44D09EF6F3DBD27CDAC6,sd_sddot_bid_tabs_2023_11_08,sd_sddot_2023_11_08,20231108_detail.html,https://apps.sd.gov/HC65C2C/EBS/lettings/11082023abstract.pdf,11082023abstract.pdf,c810b7a2920f0f6aec603e0ee722e659efc71a0f5675b097f11bccea5b5f3b4b,https://apps.sd.gov/HC65C2C/EBS/lettings/11082023final.pdf,11082023final.pdf,cb76ecae3a1c0029f10f380937c36155190f20332b7ab87a3cf6079406ae8f26,parsed,
2023-11-15,"November 15, 2023",https://apps.sd.gov/hc65bidletting/bidlettingscompletedetail.aspx?args=0F03BFE651C4DAE80D05EABBA9584B00B528CF4270A6361C,sd_sddot_bid_tabs_2023_11_15,sd_sddot_2023_11_15,20231115_detail.html,https://apps.sd.gov/HC65C2C/EBS/lettings/11152023abstract.pdf,11152023abstract.pdf,9dfa9224060ffa17d48ab6900ff03281788f6ed7e802902bbd3a5e684af13f7b,https://apps.sd.gov/HC65C2C/EBS/lettings/11152023final.pdf,11152023final.pdf,16e4766da6f6f79dcbb4a5468e2eb51b5f2e3803b7bd074284e9b227ccf12ce4,parsed,
2023-12-06,"December 6, 2023",https://apps.sd.gov/hc65bidletting/bidlettingscompletedetail.aspx?args=0F03BFE651C4DAE80CADCA59D1AC8D9C399BB1FD32E3677B,sd_sddot_bid_tabs_2023_12_06,sd_sddot_2023_12_06,20231206_detail.html,https://apps.sd.gov/HC65C2C/EBS/lettings/12062023abstract.pdf,12062023abstract.pdf,aacd7df81a541916e92f3240075eb3c2bf18356090dbfcbbe68dcee0c5535633,https://apps.sd.gov/HC65C2C/EBS/lettings/12062023final.pdf,12062023final.pdf,6c504c5cd246fffad1f370913d166cb05b616afbc1dd8ec38cd0dd4d263763d2,parsed,
2023-12-13,"December 13, 2023",https://apps.sd.gov/hc65bidletting/bidlettingscompletedetail.aspx?args=0F03BFE651C4DAE8BFD55A7C5397EB332ED29897EA67F5C1,sd_sddot_bid_tabs_2023_12_13,sd_sddot_2023_12_13,20231213_detail.html,https://apps.sd.gov/HC65C2C/EBS/lettings/12132023abstract.pdf,12132023abstract.pdf,e392d0f804cb721bc57f905dcb14ae1950a34d87d8a42458b7be76506e922716,https://apps.sd.gov/HC65C2C/EBS/lettings/12132023final.pdf,12132023final.pdf,cd7400c973a3912c45bfd39443840ffac6b0d94fa87b06ce29caead2b63bee18,parsed,
2024-01-17,"January 17, 2024",https://apps.sd.gov/hc65bidletting/bidlettingscompletedetail.aspx?args=0F03BFE651C4DAE895A5AF9A123F1997DCD325A7640C7509,sd_sddot_bid_tabs_2024_01_17,sd_sddot_2024_01_17,20240117_detail.html,https://apps.sd.gov/HC65C2C/EBS/lettings/01172024abstract.pdf,01172024abstract.pdf,50350db5276ffa3835aca5a84ace227c4c3ae69baf9f22100edfc7c861feb65c,https://apps.sd.gov/HC65C2C/EBS/lettings/01172024final.pdf,01172024final.pdf,7e9a50dea8a55e4b13ef19287cc55a92e69ff84765e942937dbd7bf2ed669959,parsed,
2024-02-07,"February 7, 2024",https://apps.sd.gov/hc65bidletting/bidlettingscompletedetail.aspx?args=0F03BFE651C4DAE8BF9367AA4E45ABE70D84373F808F76CA,sd_sddot_bid_tabs_2024_02_07,sd_sddot_2024_02_07,20240207_detail.html,https://apps.sd.gov/HC65C2C/EBS/lettings/02072024abstract.pdf,02072024abstract.pdf,c0d228d8dbfee46ebe963091bd642953196dc7ccf16ddf70068c4fe24bf684ab,https://apps.sd.gov/HC65C2C/EBS/lettings/02072024final.pdf,02072024final.pdf,6e81b09158e6e941a6ee7acb6d00e147f02f781dbf6637632ce8909d16caabfb,parsed,
2024-02-21,"February 21, 2024",https://apps.sd.gov/hc65bidletting/bidlettingscompletedetail.aspx?args=0F03BFE651C4DAE8DC58D6A3DB7E90DDD9FB98C50679DA1C,sd_sddot_bid_tabs_2024_02_21,sd_sddot_2024_02_21,20240221_detail.html,https://apps.sd.gov/HC65C2C/EBS/lettings/02212024abstract.pdf,02212024abstract.pdf,,https://apps.sd.gov/HC65C2C/EBS/lettings/02212024final.pdf,02212024final.pdf,,missing_cached_reports,Run with --download-missing-reports.
2024-02-27,"Februrary 27, 2024",https://apps.sd.gov/hc65bidletting/bidlettingscompletedetail.aspx?args=0F03BFE651C4DAE8BD672B735F125432D65DD5280E141469,sd_sddot_bid_tabs_2024_02_27,sd_sddot_2024_02_27,20240227_detail.html,https://apps.sd.gov/HC65C2C/EBS/lettings/02272024abstract.pdf,02272024abstract.pdf,d2a4d8365ab9ff8caa1c1e7cc76aefe9ddda72c60b82d6fd425c82cc3389e675,https://apps.sd.gov/HC65C2C/EBS/lettings/02272024final.pdf,02272024final.pdf,e7a7fa204d65ae675deada40738ae20136093fd4d17d4f84e6f30d6c0309b579,parsed,
2024-03-06,"March 6, 2024",https://apps.sd.gov/hc65bidletting/bidlettingscompletedetail.aspx?args=0F03BFE651C4DAE8ECACE042F1B38C5599FB90609FC77F5C,sd_sddot_bid_tabs_2024_03_06,sd_sddot_2024_03_06,20240306_detail.html,https://apps.sd.gov/HC65C2C/EBS/lettings/03062024abstract.pdf,03062024abstract.pdf,50a28c6565006d7b10b3bb5858115dd2bdc03b0d6909617dbcaccb280885cac7,https://apps.sd.gov/HC65C2C/EBS/lettings/03062024final.pdf,03062024final.pdf,90bddc842a1be5a661a97548ac1d37aec4323527838372fe7d24f7298904cf4f,parsed,
2024-03-20,"March 20, 2024",https://apps.sd.gov/hc65bidletting/bidlettingscompletedetail.aspx?args=0F03BFE651C4DAE8BE438D700CAC49038C9CA6C568C5D973,sd_sddot_bid_tabs_2024_03_20,sd_sddot_2024_03_20,20240320_detail.html,https://apps.sd.gov/HC65C2C/EBS/lettings/03202024abstract.pdf,03202024abstract.pdf,79d80b57a64bd9ff54599a2ca464b32687a9cc5a88e59afcdaaa6f40921cd824,https://apps.sd.gov/HC65C2C/EBS/lettings/03202024final.pdf,03202024final.pdf,2436e4e73e9ad725139abeb83fa08b46c100a1821c494cf7b370ad5325cb26ae,parsed,
2024-04-04,"April 4, 2024",https://apps.sd.gov/hc65bidletting/bidlettingscompletedetail.aspx?args=0F03BFE651C4DAE843174C9AEDBCDC2F7CF67AC3B8B85D9D,sd_sddot_bid_tabs_2024_04_04,sd_sddot_2024_04_04,20240404_detail.html,https://apps.sd.gov/HC65C2C/EBS/lettings/04042024abstract.pdf,04042024abstract.pdf,ff9a2c292f059023a96640d3d93d62b00b34b65b2f5f74576347c33418396df0,https://apps.sd.gov/HC65C2C/EBS/lettings/04042024final.pdf,04042024final.pdf,9532748dd5eae66348eae871fe8e7ab039bac1e74e1f124bd0cfc40ee97a6940,parsed,
2024-04-17,"April 17, 2024",https://apps.sd.gov/hc65bidletting/bidlettingscompletedetail.aspx?args=0F03BFE651C4DAE80464350FB6FECD61B9A70A1341C0A126,sd_sddot_bid_tabs_2024_04_17,sd_sddot_2024_04_17,20240417_detail.html,https://apps.sd.gov/HC65C2C/EBS/lettings/04172024abstract.pdf,04172024abstract.pdf,32591757dd78b26f5899e4029f143e5d4d4d2fa346ec961fa0ef2316db6f1681,https://apps.sd.gov/HC65C2C/EBS/lettings/04172024final.pdf,04172024final.pdf,4489537fa08551c265a85b4cbc436d809ad7f1362331948d00ddb7fa69918a3f,parsed,
2024-05-01,"May 1, 2024",https://apps.sd.gov/hc65bidletting/bidlettingscompletedetail.aspx?args=0F03BFE651C4DAE843DFF5D5C3633709CE853DF5EFB530BA,sd_sddot_bid_tabs_2024_05_01,sd_sddot_2024_05_01,20240501_detail.html,https://apps.sd.gov/HC65C2C/EBS/lettings/05012024abstract.pdf,05012024abstract.pdf,f12ab9d9cfd47ffd6e7fb06fa4ac6eba136994c6f393de4ce79a359a1504505d,https://apps.sd.gov/HC65C2C/EBS/lettings/05012024final.pdf,05012024final.pdf,05cccbec1d9ff1a53041e8b4e7d0843a54910bf7ee679ee976337cfdfb0640df,parsed,
2024-05-15,"May 15, 2024",https://apps.sd.gov/hc65bidletting/bidlettingscompletedetail.aspx?args=0F03BFE651C4DAE8CB4808806D4ECDB33B3CCF56BCA2EEC6,sd_sddot_bid_tabs_2024_05_15,sd_sddot_2024_05_15,20240515_detail.html,https://apps.sd.gov/HC65C2C/EBS/lettings/05152024abstract.pdf,05152024abstract.pdf,45cdc764a5bb66f288db52331fcef59109d0a33943bbac61c4e88df60c05bcdc,https://apps.sd.gov/HC65C2C/EBS/lettings/05152024final.pdf,05152024final.pdf,b571c756a82ab14d679169ef348d394651abf4f92ef325de379bc26f39794dfb,parsed,
2024-06-05,"June 5, 2024",https://apps.sd.gov/hc65bidletting/bidlettingscompletedetail.aspx?args=0F03BFE651C4DAE8DCB7C8FEBF712FBBA390846A58556BCA,sd_sddot_bid_tabs_2024_06_05,sd_sddot_2024_06_05,20240605_detail.html,https://apps.sd.gov/HC65C2C/EBS/lettings/06052024abstract.pdf,06052024abstract.pdf,e9f4801f9c06e306acef5887f52861b3c9a15b807b67ec93628a6eb5653e0564,https://apps.sd.gov/HC65C2C/EBS/lettings/06052024final.pdf,06052024final.pdf,fd8ab491abe3e5c893c94c88845f4392c143e6a9bf78b7a8e45250e1803230e8,parsed,
2024-06-26,"June 26, 2024",https://apps.sd.gov/hc65bidletting/bidlettingscompletedetail.aspx?args=0F03BFE651C4DAE8B309C6B46D92E559A4CCE6D8CC9C93B7,sd_sddot_bid_tabs_2024_06_26,sd_sddot_2024_06_26,20240626_detail.html,https://apps.sd.gov/HC65C2C/EBS/lettings/06262024abstract.pdf,06262024abstract.pdf,5ea874a8de8a073085b3047bf15a61bbc333c9a5ea5d996ce703f026df3df051,https://apps.sd.gov/HC65C2C/EBS/lettings/06262024final.pdf,06262024final.pdf,3c8146681aaf9998ce40a82713b6c740cdb78446b852f7445ddebc79db96d88f,parsed,
2024-07-17,"July 17, 2024",https://apps.sd.gov/hc65bidletting/bidlettingscompletedetail.aspx?args=0F03BFE651C4DAE8FE9ED31963413A2FC08EAE0FFBADC3FB,sd_sddot_bid_tabs_2024_07_17,sd_sddot_2024_07_17,20240717_detail.html,https://apps.sd.gov/HC65C2C/EBS/lettings/07172024abstract.pdf,07172024abstract.pdf,60c312d58d696c4ed6ceab2a92fea9e1e660beb3d9eac582c4ee31826527af94,https://apps.sd.gov/HC65C2C/EBS/lettings/07172024final.pdf,07172024final.pdf,d1010b4c30a5ef9bc1c810a9db1798410302ecc49c82d27b5e9ab65b36d53e9c,parsed,
2024-08-07,"August 7, 2024",https://apps.sd.gov/hc65bidletting/bidlettingscompletedetail.aspx?args=0F03BFE651C4DAE8A9F94760A5475B615D9FAABDC0F8F332,sd_sddot_bid_tabs_2024_08_07,sd_sddot_2024_08_07,20240807_detail.html,https://apps.sd.gov/HC65C2C/EBS/lettings/08072024abstract.pdf,08072024abstract.pdf,be4fa6d769d3aeee4db3d820a0721c0198baca763cd67bb05a886bb6986d2326,https://apps.sd.gov/HC65C2C/EBS/lettings/08072024final.pdf,08072024final.pdf,ea36afd0d13f668b94c5ccb55d82cc3c1cf5d7c83f619b88aadd62d7e10eb6e5,parsed,
2024-08-21,"August 21, 2024",https://apps.sd.gov/hc65bidletting/bidlettingscompletedetail.aspx?args=0F03BFE651C4DAE8E9E88E7EC312D8058FD0D96B129B7A0D,sd_sddot_bid_tabs_2024_08_21,sd_sddot_2024_08_21,20240821_detail.html,https://apps.sd.gov/HC65C2C/EBS/lettings/08212024abstract.pdf,08212024abstract.pdf,d7482a264cfad70528711a6dbbf34f78c4e99081f09c43cc771aa83ad7efd436,https://apps.sd.gov/HC65C2C/EBS/lettings/08212024final.pdf,08212024final.pdf,85c0de6d0a9ea4517c45d93573673d81b7eac986930dd379f02144ee83f7a85b,parsed,
2024-09-04,"September 4, 2024",https://apps.sd.gov/hc65bidletting/bidlettingscompletedetail.aspx?args=0F03BFE651C4DAE8C5A7CA3E1C4E4024DCAAE886318CCEA3,sd_sddot_bid_tabs_2024_09_04,sd_sddot_2024_09_04,20240904_detail.html,https://apps.sd.gov/HC65C2C/EBS/lettings/09042024abstract.pdf,09042024abstract.pdf,1b3b58d674edf763182abe10d67206077c2503d29ee2f6612434e1999838f1f6,https://apps.sd.gov/HC65C2C/EBS/lettings/09042024final.pdf,09042024final.pdf,6144d32cea7ea9787b03bd3827e3d65364b83e918576ea572869d38fb9f543f9,parsed,
2024-09-18,"September 18, 2024",https://apps.sd.gov/hc65bidletting/bidlettingscompletedetail.aspx?args=0F03BFE651C4DAE88FF2F064AA0D51BA5A921CEBB4121AF8,sd_sddot_bid_tabs_2024_09_18,sd_sddot_2024_09_18,20240918_detail.html,https://apps.sd.gov/HC65C2C/EBS/lettings/09182024abstract.pdf,09182024abstract.pdf,d481222bec7c0a9a46eaaf8a84d6aeefa56c865c371e5409356cdc060c629996,https://apps.sd.gov/HC65C2C/EBS/lettings/09182024final.pdf,09182024final.pdf,6bf3cb0ef53b808a037d74b81295fb5f9445d99e0940e563c9a2c7c669716d25,parsed,
2024-10-02,"October 2, 2024",https://apps.sd.gov/hc65bidletting/bidlettingscompletedetail.aspx?args=0F03BFE651C4DAE8ED3F06AF141C4B36B45D672BCC5E7416,sd_sddot_bid_tabs_2024_10_02,sd_sddot_2024_10_02,20241002_detail.html,https://apps.sd.gov/HC65C2C/EBS/lettings/10022024abstract.pdf,10022024abstract.pdf,f1c33c088ba6e248c4460a1b3d09235436ca9c0f52d6dcd5ba4e59e37691ae7e,https://apps.sd.gov/HC65C2C/EBS/lettings/10022024final.pdf,10022024final.pdf,4de0365de5705f59ec34c2ec3266d076eb3d606404537656e4be3cbd9191d524,parsed,
2024-10-16,"October 16, 2024",https://apps.sd.gov/hc65bidletting/bidlettingscompletedetail.aspx?args=0F03BFE651C4DAE8C551F13919774FD06EE264FF720D5453,sd_sddot_bid_tabs_2024_10_16,sd_sddot_2024_10_16,20241016_detail.html,https://apps.sd.gov/HC65C2C/EBS/lettings/10162024abstract.pdf,10162024abstract.pdf,7822cb737ed34b55f05dda6c7a59b4eab3f1cc3f1d3f15110578f55cfc597bac,https://apps.sd.gov/HC65C2C/EBS/lettings/10162024final.pdf,10162024final.pdf,774fd60db373e64cce8ef8e461fc9e3cfb450c6567185bf94469eafea39f6691,parsed,
2024-11-06,"November 6, 2024",https://apps.sd.gov/hc65bidletting/bidlettingscompletedetail.aspx?args=0F03BFE651C4DAE8A5AB46F1D08E556867C771D40436CF1F,sd_sddot_bid_tabs_2024_11_06,sd_sddot_2024_11_06,20241106_detail.html,https://apps.sd.gov/HC65C2C/EBS/lettings/11062024abstract.pdf,11062024abstract.pdf,91dca724dc2212595d2db9e77fdf52af5a9d25cf64cd603c5a23c59111822745,https://apps.sd.gov/HC65C2C/EBS/lettings/11062024final.pdf,11062024final.pdf,f485b1a3747da5fef7c263602148a6fa61b16a2141b250219ce6aa7b47b04a9b,parsed,
2024-11-20,"November 20, 2024",https://apps.sd.gov/hc65bidletting/bidlettingscompletedetail.aspx?args=0F03BFE651C4DAE8AA4514B8D4EDD0A9781994B9BEBFDA32,sd_sddot_bid_tabs_2024_11_20,sd_sddot_2024_11_20,20241120_detail.html,https://apps.sd.gov/HC65C2C/EBS/lettings/11202024abstract.pdf,11202024abstract.pdf,baa2edd0e1a0243b0212a0c0e165f3eb5b5c08c939e64aefd4d5eab0fb525879,https://apps.sd.gov/HC65C2C/EBS/lettings/11202024final.pdf,11202024final.pdf,5bfd54ed4abda61b4efbf052c2f1d2ddfed1aa201547161f424b88d55c301a8c,parsed,
2024-12-04,"December 4, 2024",https://apps.sd.gov/hc65bidletting/bidlettingscompletedetail.aspx?args=0F03BFE651C4DAE8CBA3AD7A28AB7EFFC3EB9674E9ED35A3,sd_sddot_bid_tabs_2024_12_04,sd_sddot_2024_12_04,20241204_detail.html,https://apps.sd.gov/HC65C2C/EBS/lettings/12042024abstract.pdf,12042024abstract.pdf,1ce884bed18514286b71b3055328e54081d95004065f1bf5486b0bcde4e440bb,https://apps.sd.gov/HC65C2C/EBS/lettings/12042024final.pdf,12042024final.pdf,b0cca657395c56dccdf7875bbff030ba7efc4515ddee782513e30dbdf09b4d55,parsed,
2024-12-11,"December 11, 2024",https://apps.sd.gov/hc65bidletting/bidlettingscompletedetail.aspx?args=0F03BFE651C4DAE8CCD4CD9441920B431351824F888DAF8A,sd_sddot_bid_tabs_2024_12_11,sd_sddot_2024_12_11,20241211_detail.html,https://apps.sd.gov/HC65C2C/EBS/lettings/12112024abstract.pdf,12112024abstract.pdf,175a4f259483ee5520fc9cdec0f52b399640627add30cbcf9991e1cab119cee2,https://apps.sd.gov/HC65C2C/EBS/lettings/12112024final.pdf,12112024final.pdf,8dda941bbde4af59bcc1b2c8b6ad002f24d0de7862b5f94186efe639b1aabb21,parsed,
2025-01-22,"January 22, 2025",https://apps.sd.gov/hc65bidletting/bidlettingscompletedetail.aspx?args=0F03BFE651C4DAE8EB901EFB4B0397FB9DB041B309D4D355,sd_sddot_bid_tabs_2025_01_22,sd_sddot_2025_01_22,20250122_detail.html,https://apps.sd.gov/HC65C2C/EBS/lettings/01222025abstract.pdf,01222025abstract.pdf,8d307c0eaf1eeecec18abcaf02fbab49e41f6198cc795c4dde29b740bebb213f,https://apps.sd.gov/HC65C2C/EBS/lettings/01222025final.pdf,01222025final.pdf,1d2ea5b6d560d5d3075dfa885ff696d3ba51a526db44cebeab37aa99b1159cd0,parsed,
2025-02-05,"February 5, 2025",https://apps.sd.gov/hc65bidletting/bidlettingscompletedetail.aspx?args=0F03BFE651C4DAE8547F0144FB5062BEB9B3F529372A72B3,sd_sddot_bid_tabs_2025_02_05,sd_sddot_2025_02_05,20250205_detail.html,https://apps.sd.gov/HC65C2C/EBS/lettings/02052025abstract.pdf,02052025abstract.pdf,7b597c2e3544f4821ba90c7eeccf5ff9fa5a6dd1cfc4e8abad05b559c996b1d5,https://apps.sd.gov/HC65C2C/EBS/lettings/02052025final.pdf,02052025final.pdf,18dea1a72ddcb671b3751ffec26c55c1bb3d7318d855c4683a0cd766fdac0dea,parsed,
2025-02-12,"February 12, 2025",https://apps.sd.gov/hc65bidletting/bidlettingscompletedetail.aspx?args=0F03BFE651C4DAE8E7CBBB236FD7705A2458328897C9B5E1,sd_sddot_bid_tabs_2025_02_12,sd_sddot_2025_02_12,20250212_detail.html,https://apps.sd.gov/HC65C2C/EBS/lettings/02122025abstract.pdf,02122025abstract.pdf,a84c12f2f8e6ce050a14939c4ee5ab41d8ba09af31069589009766a12853e142,https://apps.sd.gov/HC65C2C/EBS/lettings/02122025final.pdf,02122025final.pdf,0f4b0fbc4334510504adfdea2681f5057c2c475380f0fafb0b667359d8946009,parsed,
2025-02-19,"February 19, 2025",https://apps.sd.gov/hc65bidletting/bidlettingscompletedetail.aspx?args=0F03BFE651C4DAE8CFF3B9BCA1C1D4CB3DD1EEF8CACE152A,sd_sddot_bid_tabs_2025_02_19,sd_sddot_2025_02_19,20250219_detail.html,https://apps.sd.gov/HC65C2C/EBS/lettings/02192025abstract.pdf,02192025abstract.pdf,c78e5415577f8960d325d5f545f721ee39b55cedd547eecce8f39ce0343d3e10,https://apps.sd.gov/HC65C2C/EBS/lettings/02192025final.pdf,02192025final.pdf,795c034a75b83c51139e6751753a95ed8394a69415e97d07df312eedaff67641,parsed,
2025-03-05,"March 5, 2025",https://apps.sd.gov/hc65bidletting/bidlettingscompletedetail.aspx?args=0F03BFE651C4DAE8F9B6B0FC7CBC885FCFEA80043927C380,sd_sddot_bid_tabs_2025_03_05,sd_sddot_2025_03_05,20250305_detail.html,https://apps.sd.gov/HC65C2C/EBS/lettings/03052025abstract.pdf,03052025abstract.pdf,6ee16da28869e531c080df73a9b9304631829486ccc49eac71a1dc5e59555187,https://apps.sd.gov/HC65C2C/EBS/lettings/03052025final.pdf,03052025final.pdf,5d7802f5eb88a8d7796c72ab2471103e1b18eb94b7ea2fc49bbc6a3dc961d8e6,parsed,
2025-03-12,"March 12, 2025",https://apps.sd.gov/hc65bidletting/bidlettingscompletedetail.aspx?args=0F03BFE651C4DAE830A7128C39C7013BDF90103422DC80F7,sd_sddot_bid_tabs_2025_03_12,sd_sddot_2025_03_12,20250312_detail.html,https://apps.sd.gov/HC65C2C/EBS/lettings/03122025abstract.pdf,03122025abstract.pdf,08007634bbc96daba8b1a7a7bc93b353c44810f9244e64dc87bd6bd4c0f439c3,https://apps.sd.gov/HC65C2C/EBS/lettings/03122025final.pdf,03122025final.pdf,8a7a481bd9dc59a86c2039d9539a7f56cda2b688f264862af95f5f02a3095f59,parsed,
2025-03-19,"March 19, 2025",https://apps.sd.gov/hc65bidletting/bidlettingscompletedetail.aspx?args=0F03BFE651C4DAE8DEC6E15099551B138C35689BE45CB8D2,sd_sddot_bid_tabs_2025_03_19,sd_sddot_2025_03_19,20250319_detail.html,https://apps.sd.gov/HC65C2C/EBS/lettings/03192025abstract.pdf,03192025abstract.pdf,7dd4e2750f2e3fe7edd259fd938f848d87c396b5dd45772f925c989f979d893a,https://apps.sd.gov/HC65C2C/EBS/lettings/03192025final.pdf,03192025final.pdf,f67ef998cdb235b6ce78b9a17df79d779050af3bb6dc84b051a2b21c4e40e6ee,parsed,
2025-03-26,"March 26, 2025",https://apps.sd.gov/hc65bidletting/bidlettingscompletedetail.aspx?args=0F03BFE651C4DAE81C07F72EB506239C8F40557DA8A81D04,sd_sddot_bid_tabs_2025_03_26,sd_sddot_2025_03_26,20250326_detail.html,https://apps.sd.gov/HC65C2C/EBS/lettings/03262025abstract.pdf,03262025abstract.pdf,4de7a523d8e50d07a1b1df5c0e11ff607f6b935f6310714d94a2fa1cbd4c1dda,https://apps.sd.gov/HC65C2C/EBS/lettings/03262025final.pdf,03262025final.pdf,7201da5b289d401627a28ebc8342a898c8247d751b0793a0938d3dbd9844fdf3,parsed,
2025-04-02,"April 2, 2025",https://apps.sd.gov/hc65bidletting/bidlettingscompletedetail.aspx?args=0F03BFE651C4DAE8DFF442E890E333ADB64E3EDD02A830D9,sd_sddot_bid_tabs_2025_04_02,sd_sddot_2025_04_02,20250402_detail.html,https://apps.sd.gov/HC65C2C/EBS/lettings/04022025abstract.pdf,04022025abstract.pdf,f4fd2d9257d58456c999660589941f93deaeb269c1dd16aa468384f0b8d25af4,https://apps.sd.gov/HC65C2C/EBS/lettings/04022025final.pdf,04022025final.pdf,ee3666d6f28fb0204328fb0fb595bf9ec3af0fd46bc787d0c5e74f95b5f212be,parsed,
2025-04-16,"April 16, 2025",https://apps.sd.gov/hc65bidletting/bidlettingscompletedetail.aspx?args=0F03BFE651C4DAE80EF33A777EF78CB0DB21CB38C8012957,sd_sddot_bid_tabs_2025_04_16,sd_sddot_2025_04_16,20250416_detail.html,https://apps.sd.gov/HC65C2C/EBS/lettings/04162025abstract.pdf,04162025abstract.pdf,d183090ddd6fb8aea580ec930dafcf5b71b168b15a725eec71930083c391186d,https://apps.sd.gov/HC65C2C/EBS/lettings/04162025final.pdf,04162025final.pdf,08d13123a812f2c623830b808377983ab4e7d025cc68bdb6ea90bb67c59f0ec6,parsed,
2025-05-07,"May 7, 2025",https://apps.sd.gov/hc65bidletting/bidlettingscompletedetail.aspx?args=0F03BFE651C4DAE862EB3553D0A43D15C0BF5593F63CC767,sd_sddot_bid_tabs_2025_05_07,sd_sddot_2025_05_07,20250507_detail.html,https://apps.sd.gov/HC65C2C/EBS/lettings/05072025abstract.pdf,05072025abstract.pdf,c6dd59979920e007961473263b156910ee5c273dcae9f9cb27f6273cf129bb62,https://apps.sd.gov/HC65C2C/EBS/lettings/05072025final.pdf,05072025final.pdf,0db6fee6434af2cf8e0214bec78a832e50a3a0df022b77fb9be7f3bb9f7ecabd,parsed,
2025-05-21,"May 21, 2025",https://apps.sd.gov/hc65bidletting/bidlettingscompletedetail.aspx?args=0F03BFE651C4DAE807D98D94808075F8FA3BA21A828AC19A,sd_sddot_bid_tabs_2025_05_21,sd_sddot_2025_05_21,20250521_detail.html,https://apps.sd.gov/HC65C2C/EBS/lettings/05212025abstract.pdf,05212025abstract.pdf,332edc1f2a25a40d98cbddb6ca37eda52e88fadd64c92f07555443590ddfbeb2,https://apps.sd.gov/HC65C2C/EBS/lettings/05212025final.pdf,05212025final.pdf,5b7b64fa1b7dadd8bc576868a21ba09d5babafb036b0dee812737dc1cc58ef83,parsed,
2025-06-04,"June 4, 2025",https://apps.sd.gov/hc65bidletting/bidlettingscompletedetail.aspx?args=0F03BFE651C4DAE89FFB6708ACDB5077EC8E0D795F44AE91,sd_sddot_bid_tabs_2025_06_04,sd_sddot_2025_06_04,20250604_detail.html,https://apps.sd.gov/HC65C2C/EBS/lettings/06042025abstract.pdf,06042025abstract.pdf,45ce75100ae14ea2c6df50108a08498ea4112092a51e985a8ddce1cc9322a1eb,https://apps.sd.gov/HC65C2C/EBS/lettings/06042025final.pdf,06042025final.pdf,433c4cd676034da7487eff130b08f709376dcb74ac3d16ab7a18b709cb1bc6f2,parsed,
2025-07-02,"July 2, 2025",https://apps.sd.gov/hc65bidletting/bidlettingscompletedetail.aspx?args=0F03BFE651C4DAE89F7F60363F6551A4FC1792F9403D26EF,sd_sddot_bid_tabs_2025_07_02,sd_sddot_2025_07_02,20250702_detail.html,https://apps.sd.gov/HC65C2C/EBS/lettings/07022025abstract.pdf,07022025abstract.pdf,28afd87aabedc2d140de27775e0476846e6a934e7c5a0b3a4e5fc8741e86f9f6,https://apps.sd.gov/HC65C2C/EBS/lettings/07022025final.pdf,07022025final.pdf,61b0af0ef4db14cdbe4915aaf28fe8e08be938140d532a75a0b1bb51b0fd87ae,parsed,
2025-07-16,"July 16, 2025",https://apps.sd.gov/hc65bidletting/bidlettingscompletedetail.aspx?args=0F03BFE651C4DAE8E8F225A1AA88DB5C958A46ACD937FFDE,sd_sddot_bid_tabs_2025_07_16,sd_sddot_2025_07_16,20250716_detail.html,https://apps.sd.gov/HC65C2C/EBS/lettings/07162025abstract.pdf,07162025abstract.pdf,0bf35f47d81ff02b49a319c872a1520fd5ddd22ea1d732531a61c7c88a2b441b,https://apps.sd.gov/HC65C2C/EBS/lettings/07162025final.pdf,07162025final.pdf,d282eee83cd8408b6933c941b44134613aef3498a317c3d69b33311e8e22a80d,parsed,
2025-08-06,"August 6, 2025",https://apps.sd.gov/hc65bidletting/bidlettingscompletedetail.aspx?args=0F03BFE651C4DAE839F237F6746684A0BA60CC75574371F4,sd_sddot_bid_tabs_2025_08_06,sd_sddot_2025_08_06,20250806_detail.html,https://apps.sd.gov/HC65C2C/EBS/lettings/08062025abstract.pdf,08062025abstract.pdf,2284407a23266de4466d642f7264f97bc4b82d53c1b4629270cb41c7e5d09823,https://apps.sd.gov/HC65C2C/EBS/lettings/08062025final.pdf,08062025final.pdf,9be50175f04c6168a97ed0ea4ef7d2984bcf41bddedc08c2481723bf7fb1d6d1,parsed,
2025-08-26,"August 26, 2025",https://apps.sd.gov/hc65bidletting/bidlettingscompletedetail.aspx?args=0F03BFE651C4DAE819F3F2EEDD3079FA288AE0903C643FC3,sd_sddot_bid_tabs_2025_08_26,sd_sddot_2025_08_26,20250826_detail.html,https://apps.sd.gov/HC65C2C/EBS/lettings/08262025abstract.pdf,08262025abstract.pdf,1ffe669213afb36864622001c2ee3260ee66751e5a35b6b8ee8f4597242d234a,https://apps.sd.gov/HC65C2C/EBS/lettings/08262025final.pdf,08262025final.pdf,12dcb51f593871d89e9660be0373bf49b85a641eff38efbc3aed4614f5f7269e,parsed,
2025-08-27,"August 27, 2025",https://apps.sd.gov/hc65bidletting/bidlettingscompletedetail.aspx?args=0F03BFE651C4DAE816BE2120C5AB57100C61C9FADBA29E58,sd_sddot_bid_tabs_2025_08_27,sd_sddot_2025_08_27,20250827_detail.html,https://apps.sd.gov/HC65C2C/EBS/lettings/08272025abstract.pdf,08272025abstract.pdf,,https://apps.sd.gov/HC65C2C/EBS/lettings/08272025final.pdf,08272025final.pdf,,missing_cached_reports,Run with --download-missing-reports.
2025-09-03,"September 3, 2025",https://apps.sd.gov/hc65bidletting/bidlettingscompletedetail.aspx?args=0F03BFE651C4DAE8F6148C073B4A30636B2281FE3B90231C,sd_sddot_bid_tabs_2025_09_03,sd_sddot_2025_09_03,20250903_detail.html,https://apps.sd.gov/HC65C2C/EBS/lettings/09032025abstract.pdf,09032025abstract.pdf,7b7e7b4e3e0fb306700406c5fc9ed7f10f36ef15d0b84872be73c52535df350d,https://apps.sd.gov/HC65C2C/EBS/lettings/09032025final.pdf,09032025final.pdf,e35cf50482221f753bda68acd106d1ac4b67219941b8d4748c9eecb06ff7768c,parsed,
2025-09-17,"September 17, 2025",https://apps.sd.gov/hc65bidletting/bidlettingscompletedetail.aspx?args=0F03BFE651C4DAE87A5A78B9B06C19FC7C058B3F7D99D8B0,sd_sddot_bid_tabs_2025_09_17,sd_sddot_2025_09_17,20250917_detail.html,https://apps.sd.gov/HC65C2C/EBS/lettings/09172025abstract.pdf,09172025abstract.pdf,851f2a7390992344e0a5c58cb4511a25aced776b2b24bb0905cf8763491a40d3,https://apps.sd.gov/HC65C2C/EBS/lettings/09172025final.pdf,09172025final.pdf,2763cb17797d61806b836a44152ad787b81c939a85f253005d87a4ac9e40029d,parsed,
2025-10-01,"October 1, 2025",https://apps.sd.gov/hc65bidletting/bidlettingscompletedetail.aspx?args=0F03BFE651C4DAE8EBD261C59CA6203DA4FAB92537506929,sd_sddot_bid_tabs_2025_10_01,sd_sddot_2025_10_01,20251001_detail.html,https://apps.sd.gov/HC65C2C/EBS/lettings/10012025abstract.pdf,10012025abstract.pdf,a5b5e3e54949f78c75762ba184bd71e10322ea6fca785797dfba669807b61fe7,https://apps.sd.gov/HC65C2C/EBS/lettings/10012025final.pdf,10012025final.pdf,217d2c94eb7f2700f9d8da28f2b6d626412933bb6520631605fecb04f675b272,parsed,
2025-10-15,"October 15, 2025",https://apps.sd.gov/hc65bidletting/bidlettingscompletedetail.aspx?args=0F03BFE651C4DAE88824D2BD00AE70F3F633070C74576440,sd_sddot_bid_tabs_2025_10_15,sd_sddot_2025_10_15,20251015_detail.html,https://apps.sd.gov/HC65C2C/EBS/lettings/10152025abstract.pdf,10152025abstract.pdf,3465331ed758557490c670b6705eeb75f8a7ea39474c5475629f5227de38b51d,https://apps.sd.gov/HC65C2C/EBS/lettings/10152025final.pdf,10152025final.pdf,6327cd70459eaaccd3d4a3c0f114bb44a76539397c2ad6f8468b109c7fbb1146,parsed,
2025-11-05,"November 5, 2025",https://apps.sd.gov/hc65bidletting/bidlettingscompletedetail.aspx?args=0F03BFE651C4DAE8E8DDBE2D3682BB5BF2D08E35583A02ED,sd_sddot_bid_tabs_2025_11_05,sd_sddot_2025_11_05,20251105_detail.html,https://apps.sd.gov/HC65C2C/EBS/lettings/11052025abstract.pdf,11052025abstract.pdf,6d1242264c04e6fda2f5acdd2e7e4a20b495087829642a2b691e1dfc00271f66,https://apps.sd.gov/HC65C2C/EBS/lettings/11052025final.pdf,11052025final.pdf,1edaea6270e2530f1320835a259f6150bf1fabc6aca05bbd473a80ee50798bbd,parsed,
2025-11-19,"November 19, 2025",https://apps.sd.gov/hc65bidletting/bidlettingscompletedetail.aspx?args=0F03BFE651C4DAE89BB9057BFC1AD91E3F24C408A8AC5BC5,sd_sddot_bid_tabs_2025_11_19,sd_sddot_2025_11_19,20251119_detail.html,https://apps.sd.gov/HC65C2C/EBS/lettings/11192025abstract.pdf,11192025abstract.pdf,3310fea86f63c902f75695e5af246abba0e85d142052d104af4e3f7a59feb3e3,https://apps.sd.gov/HC65C2C/EBS/lettings/11192025final.pdf,11192025final.pdf,a63332b07bb717ca8c8de4d81f1f8ba17dd2fa63bc6fa2a4a9793f874ab9a9f3,parsed,
2025-12-03,"December 3, 2025",https://apps.sd.gov/hc65bidletting/bidlettingscompletedetail.aspx?args=0F03BFE651C4DAE81FD83F7D16BA32A9843B548F15431629,sd_sddot_bid_tabs_2025_12_03,sd_sddot_2025_12_03,20251203_detail.html,https://apps.sd.gov/HC65C2C/EBS/lettings/12032025abstract.pdf,12032025abstract.pdf,3abd1bd73fb42e2b8dbf7b711a3d6c4efcf042ded38af3b06569c3b29a5c3e7a,https://apps.sd.gov/HC65C2C/EBS/lettings/12032025final.pdf,12032025final.pdf,097ed8365ed8685405c645550d8c7ac5b754cefc1c2a6012a24a2eb33f162601,parsed,
2025-12-10,"December 10, 2025",https://apps.sd.gov/hc65bidletting/bidlettingscompletedetail.aspx?args=0F03BFE651C4DAE8732C15BD5511FF92F2ACF9C14A36C48F,sd_sddot_bid_tabs_2025_12_10,sd_sddot_2025_12_10,20251210_detail.html,https://apps.sd.gov/HC65C2C/EBS/lettings/12102025abstract.pdf,12102025abstract.pdf,8e4d7cfde436587ce3f5b5557fb8acde23c778a58a251daaed2fcc0f05cd248b,https://apps.sd.gov/HC65C2C/EBS/lettings/12102025final.pdf,12102025final.pdf,84bbfe460c2fd7f9a719ffaa587e406d6ddb1dd6981cbd7ddb30c43c6d309b30,parsed,
2026-01-21,"January 21, 2026",https://apps.sd.gov/hc65bidletting/bidlettingscompletedetail.aspx?args=0F03BFE651C4DAE88C450854660F76BEB864D8FB27DE9C6A,sd_sddot_bid_tabs_2026_01_21,sd_sddot_2026_01_21,20260121_detail.html,https://apps.sd.gov/HC65C2C/EBS/lettings/01212026abstract.pdf,01212026abstract.pdf,1d2225ac92cb3990f4fc969cc76a405c2b1c6768f37c77ddb8fdb143b8490b68,https://apps.sd.gov/HC65C2C/EBS/lettings/01212026final.pdf,01212026final.pdf,7f4a78090e5284cb3735d838882f9f5660bcfdc4c8c7d4af37d0e304c8ea9b0c,parsed,
2026-02-04,"February 4, 2026",https://apps.sd.gov/hc65bidletting/bidlettingscompletedetail.aspx?args=0F03BFE651C4DAE8A1C7B9BB4100BABE68D0A4C4F7D353F7,sd_sddot_bid_tabs_2026_02_04,sd_sddot_2026_02_04,20260204_detail.html,https://apps.sd.gov/HC65C2C/EBS/lettings/02042026abstract.pdf,02042026abstract.pdf,87411721331c6efa1b4756b9065d89100122583103093193ed34534e78f004a8,https://apps.sd.gov/HC65C2C/EBS/lettings/02042026final.pdf,02042026final.pdf,b1103f1a18a04a3def605f5ba8630b7790e5fb453c68d3c57afe33ec6c14cde1,parsed,
2026-02-18,"February 18, 2026",https://apps.sd.gov/hc65bidletting/bidlettingscompletedetail.aspx?args=0F03BFE651C4DAE8C09A9383C73BCC8E3DE7CB5970594276,sd_sddot_bid_tabs_2026_02_18,sd_sddot_2026_02_18,20260218_detail.html,https://apps.sd.gov/HC65C2C/EBS/lettings/02182026abstract.pdf,02182026abstract.pdf,cf8491c33fa250dd3a5a5b5adeab377d3cc68e051656125820c89af35764a286,https://apps.sd.gov/HC65C2C/EBS/lettings/02182026final.pdf,02182026final.pdf,014a1bbc1467c81bf9537e2d2c30765c1ec83fcf98a0e55a90ee81d1a1668d1f,parsed,
2026-03-04,"March 4, 2026",https://apps.sd.gov/hc65bidletting/bidlettingscompletedetail.aspx?args=0F03BFE651C4DAE8DA72747D1C31E300D75943F372E9B714,sd_sddot_bid_tabs_2026_03_04,sd_sddot_2026_03_04,20260304_detail.html,https://apps.sd.gov/HC65C2C/EBS/lettings/03042026abstract.pdf,03042026abstract.pdf,640922bcbf17eb417fcfc985f879b12145e3d4ab1015103d79e89d01464f043c,https://apps.sd.gov/HC65C2C/EBS/lettings/03042026final.pdf,03042026final.pdf,780de8de05fa8e07ac5a44eebd4ca94dd631c3f63c26d8e3b348e506bfe02c0b,parsed,
2026-03-18,"March 18, 2026",https://apps.sd.gov/hc65bidletting/bidlettingscompletedetail.aspx?args=0F03BFE651C4DAE8DC60F504D34385499C593012609FEFB6,sd_sddot_bid_tabs_2026_03_18,sd_sddot_2026_03_18,20260318_detail.html,https://apps.sd.gov/HC65C2C/EBS/lettings/03182026abstract.pdf,03182026abstract.pdf,226c123e1564832d12d7af5630ca4bce6c9ed368ad02cba55cb3e917074abb8a,https://apps.sd.gov/HC65C2C/EBS/lettings/03182026final.pdf,03182026final.pdf,9c53a5015e0fa4b28b962b5f3883d40be96dcd325fc3a28801ef839f7349d952,parsed,
2026-04-01,"April 1, 2026",https://apps.sd.gov/hc65bidletting/bidlettingscompletedetail.aspx?args=0F03BFE651C4DAE815943BD20402923E4919C01C484547A9,sd_sddot_bid_tabs_2026_04_01,sd_sddot_2026_04_01,20260401_detail.html,https://apps.sd.gov/HC65C2C/EBS/lettings/04012026abstract.pdf,04012026abstract.pdf,46587631d30cfe172fd4da1cccd2339b4a308fb52ed6c813ad0932ef6d68b942,https://apps.sd.gov/HC65C2C/EBS/lettings/04012026final.pdf,04012026final.pdf,3dd6e8b1f50a01c326c6fffba97e75bf9410bc94b08d593c53ac8fa734789767,parsed,
2026-04-15,"April 15, 2026",https://apps.sd.gov/hc65bidletting/bidlettingscompletedetail.aspx?args=0F03BFE651C4DAE8CBB9F879ACB146FE0679A2B6DE4661DC,sd_sddot_bid_tabs_2026_04_15,sd_sddot_2026_04_15,20260415_detail.html,https://apps.sd.gov/HC65C2C/EBS/lettings/04152026abstract.pdf,04152026abstract.pdf,a34a65ef2bb6354bfcd29e39975eaa2b725df129350457d4194abab5d9cc44ac,https://apps.sd.gov/HC65C2C/EBS/lettings/04152026final.pdf,04152026final.pdf,3a4b5176859544d1c2e480ec068479ca0f4ee2413b8362d98da775ee9658860f,parsed,
2026-05-06,"May 6, 2026",https://apps.sd.gov/hc65bidletting/bidlettingscompletedetail.aspx?args=0F03BFE651C4DAE8E978466C95244080B0AEEC3AD011F23F,sd_sddot_bid_tabs_2026_05_06,sd_sddot_2026_05_06,20260506_detail.html,https://apps.sd.gov/HC65C2C/EBS/lettings/05062026abstract.pdf,05062026abstract.pdf,ba610d6c9fb9e061dce2acb558a0b2c8dcfcb7820368573c9a51eb535f035f27,https://apps.sd.gov/HC65C2C/EBS/lettings/05062026final.pdf,05062026final.pdf,905e39f515a2bf95db0111280f527732d55fa1998bca54d824c03978f7028958,parsed,
2026-05-13,"May 13, 2026",https://apps.sd.gov/hc65bidletting/bidlettingscompletedetail.aspx?args=0F03BFE651C4DAE8848C5E84FB6E99516C84CBA71391C846,sd_sddot_bid_tabs_2026_05_13,sd_sddot_2026_05_13,20260513_detail.html,https://apps.sd.gov/HC65C2C/EBS/lettings/05132026abstract.pdf,05132026abstract.pdf,bb456f3a287a73259f4bc44c17a666836d7b83142b59e4dbcc716043c9a4eba5,https://apps.sd.gov/HC65C2C/EBS/lettings/05132026final.pdf,05132026final.pdf,b7a3a037469192bb5ccca7ae8b078249bb39c9ad0dc048a7e860a028c33060cc,parsed,
2026-05-20,"May 20, 2026",https://apps.sd.gov/hc65bidletting/bidlettingscompletedetail.aspx?args=0F03BFE651C4DAE89AF403A39A63559197CBB8DA68EE4BF4,sd_sddot_bid_tabs_2026_05_20,sd_sddot_2026_05_20,20260520_detail.html,https://apps.sd.gov/HC65C2C/EBS/lettings/05202026abstract.pdf,05202026abstract.pdf,f1cd84eff4c987eb6d560f54c100a9b276680a3e16cf8e53c301df4944f18cbd,https://apps.sd.gov/HC65C2C/EBS/lettings/05202026final.pdf,05202026final.pdf,861d062a7e2218679f137dd8df56dfa908a5e7ef1b38dfe2b0b265cce3bf56fd,parsed,
2026-05-27,"May 27, 2026",https://apps.sd.gov/hc65bidletting/bidlettingscompletedetail.aspx?args=0F03BFE651C4DAE8EC64A6C5F8474B6B915AAEF80657B291,sd_sddot_bid_tabs_2026_05_27,sd_sddot_2026_05_27,20260527_detail.html,https://apps.sd.gov/HC65C2C/EBS/lettings/05272026abstract.pdf,05272026abstract.pdf,eaac5486eff5acd5dd9d9c60e1df2b582c5848bede120f0479c9960619d78570,https://apps.sd.gov/HC65C2C/EBS/lettings/05272026final.pdf,05272026final.pdf,f118051f2d6ec22a5caddbb4de5e07bae193931624d8695feba6847900cdcf99,parsed,
